# Blender 4.4.3
# www.blender.org
g TextFCG
v -1.080000 -0.000000 -0.160000
v -1.080000 -0.000000 -0.140000
v -1.080000 -0.000000 -0.100000
v -1.080000 -0.000000 -0.060000
v -1.080000 -0.000000 -0.020000
v -1.060000 -0.000000 -0.160000
v -1.060000 -0.000000 -0.140000
v -1.060000 -0.000000 -0.100000
v -1.060000 -0.000000 -0.060000
v -1.060000 -0.000000 -0.020000
v -1.020000 -0.000000 -0.160000
v -1.020000 -0.000000 -0.140000
v -1.020000 -0.000000 -0.100000
v -1.020000 -0.000000 -0.060000
v -1.020000 -0.000000 -0.020000
v -0.980000 -0.000000 -0.160000
v -0.980000 -0.000000 -0.140000
v -0.980000 -0.000000 -0.100000
v -0.980000 -0.000000 -0.060000
v -0.980000 -0.000000 -0.020000
v -0.940000 -0.000000 -0.160000
v -0.940000 -0.000000 -0.140000
v -0.940000 -0.000000 -0.100000
v -0.940000 -0.000000 -0.060000
v -0.940000 -0.000000 -0.020000
v -0.920000 -0.000000 -0.160000
v -0.920000 -0.000000 -0.140000
v -0.920000 -0.000000 -0.100000
v -0.920000 -0.000000 -0.060000
v -0.920000 -0.000000 -0.020000
v -0.084398 -0.001342 -0.161551
v -0.086597 -0.002013 -0.140000
v -0.086597 -0.002013 -0.100000
v -0.086597 -0.002013 -0.060000
v -0.086597 -0.002013 -0.020000
v -0.060000 -0.003659 -0.163663
v -0.060000 -0.007650 -0.140000
v -0.060000 -0.007981 -0.100000
v -0.060000 -0.007981 -0.060000
v -0.060000 -0.007981 -0.020000
v -0.020000 -0.005489 -0.165000
v -0.020000 -0.012148 -0.140000
v -0.020000 -0.013317 -0.100000
v -0.020000 -0.013317 -0.060000
v -0.020000 -0.013317 -0.020000
v -1.080000 -0.000000 0.020000
v -1.080000 -0.000000 0.060000
v -1.080000 -0.000000 0.100000
v -1.080000 -0.000000 0.140000
v -1.080000 -0.000000 0.160000
v -1.060000 -0.000000 0.020000
v -1.060000 -0.000000 0.060000
v -1.060000 -0.000000 0.100000
v -1.060000 -0.000000 0.140000
v -1.060000 -0.000000 0.160000
v -1.020000 -0.000000 0.020000
v -1.020000 -0.000000 0.060000
v -1.020000 -0.000000 0.100000
v -1.020000 -0.000000 0.140000
v -1.020000 -0.000000 0.160000
v -0.980000 -0.000000 0.020000
v -0.980000 -0.000000 0.060000
v -0.980000 -0.000000 0.100000
v -0.980000 -0.000000 0.140000
v -0.980000 -0.000000 0.160000
v -0.940000 -0.000000 0.020000
v -0.940000 -0.000000 0.060000
v -0.940000 -0.000000 0.100000
v -0.940000 -0.000000 0.140000
v -0.940000 -0.000000 0.160000
v -0.920000 -0.000000 0.020000
v -0.920000 -0.000000 0.060000
v -0.920000 -0.000000 0.100000
v -0.920000 -0.000000 0.140000
v -0.920000 -0.000000 0.160000
v -0.086597 -0.002013 0.020000
v -0.086597 -0.002013 0.060000
v -0.086597 -0.002013 0.100000
v -0.086597 -0.002013 0.140000
v -0.084398 -0.001342 0.161551
v -0.060000 -0.007981 0.020000
v -0.060000 -0.007981 0.060000
v -0.060000 -0.007981 0.100000
v -0.060000 -0.007650 0.140000
v -0.060000 -0.003659 0.163663
v -0.020000 -0.013317 0.020000
v -0.020000 -0.013317 0.060000
v -0.020000 -0.013317 0.100000
v -0.020000 -0.012148 0.140000
v -0.020000 -0.005489 0.165000
v -1.082728 0.020000 -0.162500
v -1.086061 0.020000 -0.140000
v -1.086667 0.020000 -0.100000
v -1.086667 0.020000 -0.060000
v -1.086667 0.020000 -0.020000
v -1.085455 0.060000 -0.165000
v -1.092121 0.060000 -0.140000
v -1.093333 0.060000 -0.100000
v -1.093333 0.060000 -0.060000
v -1.093333 0.060000 -0.020000
v -1.085455 0.100000 -0.165000
v -1.092121 0.100000 -0.140000
v -1.093333 0.100000 -0.100000
v -1.093333 0.100000 -0.060000
v -1.093333 0.100000 -0.020000
v -1.085455 0.140000 -0.165000
v -1.092121 0.140000 -0.140000
v -1.093333 0.140000 -0.100000
v -1.093333 0.140000 -0.060000
v -1.093333 0.140000 -0.020000
v -1.085455 0.180000 -0.165000
v -1.092121 0.180000 -0.140000
v -1.093333 0.180000 -0.100000
v -1.093333 0.180000 -0.060000
v -1.093333 0.180000 -0.020000
v -1.085455 0.220000 -0.165000
v -1.092121 0.220000 -0.140000
v -1.093333 0.220000 -0.100000
v -1.093333 0.220000 -0.060000
v -1.093333 0.220000 -0.020000
v -1.085455 0.260000 -0.165000
v -1.092121 0.260000 -0.140000
v -1.093333 0.260000 -0.100000
v -1.093333 0.260000 -0.060000
v -1.093333 0.260000 -0.020000
v -1.085455 0.300000 -0.165000
v -1.092121 0.300000 -0.140000
v -1.093333 0.300000 -0.100000
v -1.093333 0.300000 -0.060000
v -1.093333 0.300000 -0.020000
v -1.060000 0.020000 -0.165000
v -1.060000 0.060000 -0.170000
v -1.060000 0.100000 -0.170000
v -1.060000 0.140000 -0.170000
v -1.060000 0.180000 -0.170000
v -1.060000 0.220000 -0.170000
v -1.060000 0.260000 -0.170000
v -1.060000 0.300000 -0.170000
v -1.020000 0.020000 -0.165000
v -1.020000 0.060000 -0.170000
v -1.020000 0.100000 -0.170000
v -1.020000 0.140000 -0.170000
v -1.020000 0.180000 -0.170000
v -1.020000 0.220000 -0.170000
v -1.020000 0.260000 -0.170000
v -1.020000 0.300000 -0.170000
v -0.980000 0.020000 -0.165000
v -0.980000 0.060000 -0.170000
v -0.980000 0.100000 -0.170000
v -0.980000 0.140000 -0.170000
v -0.980000 0.180000 -0.170000
v -0.980000 0.220000 -0.170000
v -0.980000 0.260000 -0.170000
v -0.980000 0.300000 -0.170000
v -1.085455 0.340000 -0.165000
v -1.092121 0.340000 -0.140000
v -1.093333 0.340000 -0.100000
v -1.093333 0.340000 -0.060000
v -1.093333 0.340000 -0.020000
v -1.085455 0.380000 -0.165000
v -1.092121 0.380000 -0.140000
v -1.093333 0.380000 -0.100000
v -1.093333 0.380000 -0.060000
v -1.093333 0.380000 -0.020000
v -1.085455 0.420000 -0.165000
v -1.092121 0.420000 -0.140000
v -1.093333 0.420000 -0.100000
v -1.093333 0.420000 -0.060000
v -1.093333 0.420000 -0.020000
v -1.085455 0.460000 -0.165000
v -1.092121 0.460000 -0.140000
v -1.093333 0.460000 -0.100000
v -1.093333 0.460000 -0.060000
v -1.093333 0.460000 -0.020000
v -1.085455 0.500000 -0.165000
v -1.092121 0.500000 -0.140000
v -1.093333 0.500000 -0.100000
v -1.093333 0.500000 -0.060000
v -1.093333 0.500000 -0.020000
v -1.085455 0.540000 -0.165000
v -1.092121 0.540000 -0.140000
v -1.093333 0.540000 -0.100000
v -1.093333 0.540000 -0.060000
v -1.093333 0.540000 -0.020000
v -1.085455 0.580000 -0.165000
v -1.092121 0.580000 -0.140000
v -1.093333 0.580000 -0.100000
v -1.093333 0.580000 -0.060000
v -1.093333 0.580000 -0.020000
v -1.085455 0.620000 -0.165000
v -1.092121 0.620000 -0.140000
v -1.093333 0.620000 -0.100000
v -1.093333 0.620000 -0.060000
v -1.093333 0.620000 -0.020000
v -1.060000 0.340000 -0.170000
v -1.060000 0.380000 -0.170000
v -1.060000 0.420000 -0.170000
v -1.060000 0.460000 -0.170000
v -1.060000 0.500000 -0.170000
v -1.060000 0.540000 -0.170000
v -1.060000 0.580000 -0.170000
v -1.060000 0.620000 -0.170000
v -1.020000 0.340000 -0.170000
v -1.020000 0.380000 -0.170000
v -1.020000 0.420000 -0.170000
v -1.020000 0.460000 -0.170000
v -1.020000 0.500000 -0.170000
v -1.020000 0.540000 -0.170000
v -1.020000 0.580000 -0.170000
v -1.020000 0.620000 -0.170000
v -0.980000 0.340000 -0.170000
v -0.980000 0.380000 -0.170000
v -0.980000 0.420000 -0.170000
v -0.980000 0.460000 -0.170000
v -0.980000 0.500000 -0.170000
v -0.980000 0.540000 -0.170000
v -0.980000 0.580000 -0.170000
v -0.980000 0.620000 -0.170000
v -1.085455 0.660000 -0.165000
v -1.092121 0.660000 -0.140000
v -1.093333 0.660000 -0.100000
v -1.093333 0.660000 -0.060000
v -1.093333 0.660000 -0.020000
v -1.085455 0.700000 -0.165000
v -1.092121 0.700000 -0.140000
v -1.093333 0.700000 -0.100000
v -1.093333 0.700000 -0.060000
v -1.093333 0.700000 -0.020000
v -1.085455 0.740000 -0.165000
v -1.092121 0.740000 -0.140000
v -1.093333 0.740000 -0.100000
v -1.093333 0.740000 -0.060000
v -1.093333 0.740000 -0.020000
v -1.085455 0.780000 -0.165000
v -1.092121 0.780000 -0.140000
v -1.093333 0.780000 -0.100000
v -1.093333 0.780000 -0.060000
v -1.093333 0.780000 -0.020000
v -1.085455 0.820000 -0.165000
v -1.092121 0.820000 -0.140000
v -1.093333 0.820000 -0.100000
v -1.093333 0.820000 -0.060000
v -1.093333 0.820000 -0.020000
v -1.085455 0.860000 -0.165000
v -1.092121 0.860000 -0.140000
v -1.093333 0.860000 -0.100000
v -1.093333 0.860000 -0.060000
v -1.093333 0.860000 -0.020000
v -1.085455 0.900000 -0.165000
v -1.091645 0.900000 -0.140000
v -1.092381 0.900000 -0.100000
v -1.092381 0.900000 -0.060000
v -1.092381 0.900000 -0.020000
v -1.083637 0.923390 -0.163333
v -1.085585 0.925209 -0.140000
v -1.085715 0.925334 -0.100000
v -1.085715 0.925334 -0.060000
v -1.085715 0.925334 -0.020000
v -1.060000 0.660000 -0.170000
v -1.060000 0.700000 -0.170000
v -1.060000 0.740000 -0.170000
v -1.060000 0.780000 -0.170000
v -1.060000 0.820000 -0.170000
v -1.060000 0.860000 -0.170000
v -1.060000 0.900000 -0.170000
v -1.060000 0.925085 -0.165000
v -1.060000 0.930418 -0.140000
v -1.060000 0.930667 -0.100000
v -1.060000 0.930667 -0.060000
v -1.060000 0.930667 -0.020000
v -1.020000 0.660000 -0.170000
v -1.020000 0.700000 -0.170000
v -1.020000 0.740000 -0.170000
v -1.020000 0.780000 -0.170000
v -1.020000 0.820000 -0.170000
v -1.020000 0.860000 -0.170000
v -1.020000 0.900000 -0.170000
v -1.020000 0.925085 -0.165000
v -1.020000 0.930418 -0.140000
v -1.020000 0.930667 -0.100000
v -1.020000 0.930667 -0.060000
v -1.020000 0.930667 -0.020000
v -0.980000 0.660000 -0.170000
v -0.980000 0.700000 -0.170000
v -0.980000 0.740000 -0.170000
v -0.980000 0.780000 -0.170000
v -0.980000 0.820000 -0.170000
v -0.980000 0.860000 -0.170000
v -0.980000 0.900000 -0.170000
v -0.980000 0.925085 -0.165000
v -0.980000 0.930418 -0.140000
v -0.980000 0.930667 -0.100000
v -0.980000 0.930667 -0.060000
v -0.980000 0.930667 -0.020000
v -0.940000 0.020000 -0.165000
v -0.940000 0.060000 -0.170000
v -0.940000 0.100000 -0.170000
v -0.940000 0.140000 -0.170000
v -0.940000 0.180000 -0.170000
v -0.940000 0.220000 -0.170000
v -0.940000 0.260000 -0.170000
v -0.940000 0.300000 -0.170000
v -0.915714 0.020000 -0.162500
v -0.909048 0.020000 -0.140000
v -0.906667 0.020000 -0.100000
v -0.906667 0.020000 -0.060000
v -0.906667 0.020000 -0.020000
v -0.911429 0.060000 -0.165000
v -0.898095 0.060000 -0.140000
v -0.893333 0.060000 -0.100000
v -0.893333 0.060000 -0.060000
v -0.893333 0.060000 -0.020000
v -0.911429 0.100000 -0.165000
v -0.898095 0.100000 -0.140000
v -0.893333 0.100000 -0.100000
v -0.893333 0.100000 -0.060000
v -0.893333 0.100000 -0.020000
v -0.911429 0.140000 -0.165000
v -0.898095 0.140000 -0.140000
v -0.893333 0.140000 -0.100000
v -0.893333 0.140000 -0.060000
v -0.893333 0.140000 -0.020000
v -0.911429 0.180000 -0.165000
v -0.898095 0.180000 -0.140000
v -0.893333 0.180000 -0.100000
v -0.893333 0.180000 -0.060000
v -0.893333 0.180000 -0.020000
v -0.911429 0.220000 -0.165000
v -0.898095 0.220000 -0.140000
v -0.893333 0.220000 -0.100000
v -0.893333 0.220000 -0.060000
v -0.893333 0.220000 -0.020000
v -0.911429 0.260000 -0.165000
v -0.898095 0.260000 -0.140000
v -0.893333 0.260000 -0.100000
v -0.893333 0.260000 -0.060000
v -0.893333 0.260000 -0.020000
v -0.911429 0.300000 -0.165000
v -0.898095 0.300000 -0.140000
v -0.893333 0.300000 -0.100000
v -0.893333 0.300000 -0.060000
v -0.893333 0.300000 -0.020000
v -0.940000 0.340000 -0.170000
v -0.940000 0.380000 -0.170000
v -0.940000 0.420000 -0.170000
v -0.940000 0.460000 -0.170000
v -0.940000 0.500000 -0.170000
v -0.940000 0.540000 -0.170000
v -0.940000 0.580000 -0.170000
v -0.940000 0.620000 -0.170000
v -0.908837 0.340000 -0.165000
v -0.889737 0.341854 -0.140148
v -0.886667 0.334634 -0.100000
v -0.886667 0.334634 -0.060000
v -0.886667 0.334634 -0.020000
v -0.898499 0.378498 -0.166000
v -0.884164 0.364164 -0.153580
v -0.900000 0.420000 -0.170000
v -0.900000 0.460000 -0.170000
v -0.900000 0.500000 -0.170000
v -0.900000 0.540000 -0.168661
v -0.900481 0.577926 -0.164929
v -0.888343 0.589581 -0.140000
v -0.885485 0.594347 -0.100000
v -0.885485 0.594347 -0.060000
v -0.885485 0.594347 -0.020000
v -0.911315 0.620000 -0.165000
v -0.897391 0.620000 -0.140000
v -0.892151 0.620000 -0.100000
v -0.892151 0.620000 -0.060000
v -0.892151 0.620000 -0.020000
v -0.877992 0.356423 -0.126913
v -0.876987 0.354634 -0.100000
v -0.876987 0.354634 -0.060000
v -0.876987 0.354634 -0.020000
v -0.860000 0.390496 -0.165000
v -0.862795 0.374165 -0.140148
v -0.856987 0.374420 -0.100000
v -0.856987 0.374420 -0.060000
v -0.856987 0.374420 -0.020000
v -0.860000 0.420000 -0.170000
v -0.860000 0.460000 -0.170000
v -0.860000 0.500000 -0.170000
v -0.860983 0.540800 -0.164929
v -0.848297 0.554333 -0.140000
v -0.844136 0.556667 -0.100000
v -0.844136 0.556667 -0.060000
v -0.844136 0.556667 -0.020000
v -0.874972 0.563210 -0.161548
v -0.868297 0.569581 -0.140000
v -0.864136 0.574347 -0.100000
v -0.864136 0.574347 -0.060000
v -0.864136 0.574347 -0.020000
v -0.820000 0.394831 -0.165000
v -0.820000 0.389374 -0.140000
v -0.820000 0.389087 -0.100000
v -0.820000 0.389087 -0.060000
v -0.820000 0.389087 -0.020000
v -0.820000 0.420000 -0.170000
v -0.820000 0.460000 -0.170000
v -0.820000 0.500000 -0.170000
v -0.820000 0.532000 -0.165000
v -0.820000 0.548667 -0.140000
v -0.820000 0.553333 -0.100000
v -0.820000 0.553333 -0.060000
v -0.820000 0.553333 -0.020000
v -0.780000 0.394915 -0.165000
v -0.780000 0.389582 -0.140000
v -0.780000 0.389333 -0.100000
v -0.780000 0.389333 -0.060000
v -0.780000 0.389333 -0.020000
v -0.780000 0.420000 -0.170000
v -0.780000 0.460000 -0.170000
v -0.780000 0.500000 -0.170000
v -0.780000 0.532000 -0.165000
v -0.780000 0.548667 -0.140000
v -0.780000 0.553333 -0.100000
v -0.780000 0.553333 -0.060000
v -0.780000 0.553333 -0.020000
v -0.740000 0.394915 -0.165000
v -0.740000 0.389582 -0.140000
v -0.740000 0.389333 -0.100000
v -0.740000 0.389333 -0.060000
v -0.740000 0.389333 -0.020000
v -0.740000 0.420000 -0.170000
v -0.740000 0.460000 -0.170000
v -0.740000 0.500000 -0.170000
v -0.740000 0.532000 -0.165000
v -0.740000 0.548667 -0.140000
v -0.740000 0.553333 -0.100000
v -0.740000 0.553333 -0.060000
v -0.740000 0.553333 -0.020000
v -0.700000 0.394915 -0.165000
v -0.700000 0.389582 -0.140000
v -0.700000 0.389333 -0.100000
v -0.700000 0.389333 -0.060000
v -0.700000 0.389333 -0.020000
v -0.700000 0.420000 -0.170000
v -0.700000 0.460000 -0.170000
v -0.700000 0.500000 -0.170000
v -0.700000 0.532000 -0.165000
v -0.700000 0.548667 -0.140000
v -0.700000 0.553333 -0.100000
v -0.700000 0.553333 -0.060000
v -0.700000 0.553333 -0.020000
v -0.660000 0.394915 -0.165000
v -0.660000 0.389582 -0.140000
v -0.660000 0.389333 -0.100000
v -0.660000 0.389333 -0.060000
v -0.660000 0.389333 -0.020000
v -0.660000 0.420000 -0.170000
v -0.660000 0.460000 -0.170000
v -0.660000 0.500000 -0.170000
v -0.660000 0.532000 -0.165000
v -0.660000 0.548667 -0.140000
v -0.660000 0.553333 -0.100000
v -0.660000 0.553333 -0.060000
v -0.660000 0.553333 -0.020000
v -0.940000 0.660000 -0.170000
v -0.940000 0.700000 -0.170000
v -0.940000 0.740000 -0.170000
v -0.940000 0.780000 -0.170000
v -0.940000 0.820000 -0.170000
v -0.940000 0.860000 -0.170000
v -0.940000 0.900000 -0.170000
v -0.940000 0.925085 -0.165000
v -0.940000 0.930418 -0.140000
v -0.940000 0.930667 -0.100000
v -0.940000 0.930667 -0.060000
v -0.940000 0.930667 -0.020000
v -0.911429 0.660000 -0.165000
v -0.898095 0.660000 -0.140000
v -0.893333 0.660000 -0.100000
v -0.893333 0.660000 -0.060000
v -0.893333 0.660000 -0.020000
v -0.911315 0.700000 -0.165000
v -0.897391 0.700000 -0.140000
v -0.892151 0.700000 -0.100000
v -0.892151 0.700000 -0.060000
v -0.892151 0.700000 -0.020000
v -0.900481 0.742074 -0.164929
v -0.888343 0.730420 -0.140000
v -0.885485 0.725654 -0.100000
v -0.885485 0.725654 -0.060000
v -0.885485 0.725654 -0.020000
v -0.900000 0.780000 -0.168661
v -0.900000 0.820000 -0.170000
v -0.900000 0.860000 -0.170000
v -0.900000 0.900000 -0.170000
v -0.900000 0.925085 -0.165000
v -0.900000 0.930418 -0.140000
v -0.900000 0.930667 -0.100000
v -0.900000 0.930667 -0.060000
v -0.900000 0.930667 -0.020000
v -0.874972 0.756790 -0.161548
v -0.868297 0.750420 -0.140000
v -0.864136 0.745654 -0.100000
v -0.864136 0.745654 -0.060000
v -0.864136 0.745654 -0.020000
v -0.860983 0.779200 -0.164929
v -0.848297 0.765667 -0.140000
v -0.844136 0.763333 -0.100000
v -0.844136 0.763333 -0.060000
v -0.844136 0.763333 -0.020000
v -0.860000 0.820000 -0.170000
v -0.860000 0.860000 -0.170000
v -0.860000 0.900000 -0.170000
v -0.860000 0.925085 -0.165000
v -0.860000 0.930418 -0.140000
v -0.860000 0.930667 -0.100000
v -0.860000 0.930667 -0.060000
v -0.860000 0.930667 -0.020000
v -0.820000 0.788000 -0.165000
v -0.820000 0.771333 -0.140000
v -0.820000 0.766667 -0.100000
v -0.820000 0.766667 -0.060000
v -0.820000 0.766667 -0.020000
v -0.820000 0.820000 -0.170000
v -0.820000 0.860000 -0.170000
v -0.820000 0.900000 -0.170000
v -0.820000 0.925085 -0.165000
v -0.820000 0.930418 -0.140000
v -0.820000 0.930667 -0.100000
v -0.820000 0.930667 -0.060000
v -0.820000 0.930667 -0.020000
v -0.780000 0.788000 -0.165000
v -0.780000 0.771333 -0.140000
v -0.780000 0.766667 -0.100000
v -0.780000 0.766667 -0.060000
v -0.780000 0.766667 -0.020000
v -0.780000 0.820000 -0.170000
v -0.780000 0.860000 -0.170000
v -0.780000 0.900000 -0.170000
v -0.780000 0.925085 -0.165000
v -0.780000 0.930418 -0.140000
v -0.780000 0.930667 -0.100000
v -0.780000 0.930667 -0.060000
v -0.780000 0.930667 -0.020000
v -0.740000 0.788000 -0.165000
v -0.740000 0.771333 -0.140000
v -0.740000 0.766667 -0.100000
v -0.740000 0.766667 -0.060000
v -0.740000 0.766667 -0.020000
v -0.740000 0.820000 -0.170000
v -0.740000 0.860000 -0.170000
v -0.740000 0.900000 -0.170000
v -0.740000 0.925085 -0.165000
v -0.740000 0.930418 -0.140000
v -0.740000 0.930667 -0.100000
v -0.740000 0.930667 -0.060000
v -0.740000 0.930667 -0.020000
v -0.700000 0.788000 -0.165000
v -0.700000 0.771333 -0.140000
v -0.700000 0.766667 -0.100000
v -0.700000 0.766667 -0.060000
v -0.700000 0.766667 -0.020000
v -0.700000 0.820000 -0.170000
v -0.700000 0.860000 -0.170000
v -0.700000 0.900000 -0.170000
v -0.700000 0.925085 -0.165000
v -0.700000 0.930418 -0.140000
v -0.700000 0.930667 -0.100000
v -0.700000 0.930667 -0.060000
v -0.700000 0.930667 -0.020000
v -0.660000 0.788000 -0.165000
v -0.660000 0.771333 -0.140000
v -0.660000 0.766667 -0.100000
v -0.660000 0.766667 -0.060000
v -0.660000 0.766667 -0.020000
v -0.660000 0.820000 -0.170000
v -0.660000 0.860000 -0.170000
v -0.660000 0.900000 -0.170000
v -0.660000 0.925085 -0.165000
v -0.660000 0.930418 -0.140000
v -0.660000 0.930667 -0.100000
v -0.660000 0.930667 -0.060000
v -0.660000 0.930667 -0.020000
v -0.322272 0.271089 -0.162430
v -0.323408 0.266633 -0.140000
v -0.323408 0.266633 -0.100000
v -0.323408 0.266633 -0.060000
v -0.323408 0.266633 -0.020000
v -0.324579 0.300000 -0.164322
v -0.329970 0.300000 -0.140000
v -0.330783 0.300000 -0.100000
v -0.330783 0.300000 -0.060000
v -0.330783 0.300000 -0.020000
v -0.620000 0.394915 -0.165000
v -0.620000 0.389582 -0.140000
v -0.620000 0.389333 -0.100000
v -0.620000 0.389333 -0.060000
v -0.620000 0.389333 -0.020000
v -0.620000 0.420000 -0.170000
v -0.620000 0.460000 -0.170000
v -0.620000 0.500000 -0.170000
v -0.620000 0.532000 -0.165000
v -0.620000 0.548667 -0.140000
v -0.620000 0.553333 -0.100000
v -0.620000 0.553333 -0.060000
v -0.620000 0.553333 -0.020000
v -0.580000 0.394915 -0.165000
v -0.580000 0.389582 -0.140000
v -0.580000 0.389333 -0.100000
v -0.580000 0.389333 -0.060000
v -0.580000 0.389333 -0.020000
v -0.580000 0.420000 -0.170000
v -0.580000 0.460000 -0.170000
v -0.580000 0.500000 -0.170000
v -0.580000 0.532000 -0.165000
v -0.580000 0.548667 -0.140000
v -0.580000 0.553333 -0.100000
v -0.580000 0.553333 -0.060000
v -0.580000 0.553333 -0.020000
v -0.540000 0.397458 -0.162500
v -0.540000 0.394791 -0.140000
v -0.540000 0.394667 -0.100000
v -0.540000 0.394667 -0.060000
v -0.540000 0.394667 -0.020000
v -0.540000 0.420000 -0.165000
v -0.540000 0.460000 -0.165000
v -0.540000 0.500000 -0.165000
v -0.540000 0.526001 -0.162500
v -0.540000 0.534334 -0.140000
v -0.540000 0.536668 -0.100000
v -0.540000 0.536668 -0.060000
v -0.540000 0.536668 -0.020000
v -0.520000 0.400000 -0.160000
v -0.520000 0.400000 -0.140000
v -0.520000 0.400000 -0.100000
v -0.520000 0.400000 -0.060000
v -0.520000 0.400000 -0.020000
v -0.520000 0.420000 -0.160000
v -0.520000 0.420000 -0.140000
v -0.520000 0.420000 -0.100000
v -0.520000 0.420000 -0.060000
v -0.520000 0.420000 -0.020000
v -0.520000 0.460000 -0.160000
v -0.520000 0.460000 -0.140000
v -0.520000 0.460000 -0.100000
v -0.520000 0.460000 -0.060000
v -0.520000 0.460000 -0.020000
v -0.520000 0.500000 -0.160000
v -0.520000 0.500000 -0.140000
v -0.520000 0.500000 -0.100000
v -0.520000 0.500000 -0.060000
v -0.520000 0.500000 -0.020000
v -0.520000 0.520001 -0.160000
v -0.520000 0.520001 -0.140000
v -0.520000 0.520001 -0.100000
v -0.520000 0.520001 -0.060000
v -0.520000 0.520001 -0.020000
v -0.326160 0.340000 -0.165000
v -0.334706 0.340000 -0.140000
v -0.337093 0.340000 -0.100000
v -0.337093 0.340000 -0.060000
v -0.337093 0.340000 -0.020000
v -0.327011 0.380000 -0.165000
v -0.337659 0.380000 -0.140000
v -0.341296 0.380000 -0.100000
v -0.341296 0.380000 -0.060000
v -0.341296 0.380000 -0.020000
v -0.327648 0.420000 -0.165000
v -0.339559 0.420000 -0.140000
v -0.343823 0.420000 -0.100000
v -0.343823 0.420000 -0.060000
v -0.343823 0.420000 -0.020000
v -0.327898 0.460000 -0.165000
v -0.340231 0.460000 -0.140000
v -0.344667 0.460000 -0.100000
v -0.344667 0.460000 -0.060000
v -0.344667 0.460000 -0.020000
v -0.327753 0.500000 -0.165000
v -0.339842 0.500000 -0.140000
v -0.344178 0.500000 -0.100000
v -0.344178 0.500000 -0.060000
v -0.344178 0.500000 -0.020000
v -0.327190 0.540000 -0.165000
v -0.338217 0.540000 -0.140000
v -0.342053 0.540000 -0.100000
v -0.342053 0.540000 -0.060000
v -0.342053 0.540000 -0.020000
v -0.326389 0.580000 -0.165000
v -0.335599 0.580000 -0.140000
v -0.338421 0.580000 -0.100000
v -0.338421 0.580000 -0.060000
v -0.338421 0.580000 -0.020000
v -0.325209 0.620000 -0.164761
v -0.331505 0.620000 -0.140000
v -0.332592 0.620000 -0.100000
v -0.332592 0.620000 -0.060000
v -0.332592 0.620000 -0.020000
v -0.620000 0.788000 -0.165000
v -0.620000 0.771333 -0.140000
v -0.620000 0.766667 -0.100000
v -0.620000 0.766667 -0.060000
v -0.620000 0.766667 -0.020000
v -0.620000 0.820000 -0.170000
v -0.620000 0.860000 -0.170000
v -0.620000 0.900000 -0.170000
v -0.620000 0.925085 -0.165000
v -0.620000 0.930418 -0.140000
v -0.620000 0.930667 -0.100000
v -0.620000 0.930667 -0.060000
v -0.620000 0.930667 -0.020000
v -0.580000 0.788000 -0.165000
v -0.580000 0.771333 -0.140000
v -0.580000 0.766667 -0.100000
v -0.580000 0.766667 -0.060000
v -0.580000 0.766667 -0.020000
v -0.580000 0.820000 -0.170000
v -0.580000 0.860000 -0.170000
v -0.580000 0.900000 -0.170000
v -0.580000 0.925085 -0.165000
v -0.580000 0.930418 -0.140000
v -0.580000 0.930667 -0.100000
v -0.580000 0.930667 -0.060000
v -0.580000 0.930667 -0.020000
v -0.540000 0.788000 -0.165000
v -0.540000 0.771333 -0.140000
v -0.540000 0.766667 -0.100000
v -0.540000 0.766667 -0.060000
v -0.540000 0.766667 -0.020000
v -0.540000 0.820000 -0.170000
v -0.540000 0.860000 -0.170000
v -0.540000 0.900000 -0.170000
v -0.540000 0.925085 -0.165000
v -0.540000 0.930418 -0.140000
v -0.540000 0.930667 -0.100000
v -0.540000 0.930667 -0.060000
v -0.540000 0.930667 -0.020000
v -0.500000 0.790250 -0.163677
v -0.500000 0.778166 -0.140000
v -0.500000 0.775833 -0.100000
v -0.500000 0.775833 -0.060000
v -0.500000 0.775833 -0.020000
v -0.500000 0.820000 -0.167353
v -0.500000 0.860000 -0.167353
v -0.500000 0.900000 -0.167353
v -0.500000 0.923743 -0.163677
v -0.500000 0.927609 -0.140000
v -0.500000 0.927734 -0.100000
v -0.500000 0.927734 -0.060000
v -0.500000 0.927734 -0.020000
v -0.478667 0.795000 -0.161569
v -0.478000 0.792500 -0.140000
v -0.478000 0.792500 -0.100000
v -0.478000 0.792500 -0.060000
v -0.478000 0.792500 -0.020000
v -0.478000 0.820000 -0.162353
v -0.476000 0.820000 -0.140000
v -0.476000 0.820000 -0.100000
v -0.476000 0.820000 -0.060000
v -0.476000 0.820000 -0.020000
v -0.478000 0.860000 -0.162353
v -0.476000 0.860000 -0.140000
v -0.476000 0.860000 -0.100000
v -0.476000 0.860000 -0.060000
v -0.476000 0.860000 -0.020000
v -0.478000 0.900000 -0.162353
v -0.476000 0.900000 -0.140000
v -0.476000 0.900000 -0.100000
v -0.476000 0.900000 -0.060000
v -0.476000 0.900000 -0.020000
v -0.478667 0.921600 -0.161569
v -0.478000 0.922400 -0.140000
v -0.478000 0.922400 -0.100000
v -0.478000 0.922400 -0.060000
v -0.478000 0.922400 -0.020000
v -0.322978 0.653076 -0.163014
v -0.324467 0.659614 -0.140000
v -0.324467 0.659614 -0.100000
v -0.324467 0.659614 -0.060000
v -0.324467 0.659614 -0.020000
v -0.281887 0.156676 -0.161959
v -0.282830 0.155013 -0.140000
v -0.282830 0.155013 -0.100000
v -0.282830 0.155013 -0.060000
v -0.282830 0.155013 -0.020000
v -0.285397 0.180000 -0.163970
v -0.292680 0.180000 -0.140000
v -0.294568 0.180000 -0.100000
v -0.294568 0.180000 -0.060000
v -0.294568 0.180000 -0.020000
v -0.291490 0.220000 -0.165000
v -0.306491 0.220000 -0.140000
v -0.310002 0.220000 -0.100000
v -0.310002 0.220000 -0.060000
v -0.310002 0.220000 -0.020000
v -0.302007 0.258653 -0.165458
v -0.316641 0.246633 -0.140000
v -0.318264 0.246633 -0.100000
v -0.318264 0.246633 -0.060000
v -0.318264 0.246633 -0.020000
v -0.300000 0.300000 -0.169322
v -0.245217 0.112617 -0.163333
v -0.249297 0.107537 -0.140000
v -0.250769 0.106149 -0.100000
v -0.250769 0.106149 -0.060000
v -0.250769 0.106149 -0.020000
v -0.259130 0.142005 -0.165176
v -0.269297 0.135013 -0.140000
v -0.270769 0.135013 -0.100000
v -0.270769 0.135013 -0.060000
v -0.270769 0.135013 -0.020000
v -0.260000 0.180000 -0.168970
v -0.260000 0.220000 -0.170000
v -0.260000 0.260000 -0.170000
v -0.260000 0.300000 -0.170000
v -0.207383 0.073510 -0.163333
v -0.212700 0.068547 -0.140000
v -0.214325 0.066829 -0.100000
v -0.214325 0.066829 -0.060000
v -0.214325 0.066829 -0.020000
v -0.220430 0.099570 -0.166000
v -0.232700 0.087537 -0.140000
v -0.234325 0.086149 -0.100000
v -0.234325 0.086149 -0.060000
v -0.234325 0.086149 -0.020000
v -0.220000 0.140000 -0.170000
v -0.220000 0.180000 -0.170000
v -0.220000 0.220000 -0.170000
v -0.220000 0.260000 -0.170000
v -0.220000 0.300000 -0.170000
v -0.166490 0.036015 -0.163333
v -0.170043 0.033758 -0.140000
v -0.170351 0.033494 -0.100000
v -0.170351 0.033494 -0.060000
v -0.170351 0.033494 -0.020000
v -0.179894 0.060106 -0.166000
v -0.190043 0.048547 -0.140000
v -0.190351 0.046829 -0.100000
v -0.190351 0.046829 -0.060000
v -0.190351 0.046829 -0.020000
v -0.180000 0.100000 -0.170000
v -0.180000 0.140000 -0.170000
v -0.180000 0.180000 -0.170000
v -0.180000 0.220000 -0.170000
v -0.180000 0.260000 -0.170000
v -0.180000 0.300000 -0.170000
v -0.140000 0.031462 -0.165000
v -0.140000 0.020344 -0.140000
v -0.140000 0.017764 -0.100000
v -0.140000 0.017764 -0.060000
v -0.140000 0.017764 -0.020000
v -0.140000 0.060000 -0.170000
v -0.140000 0.100000 -0.170000
v -0.140000 0.140000 -0.170000
v -0.140000 0.180000 -0.170000
v -0.140000 0.220000 -0.169584
v -0.137737 0.261920 -0.165667
v -0.122795 0.275215 -0.140000
v -0.121240 0.275630 -0.100000
v -0.121233 0.275630 -0.060000
v -0.121233 0.275630 -0.020000
v -0.146857 0.300000 -0.165000
v -0.129685 0.300000 -0.140000
v -0.125645 0.300000 -0.100000
v -0.125636 0.300000 -0.060000
v -0.125636 0.300000 -0.020000
v -0.098639 0.019561 -0.164930
v -0.106597 0.006586 -0.140000
v -0.106597 0.004270 -0.100000
v -0.106597 0.004270 -0.060000
v -0.106597 0.004270 -0.020000
v -0.100000 0.060000 -0.170000
v -0.100000 0.100000 -0.170000
v -0.100000 0.140000 -0.170000
v -0.099901 0.180099 -0.166000
v -0.087032 0.192773 -0.140000
v -0.084175 0.195358 -0.100000
v -0.084036 0.195419 -0.060000
v -0.084036 0.195419 -0.020000
v -0.112767 0.220000 -0.164584
v -0.102651 0.220000 -0.140000
v -0.099629 0.220000 -0.100000
v -0.099491 0.220000 -0.060000
v -0.099491 0.220000 -0.020000
v -0.117188 0.249867 -0.162778
v -0.115618 0.255215 -0.140000
v -0.115455 0.255630 -0.100000
v -0.115455 0.255630 -0.060000
v -0.115455 0.255630 -0.020000
v -0.060000 0.020000 -0.168663
v -0.060000 0.060000 -0.170000
v -0.060000 0.100000 -0.170000
v -0.057874 0.142126 -0.166000
v -0.042687 0.157435 -0.140000
v -0.040678 0.159566 -0.100000
v -0.040667 0.159578 -0.060000
v -0.040667 0.159578 -0.020000
v -0.069790 0.166832 -0.163333
v -0.062687 0.172773 -0.140000
v -0.060678 0.175358 -0.100000
v -0.060667 0.175419 -0.060000
v -0.060667 0.175419 -0.020000
v -0.020000 0.020000 -0.170000
v -0.020000 0.060000 -0.170000
v -0.020000 0.100000 -0.170000
v -0.020000 0.131938 -0.165000
v -0.020000 0.148371 -0.140000
v -0.020000 0.152887 -0.100000
v -0.020000 0.152907 -0.060000
v -0.020000 0.152907 -0.020000
v -0.300000 0.340000 -0.170000
v -0.300000 0.380000 -0.170000
v -0.300000 0.420000 -0.170000
v -0.300000 0.460000 -0.170000
v -0.300000 0.500000 -0.170000
v -0.300000 0.540000 -0.170000
v -0.300000 0.580000 -0.170000
v -0.300000 0.620000 -0.169761
v -0.260000 0.340000 -0.170000
v -0.260000 0.380000 -0.170000
v -0.260000 0.420000 -0.170000
v -0.260000 0.460000 -0.170000
v -0.260000 0.500000 -0.170000
v -0.260000 0.540000 -0.170000
v -0.260000 0.580000 -0.170000
v -0.260000 0.620000 -0.170000
v -0.220000 0.340000 -0.170000
v -0.220000 0.380000 -0.170000
v -0.220000 0.420000 -0.170000
v -0.220000 0.460000 -0.170000
v -0.220000 0.500000 -0.170000
v -0.220000 0.540000 -0.170000
v -0.220000 0.580000 -0.170000
v -0.220000 0.620000 -0.170000
v -0.180000 0.340000 -0.170000
v -0.180000 0.380000 -0.170000
v -0.180000 0.420000 -0.170000
v -0.180000 0.460000 -0.170000
v -0.180000 0.500000 -0.170000
v -0.180000 0.540000 -0.170000
v -0.180000 0.580000 -0.170000
v -0.180000 0.620000 -0.170000
v -0.150015 0.340000 -0.165000
v -0.135072 0.340000 -0.140000
v -0.130110 0.340000 -0.100000
v -0.130107 0.340000 -0.060000
v -0.130107 0.340000 -0.020000
v -0.150784 0.380000 -0.165000
v -0.136636 0.380000 -0.140000
v -0.131705 0.380000 -0.100000
v -0.131704 0.380000 -0.060000
v -0.131704 0.380000 -0.020000
v -0.150909 0.420000 -0.165000
v -0.136909 0.420000 -0.140000
v -0.132000 0.420000 -0.100000
v -0.132000 0.420000 -0.060000
v -0.132000 0.420000 -0.020000
v -0.150909 0.460000 -0.165000
v -0.136909 0.460000 -0.140000
v -0.132000 0.460000 -0.100000
v -0.132000 0.460000 -0.060000
v -0.132000 0.460000 -0.020000
v -0.150909 0.500000 -0.165000
v -0.136909 0.500000 -0.140000
v -0.132000 0.500000 -0.100000
v -0.132000 0.500000 -0.060000
v -0.132000 0.500000 -0.020000
v -0.150840 0.540000 -0.165000
v -0.136757 0.540000 -0.140000
v -0.131834 0.540000 -0.100000
v -0.131834 0.540000 -0.060000
v -0.131834 0.540000 -0.020000
v -0.150303 0.580000 -0.165000
v -0.135640 0.580000 -0.140000
v -0.130669 0.580000 -0.100000
v -0.130664 0.580000 -0.060000
v -0.130664 0.580000 -0.020000
v -0.148142 0.620000 -0.165000
v -0.131726 0.620000 -0.140000
v -0.127160 0.620000 -0.100000
v -0.127152 0.620000 -0.060000
v -0.127152 0.620000 -0.020000
v -0.303864 0.663846 -0.165809
v -0.319785 0.679614 -0.140000
v -0.319910 0.679614 -0.100000
v -0.319910 0.679614 -0.060000
v -0.319910 0.679614 -0.020000
v -0.294383 0.700000 -0.165000
v -0.311171 0.700000 -0.140000
v -0.313577 0.700000 -0.100000
v -0.313577 0.700000 -0.060000
v -0.313577 0.700000 -0.020000
v -0.287158 0.740000 -0.164908
v -0.296597 0.740000 -0.140000
v -0.298878 0.740000 -0.100000
v -0.298878 0.740000 -0.060000
v -0.298878 0.740000 -0.020000
v -0.283474 0.766534 -0.163211
v -0.285211 0.769800 -0.140000
v -0.285211 0.769800 -0.100000
v -0.285211 0.769800 -0.060000
v -0.285211 0.769800 -0.020000
v -0.260000 0.660000 -0.170000
v -0.260000 0.700000 -0.170000
v -0.260000 0.740000 -0.169908
v -0.260019 0.779920 -0.165927
v -0.272104 0.789800 -0.140000
v -0.274159 0.789800 -0.100000
v -0.274159 0.789800 -0.060000
v -0.274159 0.789800 -0.020000
v -0.246699 0.812045 -0.163333
v -0.252104 0.818608 -0.140000
v -0.254159 0.819147 -0.100000
v -0.254159 0.819147 -0.060000
v -0.254159 0.819147 -0.020000
v -0.220000 0.660000 -0.170000
v -0.220000 0.700000 -0.170000
v -0.220000 0.740000 -0.170000
v -0.220000 0.780000 -0.170000
v -0.223227 0.823227 -0.166000
v -0.238673 0.838608 -0.140000
v -0.239279 0.839148 -0.100000
v -0.239279 0.839148 -0.060000
v -0.239279 0.839148 -0.020000
v -0.212045 0.850832 -0.163333
v -0.218673 0.857376 -0.140000
v -0.219279 0.858505 -0.100000
v -0.219279 0.858505 -0.060000
v -0.219279 0.858505 -0.020000
v -0.180000 0.660000 -0.170000
v -0.180000 0.700000 -0.170000
v -0.180000 0.740000 -0.170000
v -0.180000 0.780000 -0.170000
v -0.180000 0.820000 -0.170000
v -0.182499 0.862499 -0.166000
v -0.197115 0.877376 -0.140000
v -0.197983 0.878505 -0.100000
v -0.197983 0.878505 -0.060000
v -0.197983 0.878505 -0.020000
v -0.170832 0.885512 -0.163333
v -0.177115 0.890054 -0.140000
v -0.177983 0.891840 -0.100000
v -0.177983 0.891840 -0.060000
v -0.177983 0.891840 -0.020000
v -0.138579 0.660148 -0.165027
v -0.124389 0.649891 -0.140000
v -0.122325 0.649413 -0.100000
v -0.122321 0.649413 -0.060000
v -0.122321 0.649413 -0.020000
v -0.140000 0.700000 -0.168784
v -0.140000 0.740000 -0.170000
v -0.140000 0.780000 -0.170000
v -0.140000 0.820000 -0.170000
v -0.140000 0.860000 -0.170000
v -0.136987 0.899308 -0.164499
v -0.142467 0.910054 -0.140000
v -0.142467 0.911840 -0.100000
v -0.142467 0.911840 -0.060000
v -0.142467 0.911840 -0.020000
v -0.121645 0.920709 -0.160832
v -0.122467 0.921063 -0.140000
v -0.122467 0.921063 -0.100000
v -0.122467 0.921063 -0.060000
v -0.122467 0.921063 -0.020000
v -0.118439 0.673580 -0.161712
v -0.117489 0.669891 -0.140000
v -0.117319 0.669413 -0.100000
v -0.117319 0.669413 -0.060000
v -0.117319 0.669413 -0.020000
v -0.114916 0.700000 -0.163784
v -0.107634 0.700000 -0.140000
v -0.105331 0.700000 -0.100000
v -0.105225 0.700000 -0.060000
v -0.105225 0.700000 -0.020000
v -0.100869 0.740869 -0.166000
v -0.090145 0.730960 -0.140000
v -0.088012 0.729746 -0.100000
v -0.087906 0.729746 -0.060000
v -0.087906 0.729746 -0.020000
v -0.100000 0.780000 -0.170000
v -0.100000 0.820000 -0.170000
v -0.100000 0.860000 -0.170000
v -0.100000 0.900000 -0.168124
v -0.100000 0.923404 -0.163124
v -0.100000 0.927608 -0.140000
v -0.100000 0.928409 -0.100000
v -0.100000 0.928409 -0.060000
v -0.100000 0.928409 -0.020000
v -0.074152 0.754782 -0.163333
v -0.069851 0.750960 -0.140000
v -0.068475 0.749746 -0.100000
v -0.068474 0.749746 -0.060000
v -0.068474 0.749746 -0.020000
v -0.060491 0.780491 -0.166000
v -0.049851 0.768691 -0.140000
v -0.048475 0.765984 -0.100000
v -0.048474 0.765812 -0.060000
v -0.048474 0.765812 -0.020000
v -0.060000 0.820000 -0.170000
v -0.060000 0.860000 -0.170000
v -0.060000 0.900000 -0.170000
v -0.060000 0.926568 -0.165000
v -0.060000 0.935899 -0.140000
v -0.060000 0.938664 -0.100000
v -0.060000 0.938664 -0.060000
v -0.060000 0.938664 -0.020000
v -0.020000 0.792673 -0.165000
v -0.020000 0.781760 -0.140000
v -0.020000 0.777991 -0.100000
v -0.020000 0.777807 -0.060000
v -0.020000 0.777807 -0.020000
v -0.020000 0.820000 -0.170000
v -0.020000 0.860000 -0.170000
v -0.020000 0.900000 -0.170000
v -0.020000 0.927759 -0.165000
v -0.020000 0.939759 -0.140000
v -0.020000 0.943999 -0.100000
v -0.020000 0.943999 -0.060000
v -0.020000 0.943999 -0.020000
v -1.086667 0.020000 0.020000
v -1.086667 0.020000 0.060000
v -1.086667 0.020000 0.100000
v -1.086061 0.020000 0.140000
v -1.082728 0.020000 0.162500
v -1.093333 0.060000 0.020000
v -1.093333 0.060000 0.060000
v -1.093333 0.060000 0.100000
v -1.092121 0.060000 0.140000
v -1.085455 0.060000 0.165000
v -1.093333 0.100000 0.020000
v -1.093333 0.100000 0.060000
v -1.093333 0.100000 0.100000
v -1.092121 0.100000 0.140000
v -1.085455 0.100000 0.165000
v -1.093333 0.140000 0.020000
v -1.093333 0.140000 0.060000
v -1.093333 0.140000 0.100000
v -1.092121 0.140000 0.140000
v -1.085455 0.140000 0.165000
v -1.093333 0.180000 0.020000
v -1.093333 0.180000 0.060000
v -1.093333 0.180000 0.100000
v -1.092121 0.180000 0.140000
v -1.085455 0.180000 0.165000
v -1.093333 0.220000 0.020000
v -1.093333 0.220000 0.060000
v -1.093333 0.220000 0.100000
v -1.092121 0.220000 0.140000
v -1.085455 0.220000 0.165000
v -1.093333 0.260000 0.020000
v -1.093333 0.260000 0.060000
v -1.093333 0.260000 0.100000
v -1.092121 0.260000 0.140000
v -1.085455 0.260000 0.165000
v -1.093333 0.300000 0.020000
v -1.093333 0.300000 0.060000
v -1.093333 0.300000 0.100000
v -1.092121 0.300000 0.140000
v -1.085455 0.300000 0.165000
v -1.060000 0.020000 0.165000
v -1.060000 0.060000 0.170000
v -1.060000 0.100000 0.170000
v -1.060000 0.140000 0.170000
v -1.060000 0.180000 0.170000
v -1.060000 0.220000 0.170000
v -1.060000 0.260000 0.170000
v -1.060000 0.300000 0.170000
v -1.020000 0.020000 0.165000
v -1.020000 0.060000 0.170000
v -1.020000 0.100000 0.170000
v -1.020000 0.140000 0.170000
v -1.020000 0.180000 0.170000
v -1.020000 0.220000 0.170000
v -1.020000 0.260000 0.170000
v -1.020000 0.300000 0.170000
v -0.980000 0.020000 0.165000
v -0.980000 0.060000 0.170000
v -0.980000 0.100000 0.170000
v -0.980000 0.140000 0.170000
v -0.980000 0.180000 0.170000
v -0.980000 0.220000 0.170000
v -0.980000 0.260000 0.170000
v -0.980000 0.300000 0.170000
v -1.093333 0.340000 0.020000
v -1.093333 0.340000 0.060000
v -1.093333 0.340000 0.100000
v -1.092121 0.340000 0.140000
v -1.085455 0.340000 0.165000
v -1.093333 0.380000 0.020000
v -1.093333 0.380000 0.060000
v -1.093333 0.380000 0.100000
v -1.092121 0.380000 0.140000
v -1.085455 0.380000 0.165000
v -1.093333 0.420000 0.020000
v -1.093333 0.420000 0.060000
v -1.093333 0.420000 0.100000
v -1.092121 0.420000 0.140000
v -1.085455 0.420000 0.165000
v -1.093333 0.460000 0.020000
v -1.093333 0.460000 0.060000
v -1.093333 0.460000 0.100000
v -1.092121 0.460000 0.140000
v -1.085455 0.460000 0.165000
v -1.093333 0.500000 0.020000
v -1.093333 0.500000 0.060000
v -1.093333 0.500000 0.100000
v -1.092121 0.500000 0.140000
v -1.085455 0.500000 0.165000
v -1.093333 0.540000 0.020000
v -1.093333 0.540000 0.060000
v -1.093333 0.540000 0.100000
v -1.092121 0.540000 0.140000
v -1.085455 0.540000 0.165000
v -1.093333 0.580000 0.020000
v -1.093333 0.580000 0.060000
v -1.093333 0.580000 0.100000
v -1.092121 0.580000 0.140000
v -1.085455 0.580000 0.165000
v -1.093333 0.620000 0.020000
v -1.093333 0.620000 0.060000
v -1.093333 0.620000 0.100000
v -1.092121 0.620000 0.140000
v -1.085455 0.620000 0.165000
v -1.060000 0.340000 0.170000
v -1.060000 0.380000 0.170000
v -1.060000 0.420000 0.170000
v -1.060000 0.460000 0.170000
v -1.060000 0.500000 0.170000
v -1.060000 0.540000 0.170000
v -1.060000 0.580000 0.170000
v -1.060000 0.620000 0.170000
v -1.020000 0.340000 0.170000
v -1.020000 0.380000 0.170000
v -1.020000 0.420000 0.170000
v -1.020000 0.460000 0.170000
v -1.020000 0.500000 0.170000
v -1.020000 0.540000 0.170000
v -1.020000 0.580000 0.170000
v -1.020000 0.620000 0.170000
v -0.980000 0.340000 0.170000
v -0.980000 0.380000 0.170000
v -0.980000 0.420000 0.170000
v -0.980000 0.460000 0.170000
v -0.980000 0.500000 0.170000
v -0.980000 0.540000 0.170000
v -0.980000 0.580000 0.170000
v -0.980000 0.620000 0.170000
v -1.093333 0.660000 0.020000
v -1.093333 0.660000 0.060000
v -1.093333 0.660000 0.100000
v -1.092121 0.660000 0.140000
v -1.085455 0.660000 0.165000
v -1.093333 0.700000 0.020000
v -1.093333 0.700000 0.060000
v -1.093333 0.700000 0.100000
v -1.092121 0.700000 0.140000
v -1.085455 0.700000 0.165000
v -1.093333 0.740000 0.020000
v -1.093333 0.740000 0.060000
v -1.093333 0.740000 0.100000
v -1.092121 0.740000 0.140000
v -1.085455 0.740000 0.165000
v -1.093333 0.780000 0.020000
v -1.093333 0.780000 0.060000
v -1.093333 0.780000 0.100000
v -1.092121 0.780000 0.140000
v -1.085455 0.780000 0.165000
v -1.093333 0.820000 0.020000
v -1.093333 0.820000 0.060000
v -1.093333 0.820000 0.100000
v -1.092121 0.820000 0.140000
v -1.085455 0.820000 0.165000
v -1.093333 0.860000 0.020000
v -1.093333 0.860000 0.060000
v -1.093333 0.860000 0.100000
v -1.092121 0.860000 0.140000
v -1.085455 0.860000 0.165000
v -1.092381 0.900000 0.020000
v -1.092381 0.900000 0.060000
v -1.092381 0.900000 0.100000
v -1.091645 0.900000 0.140000
v -1.085455 0.900000 0.165000
v -1.085715 0.925334 0.020000
v -1.085715 0.925334 0.060000
v -1.085715 0.925334 0.100000
v -1.085585 0.925209 0.140000
v -1.083637 0.923390 0.163333
v -1.060000 0.660000 0.170000
v -1.060000 0.700000 0.170000
v -1.060000 0.740000 0.170000
v -1.060000 0.780000 0.170000
v -1.060000 0.820000 0.170000
v -1.060000 0.860000 0.170000
v -1.060000 0.900000 0.170000
v -1.060000 0.930667 0.020000
v -1.060000 0.930667 0.060000
v -1.060000 0.930667 0.100000
v -1.060000 0.930418 0.140000
v -1.060000 0.925085 0.165000
v -1.020000 0.660000 0.170000
v -1.020000 0.700000 0.170000
v -1.020000 0.740000 0.170000
v -1.020000 0.780000 0.170000
v -1.020000 0.820000 0.170000
v -1.020000 0.860000 0.170000
v -1.020000 0.900000 0.170000
v -1.020000 0.930667 0.020000
v -1.020000 0.930667 0.060000
v -1.020000 0.930667 0.100000
v -1.020000 0.930418 0.140000
v -1.020000 0.925085 0.165000
v -0.980000 0.660000 0.170000
v -0.980000 0.700000 0.170000
v -0.980000 0.740000 0.170000
v -0.980000 0.780000 0.170000
v -0.980000 0.820000 0.170000
v -0.980000 0.860000 0.170000
v -0.980000 0.900000 0.170000
v -0.980000 0.930667 0.020000
v -0.980000 0.930667 0.060000
v -0.980000 0.930667 0.100000
v -0.980000 0.930418 0.140000
v -0.980000 0.925085 0.165000
v -0.940000 0.020000 0.165000
v -0.940000 0.060000 0.170000
v -0.940000 0.100000 0.170000
v -0.940000 0.140000 0.170000
v -0.940000 0.180000 0.170000
v -0.940000 0.220000 0.170000
v -0.940000 0.260000 0.170000
v -0.940000 0.300000 0.170000
v -0.906667 0.020000 0.020000
v -0.906667 0.020000 0.060000
v -0.906667 0.020000 0.100000
v -0.909048 0.020000 0.140000
v -0.915714 0.020000 0.162500
v -0.893333 0.060000 0.020000
v -0.893333 0.060000 0.060000
v -0.893333 0.060000 0.100000
v -0.898095 0.060000 0.140000
v -0.911429 0.060000 0.165000
v -0.893333 0.100000 0.020000
v -0.893333 0.100000 0.060000
v -0.893333 0.100000 0.100000
v -0.898095 0.100000 0.140000
v -0.911429 0.100000 0.165000
v -0.893333 0.140000 0.020000
v -0.893333 0.140000 0.060000
v -0.893333 0.140000 0.100000
v -0.898095 0.140000 0.140000
v -0.911429 0.140000 0.165000
v -0.893333 0.180000 0.020000
v -0.893333 0.180000 0.060000
v -0.893333 0.180000 0.100000
v -0.898095 0.180000 0.140000
v -0.911429 0.180000 0.165000
v -0.893333 0.220000 0.020000
v -0.893333 0.220000 0.060000
v -0.893333 0.220000 0.100000
v -0.898095 0.220000 0.140000
v -0.911429 0.220000 0.165000
v -0.893333 0.260000 0.020000
v -0.893333 0.260000 0.060000
v -0.893333 0.260000 0.100000
v -0.898095 0.260000 0.140000
v -0.911429 0.260000 0.165000
v -0.893333 0.300000 0.020000
v -0.893333 0.300000 0.060000
v -0.893333 0.300000 0.100000
v -0.898095 0.300000 0.140000
v -0.911429 0.300000 0.165000
v -0.940000 0.340000 0.170000
v -0.940000 0.380000 0.170000
v -0.940000 0.420000 0.170000
v -0.940000 0.460000 0.170000
v -0.940000 0.500000 0.170000
v -0.940000 0.540000 0.170000
v -0.940000 0.580000 0.170000
v -0.940000 0.620000 0.170000
v -0.886667 0.334634 0.020000
v -0.886667 0.334634 0.060000
v -0.886667 0.334634 0.100000
v -0.889737 0.341854 0.140148
v -0.908837 0.340000 0.165000
v -0.884164 0.364164 0.153580
v -0.898499 0.378498 0.166000
v -0.900000 0.420000 0.170000
v -0.900000 0.460000 0.170000
v -0.900000 0.500000 0.170000
v -0.900000 0.540000 0.168661
v -0.885485 0.594347 0.020000
v -0.885485 0.594347 0.060000
v -0.885485 0.594347 0.100000
v -0.888343 0.589581 0.140000
v -0.900481 0.577926 0.164929
v -0.892151 0.620000 0.020000
v -0.892151 0.620000 0.060000
v -0.892151 0.620000 0.100000
v -0.897391 0.620000 0.140000
v -0.911315 0.620000 0.165000
v -0.876987 0.354634 0.020000
v -0.876987 0.354634 0.060000
v -0.876987 0.354634 0.100000
v -0.877992 0.356423 0.126913
v -0.856987 0.374420 0.020000
v -0.856987 0.374420 0.060000
v -0.856987 0.374420 0.100000
v -0.862795 0.374165 0.140148
v -0.860000 0.390496 0.165000
v -0.860000 0.420000 0.170000
v -0.860000 0.460000 0.170000
v -0.860000 0.500000 0.170000
v -0.844136 0.556667 0.020000
v -0.844136 0.556667 0.060000
v -0.844136 0.556667 0.100000
v -0.848297 0.554333 0.140000
v -0.860983 0.540800 0.164929
v -0.864136 0.574347 0.020000
v -0.864136 0.574347 0.060000
v -0.864136 0.574347 0.100000
v -0.868297 0.569581 0.140000
v -0.874972 0.563210 0.161548
v -0.820000 0.389087 0.020000
v -0.820000 0.389087 0.060000
v -0.820000 0.389087 0.100000
v -0.820000 0.389374 0.140000
v -0.820000 0.394831 0.165000
v -0.820000 0.420000 0.170000
v -0.820000 0.460000 0.170000
v -0.820000 0.500000 0.170000
v -0.820000 0.553333 0.020000
v -0.820000 0.553333 0.060000
v -0.820000 0.553333 0.100000
v -0.820000 0.548667 0.140000
v -0.820000 0.532000 0.165000
v -0.780000 0.389333 0.020000
v -0.780000 0.389333 0.060000
v -0.780000 0.389333 0.100000
v -0.780000 0.389582 0.140000
v -0.780000 0.394915 0.165000
v -0.780000 0.420000 0.170000
v -0.780000 0.460000 0.170000
v -0.780000 0.500000 0.170000
v -0.780000 0.553333 0.020000
v -0.780000 0.553333 0.060000
v -0.780000 0.553333 0.100000
v -0.780000 0.548667 0.140000
v -0.780000 0.532000 0.165000
v -0.740000 0.389333 0.020000
v -0.740000 0.389333 0.060000
v -0.740000 0.389333 0.100000
v -0.740000 0.389582 0.140000
v -0.740000 0.394915 0.165000
v -0.740000 0.420000 0.170000
v -0.740000 0.460000 0.170000
v -0.740000 0.500000 0.170000
v -0.740000 0.553333 0.020000
v -0.740000 0.553333 0.060000
v -0.740000 0.553333 0.100000
v -0.740000 0.548667 0.140000
v -0.740000 0.532000 0.165000
v -0.700000 0.389333 0.020000
v -0.700000 0.389333 0.060000
v -0.700000 0.389333 0.100000
v -0.700000 0.389582 0.140000
v -0.700000 0.394915 0.165000
v -0.700000 0.420000 0.170000
v -0.700000 0.460000 0.170000
v -0.700000 0.500000 0.170000
v -0.700000 0.553333 0.020000
v -0.700000 0.553333 0.060000
v -0.700000 0.553333 0.100000
v -0.700000 0.548667 0.140000
v -0.700000 0.532000 0.165000
v -0.660000 0.389333 0.020000
v -0.660000 0.389333 0.060000
v -0.660000 0.389333 0.100000
v -0.660000 0.389582 0.140000
v -0.660000 0.394915 0.165000
v -0.660000 0.420000 0.170000
v -0.660000 0.460000 0.170000
v -0.660000 0.500000 0.170000
v -0.660000 0.553333 0.020000
v -0.660000 0.553333 0.060000
v -0.660000 0.553333 0.100000
v -0.660000 0.548667 0.140000
v -0.660000 0.532000 0.165000
v -0.940000 0.660000 0.170000
v -0.940000 0.700000 0.170000
v -0.940000 0.740000 0.170000
v -0.940000 0.780000 0.170000
v -0.940000 0.820000 0.170000
v -0.940000 0.860000 0.170000
v -0.940000 0.900000 0.170000
v -0.940000 0.930667 0.020000
v -0.940000 0.930667 0.060000
v -0.940000 0.930667 0.100000
v -0.940000 0.930418 0.140000
v -0.940000 0.925085 0.165000
v -0.893333 0.660000 0.020000
v -0.893333 0.660000 0.060000
v -0.893333 0.660000 0.100000
v -0.898095 0.660000 0.140000
v -0.911429 0.660000 0.165000
v -0.892151 0.700000 0.020000
v -0.892151 0.700000 0.060000
v -0.892151 0.700000 0.100000
v -0.897391 0.700000 0.140000
v -0.911315 0.700000 0.165000
v -0.885485 0.725654 0.020000
v -0.885485 0.725654 0.060000
v -0.885485 0.725654 0.100000
v -0.888343 0.730420 0.140000
v -0.900481 0.742074 0.164929
v -0.900000 0.780000 0.168661
v -0.900000 0.820000 0.170000
v -0.900000 0.860000 0.170000
v -0.900000 0.900000 0.170000
v -0.900000 0.930667 0.020000
v -0.900000 0.930667 0.060000
v -0.900000 0.930667 0.100000
v -0.900000 0.930418 0.140000
v -0.900000 0.925085 0.165000
v -0.864136 0.745654 0.020000
v -0.864136 0.745654 0.060000
v -0.864136 0.745654 0.100000
v -0.868297 0.750420 0.140000
v -0.874972 0.756790 0.161549
v -0.844136 0.763333 0.020000
v -0.844136 0.763333 0.060000
v -0.844136 0.763333 0.100000
v -0.848297 0.765667 0.140000
v -0.860983 0.779200 0.164929
v -0.860000 0.820000 0.170000
v -0.860000 0.860000 0.170000
v -0.860000 0.900000 0.170000
v -0.860000 0.930667 0.020000
v -0.860000 0.930667 0.060000
v -0.860000 0.930667 0.100000
v -0.860000 0.930418 0.140000
v -0.860000 0.925085 0.165000
v -0.820000 0.766667 0.020000
v -0.820000 0.766667 0.060000
v -0.820000 0.766667 0.100000
v -0.820000 0.771333 0.140000
v -0.820000 0.788000 0.165000
v -0.820000 0.820000 0.170000
v -0.820000 0.860000 0.170000
v -0.820000 0.900000 0.170000
v -0.820000 0.930667 0.020000
v -0.820000 0.930667 0.060000
v -0.820000 0.930667 0.100000
v -0.820000 0.930418 0.140000
v -0.820000 0.925085 0.165000
v -0.780000 0.766667 0.020000
v -0.780000 0.766667 0.060000
v -0.780000 0.766667 0.100000
v -0.780000 0.771333 0.140000
v -0.780000 0.788000 0.165000
v -0.780000 0.820000 0.170000
v -0.780000 0.860000 0.170000
v -0.780000 0.900000 0.170000
v -0.780000 0.930667 0.020000
v -0.780000 0.930667 0.060000
v -0.780000 0.930667 0.100000
v -0.780000 0.930418 0.140000
v -0.780000 0.925085 0.165000
v -0.740000 0.766667 0.020000
v -0.740000 0.766667 0.060000
v -0.740000 0.766667 0.100000
v -0.740000 0.771333 0.140000
v -0.740000 0.788000 0.165000
v -0.740000 0.820000 0.170000
v -0.740000 0.860000 0.170000
v -0.740000 0.900000 0.170000
v -0.740000 0.930667 0.020000
v -0.740000 0.930667 0.060000
v -0.740000 0.930667 0.100000
v -0.740000 0.930418 0.140000
v -0.740000 0.925085 0.165000
v -0.700000 0.766667 0.020000
v -0.700000 0.766667 0.060000
v -0.700000 0.766667 0.100000
v -0.700000 0.771333 0.140000
v -0.700000 0.788000 0.165000
v -0.700000 0.820000 0.170000
v -0.700000 0.860000 0.170000
v -0.700000 0.900000 0.170000
v -0.700000 0.930667 0.020000
v -0.700000 0.930667 0.060000
v -0.700000 0.930667 0.100000
v -0.700000 0.930418 0.140000
v -0.700000 0.925085 0.165000
v -0.660000 0.766667 0.020000
v -0.660000 0.766667 0.060000
v -0.660000 0.766667 0.100000
v -0.660000 0.771333 0.140000
v -0.660000 0.788000 0.165000
v -0.660000 0.820000 0.170000
v -0.660000 0.860000 0.170000
v -0.660000 0.900000 0.170000
v -0.660000 0.930667 0.020000
v -0.660000 0.930667 0.060000
v -0.660000 0.930667 0.100000
v -0.660000 0.930418 0.140000
v -0.660000 0.925085 0.165000
v -0.323408 0.266633 0.020000
v -0.323408 0.266633 0.060000
v -0.323408 0.266633 0.100000
v -0.323408 0.266633 0.140000
v -0.322272 0.271089 0.162430
v -0.330783 0.300000 0.020000
v -0.330783 0.300000 0.060000
v -0.330783 0.300000 0.100000
v -0.329970 0.300000 0.140000
v -0.324579 0.300000 0.164322
v -0.620000 0.389333 0.020000
v -0.620000 0.389333 0.060000
v -0.620000 0.389333 0.100000
v -0.620000 0.389582 0.140000
v -0.620000 0.394915 0.165000
v -0.620000 0.420000 0.170000
v -0.620000 0.460000 0.170000
v -0.620000 0.500000 0.170000
v -0.620000 0.553333 0.020000
v -0.620000 0.553333 0.060000
v -0.620000 0.553333 0.100000
v -0.620000 0.548667 0.140000
v -0.620000 0.532000 0.165000
v -0.580000 0.389333 0.020000
v -0.580000 0.389333 0.060000
v -0.580000 0.389333 0.100000
v -0.580000 0.389582 0.140000
v -0.580000 0.394915 0.165000
v -0.580000 0.420000 0.170000
v -0.580000 0.460000 0.170000
v -0.580000 0.500000 0.170000
v -0.580000 0.553333 0.020000
v -0.580000 0.553333 0.060000
v -0.580000 0.553333 0.100000
v -0.580000 0.548667 0.140000
v -0.580000 0.532000 0.165000
v -0.540000 0.394667 0.020000
v -0.540000 0.394667 0.060000
v -0.540000 0.394667 0.100000
v -0.540000 0.394791 0.140000
v -0.540000 0.397458 0.162500
v -0.540000 0.420000 0.165000
v -0.540000 0.460000 0.165000
v -0.540000 0.500000 0.165000
v -0.540000 0.536668 0.020000
v -0.540000 0.536668 0.060000
v -0.540000 0.536668 0.100000
v -0.540000 0.534334 0.140000
v -0.540000 0.526001 0.162500
v -0.520000 0.400000 0.020000
v -0.520000 0.400000 0.060000
v -0.520000 0.400000 0.100000
v -0.520000 0.400000 0.140000
v -0.520000 0.400000 0.160000
v -0.520000 0.420000 0.020000
v -0.520000 0.420000 0.060000
v -0.520000 0.420000 0.100000
v -0.520000 0.420000 0.140000
v -0.520000 0.420000 0.160000
v -0.520000 0.460000 0.020000
v -0.520000 0.460000 0.060000
v -0.520000 0.460000 0.100000
v -0.520000 0.460000 0.140000
v -0.520000 0.460000 0.160000
v -0.520000 0.500000 0.020000
v -0.520000 0.500000 0.060000
v -0.520000 0.500000 0.100000
v -0.520000 0.500000 0.140000
v -0.520000 0.500000 0.160000
v -0.520000 0.520001 0.020000
v -0.520000 0.520001 0.060000
v -0.520000 0.520001 0.100000
v -0.520000 0.520001 0.140000
v -0.520000 0.520001 0.160000
v -0.337093 0.340000 0.020000
v -0.337093 0.340000 0.060000
v -0.337093 0.340000 0.100000
v -0.334706 0.340000 0.140000
v -0.326160 0.340000 0.165000
v -0.341296 0.380000 0.020000
v -0.341296 0.380000 0.060000
v -0.341296 0.380000 0.100000
v -0.337659 0.380000 0.140000
v -0.327011 0.380000 0.165000
v -0.343823 0.420000 0.020000
v -0.343823 0.420000 0.060000
v -0.343823 0.420000 0.100000
v -0.339559 0.420000 0.140000
v -0.327648 0.420000 0.165000
v -0.344667 0.460000 0.020000
v -0.344667 0.460000 0.060000
v -0.344667 0.460000 0.100000
v -0.340231 0.460000 0.140000
v -0.327898 0.460000 0.165000
v -0.344178 0.500000 0.020000
v -0.344178 0.500000 0.060000
v -0.344178 0.500000 0.100000
v -0.339842 0.500000 0.140000
v -0.327753 0.500000 0.165000
v -0.342053 0.540000 0.020000
v -0.342053 0.540000 0.060000
v -0.342053 0.540000 0.100000
v -0.338217 0.540000 0.140000
v -0.327190 0.540000 0.165000
v -0.338421 0.580000 0.020000
v -0.338421 0.580000 0.060000
v -0.338421 0.580000 0.100000
v -0.335599 0.580000 0.140000
v -0.326389 0.580000 0.165000
v -0.332592 0.620000 0.020000
v -0.332592 0.620000 0.060000
v -0.332592 0.620000 0.100000
v -0.331505 0.620000 0.140000
v -0.325209 0.620000 0.164761
v -0.620000 0.766667 0.020000
v -0.620000 0.766667 0.060000
v -0.620000 0.766667 0.100000
v -0.620000 0.771333 0.140000
v -0.620000 0.788000 0.165000
v -0.620000 0.820000 0.170000
v -0.620000 0.860000 0.170000
v -0.620000 0.900000 0.170000
v -0.620000 0.930667 0.020000
v -0.620000 0.930667 0.060000
v -0.620000 0.930667 0.100000
v -0.620000 0.930418 0.140000
v -0.620000 0.925085 0.165000
v -0.580000 0.766667 0.020000
v -0.580000 0.766667 0.060000
v -0.580000 0.766667 0.100000
v -0.580000 0.771333 0.140000
v -0.580000 0.788000 0.165000
v -0.580000 0.820000 0.170000
v -0.580000 0.860000 0.170000
v -0.580000 0.900000 0.170000
v -0.580000 0.930667 0.020000
v -0.580000 0.930667 0.060000
v -0.580000 0.930667 0.100000
v -0.580000 0.930418 0.140000
v -0.580000 0.925085 0.165000
v -0.540000 0.766667 0.020000
v -0.540000 0.766667 0.060000
v -0.540000 0.766667 0.100000
v -0.540000 0.771333 0.140000
v -0.540000 0.788000 0.165000
v -0.540000 0.820000 0.170000
v -0.540000 0.860000 0.170000
v -0.540000 0.900000 0.170000
v -0.540000 0.930667 0.020000
v -0.540000 0.930667 0.060000
v -0.540000 0.930667 0.100000
v -0.540000 0.930418 0.140000
v -0.540000 0.925085 0.165000
v -0.500000 0.775833 0.020000
v -0.500000 0.775833 0.060000
v -0.500000 0.775833 0.100000
v -0.500000 0.778166 0.140000
v -0.500000 0.790250 0.163677
v -0.500000 0.820000 0.167353
v -0.500000 0.860000 0.167353
v -0.500000 0.900000 0.167353
v -0.500000 0.927734 0.020000
v -0.500000 0.927734 0.060000
v -0.500000 0.927734 0.100000
v -0.500000 0.927609 0.140000
v -0.500000 0.923743 0.163677
v -0.478000 0.792500 0.020000
v -0.478000 0.792500 0.060000
v -0.478000 0.792500 0.100000
v -0.478000 0.792500 0.140000
v -0.478667 0.795000 0.161569
v -0.476000 0.820000 0.020000
v -0.476000 0.820000 0.060000
v -0.476000 0.820000 0.100000
v -0.476000 0.820000 0.140000
v -0.478000 0.820000 0.162353
v -0.476000 0.860000 0.020000
v -0.476000 0.860000 0.060000
v -0.476000 0.860000 0.100000
v -0.476000 0.860000 0.140000
v -0.478000 0.860000 0.162353
v -0.476000 0.900000 0.020000
v -0.476000 0.900000 0.060000
v -0.476000 0.900000 0.100000
v -0.476000 0.900000 0.140000
v -0.478000 0.900000 0.162353
v -0.478000 0.922400 0.020000
v -0.478000 0.922400 0.060000
v -0.478000 0.922400 0.100000
v -0.478000 0.922400 0.140000
v -0.478667 0.921600 0.161569
v -0.324467 0.659614 0.020000
v -0.324467 0.659614 0.060000
v -0.324467 0.659614 0.100000
v -0.324467 0.659614 0.140000
v -0.322978 0.653076 0.163014
v -0.282830 0.155013 0.020000
v -0.282830 0.155013 0.060000
v -0.282830 0.155013 0.100000
v -0.282830 0.155013 0.140000
v -0.281887 0.156676 0.161959
v -0.294568 0.180000 0.020000
v -0.294568 0.180000 0.060000
v -0.294568 0.180000 0.100000
v -0.292680 0.180000 0.140000
v -0.285397 0.180000 0.163970
v -0.310002 0.220000 0.020000
v -0.310002 0.220000 0.060000
v -0.310002 0.220000 0.100000
v -0.306491 0.220000 0.140000
v -0.291490 0.220000 0.165000
v -0.318264 0.246633 0.020000
v -0.318264 0.246633 0.060000
v -0.318264 0.246633 0.100000
v -0.316641 0.246633 0.140000
v -0.302007 0.258653 0.165458
v -0.300000 0.300000 0.169322
v -0.250769 0.106149 0.020000
v -0.250769 0.106149 0.060000
v -0.250769 0.106149 0.100000
v -0.249297 0.107537 0.140000
v -0.245217 0.112617 0.163333
v -0.270769 0.135013 0.020000
v -0.270769 0.135013 0.060000
v -0.270769 0.135013 0.100000
v -0.269297 0.135013 0.140000
v -0.259130 0.142005 0.165176
v -0.260000 0.180000 0.168970
v -0.260000 0.220000 0.170000
v -0.260000 0.260000 0.170000
v -0.260000 0.300000 0.170000
v -0.214325 0.066829 0.020000
v -0.214325 0.066829 0.060000
v -0.214325 0.066829 0.100000
v -0.212700 0.068547 0.140000
v -0.207383 0.073510 0.163333
v -0.234325 0.086149 0.020000
v -0.234325 0.086149 0.060000
v -0.234325 0.086149 0.100000
v -0.232700 0.087537 0.140000
v -0.220430 0.099570 0.166000
v -0.220000 0.140000 0.170000
v -0.220000 0.180000 0.170000
v -0.220000 0.220000 0.170000
v -0.220000 0.260000 0.170000
v -0.220000 0.300000 0.170000
v -0.170351 0.033494 0.020000
v -0.170351 0.033494 0.060000
v -0.170351 0.033494 0.100000
v -0.170043 0.033758 0.140000
v -0.166490 0.036015 0.163333
v -0.190351 0.046829 0.020000
v -0.190351 0.046829 0.060000
v -0.190351 0.046829 0.100000
v -0.190043 0.048547 0.140000
v -0.179894 0.060106 0.166000
v -0.180000 0.100000 0.170000
v -0.180000 0.140000 0.170000
v -0.180000 0.180000 0.170000
v -0.180000 0.220000 0.170000
v -0.180000 0.260000 0.170000
v -0.180000 0.300000 0.170000
v -0.140000 0.017764 0.020000
v -0.140000 0.017764 0.060000
v -0.140000 0.017764 0.100000
v -0.140000 0.020344 0.140000
v -0.140000 0.031462 0.165000
v -0.140000 0.060000 0.170000
v -0.140000 0.100000 0.170000
v -0.140000 0.140000 0.170000
v -0.140000 0.180000 0.170000
v -0.140000 0.220000 0.169584
v -0.121233 0.275630 0.020000
v -0.121233 0.275630 0.060000
v -0.121240 0.275630 0.100000
v -0.122795 0.275215 0.140000
v -0.137737 0.261920 0.165667
v -0.125636 0.300000 0.020000
v -0.125636 0.300000 0.060000
v -0.125645 0.300000 0.100000
v -0.129685 0.300000 0.140000
v -0.146857 0.300000 0.165000
v -0.106597 0.004270 0.020000
v -0.106597 0.004270 0.060000
v -0.106597 0.004270 0.100000
v -0.106597 0.006586 0.140000
v -0.098639 0.019561 0.164930
v -0.100000 0.060000 0.170000
v -0.100000 0.100000 0.170000
v -0.100000 0.140000 0.170000
v -0.084036 0.195419 0.020000
v -0.084036 0.195419 0.060000
v -0.084175 0.195358 0.100000
v -0.087032 0.192773 0.140000
v -0.099901 0.180099 0.166000
v -0.099491 0.220000 0.020000
v -0.099491 0.220000 0.060000
v -0.099629 0.220000 0.100000
v -0.102651 0.220000 0.140000
v -0.112767 0.220000 0.164584
v -0.115455 0.255630 0.020000
v -0.115455 0.255630 0.060000
v -0.115455 0.255630 0.100000
v -0.115618 0.255215 0.140000
v -0.117188 0.249867 0.162778
v -0.060000 0.020000 0.168663
v -0.060000 0.060000 0.170000
v -0.060000 0.100000 0.170000
v -0.040667 0.159578 0.020000
v -0.040667 0.159578 0.060000
v -0.040678 0.159566 0.100000
v -0.042687 0.157435 0.140000
v -0.057874 0.142126 0.166000
v -0.060667 0.175419 0.020000
v -0.060667 0.175419 0.060000
v -0.060678 0.175358 0.100000
v -0.062687 0.172773 0.140000
v -0.069790 0.166832 0.163333
v -0.020000 0.020000 0.170000
v -0.020000 0.060000 0.170000
v -0.020000 0.100000 0.170000
v -0.020000 0.152907 0.020000
v -0.020000 0.152907 0.060000
v -0.020000 0.152887 0.100000
v -0.020000 0.148371 0.140000
v -0.020000 0.131938 0.165000
v -0.300000 0.340000 0.170000
v -0.300000 0.380000 0.170000
v -0.300000 0.420000 0.170000
v -0.300000 0.460000 0.170000
v -0.300000 0.500000 0.170000
v -0.300000 0.540000 0.170000
v -0.300000 0.580000 0.170000
v -0.300000 0.620000 0.169761
v -0.260000 0.340000 0.170000
v -0.260000 0.380000 0.170000
v -0.260000 0.420000 0.170000
v -0.260000 0.460000 0.170000
v -0.260000 0.500000 0.170000
v -0.260000 0.540000 0.170000
v -0.260000 0.580000 0.170000
v -0.260000 0.620000 0.170000
v -0.220000 0.340000 0.170000
v -0.220000 0.380000 0.170000
v -0.220000 0.420000 0.170000
v -0.220000 0.460000 0.170000
v -0.220000 0.500000 0.170000
v -0.220000 0.540000 0.170000
v -0.220000 0.580000 0.170000
v -0.220000 0.620000 0.170000
v -0.180000 0.340000 0.170000
v -0.180000 0.380000 0.170000
v -0.180000 0.420000 0.170000
v -0.180000 0.460000 0.170000
v -0.180000 0.500000 0.170000
v -0.180000 0.540000 0.170000
v -0.180000 0.580000 0.170000
v -0.180000 0.620000 0.170000
v -0.130107 0.340000 0.020000
v -0.130107 0.340000 0.060000
v -0.130110 0.340000 0.100000
v -0.135072 0.340000 0.140000
v -0.150015 0.340000 0.165000
v -0.131704 0.380000 0.020000
v -0.131704 0.380000 0.060000
v -0.131705 0.380000 0.100000
v -0.136636 0.380000 0.140000
v -0.150784 0.380000 0.165000
v -0.132000 0.420000 0.020000
v -0.132000 0.420000 0.060000
v -0.132000 0.420000 0.100000
v -0.136909 0.420000 0.140000
v -0.150909 0.420000 0.165000
v -0.132000 0.460000 0.020000
v -0.132000 0.460000 0.060000
v -0.132000 0.460000 0.100000
v -0.136909 0.460000 0.140000
v -0.150909 0.460000 0.165000
v -0.132000 0.500000 0.020000
v -0.132000 0.500000 0.060000
v -0.132000 0.500000 0.100000
v -0.136909 0.500000 0.140000
v -0.150909 0.500000 0.165000
v -0.131834 0.540000 0.020000
v -0.131834 0.540000 0.060000
v -0.131834 0.540000 0.100000
v -0.136757 0.540000 0.140000
v -0.150840 0.540000 0.165000
v -0.130664 0.580000 0.020000
v -0.130664 0.580000 0.060000
v -0.130669 0.580000 0.100000
v -0.135640 0.580000 0.140000
v -0.150303 0.580000 0.165000
v -0.127152 0.620000 0.020000
v -0.127152 0.620000 0.060000
v -0.127160 0.620000 0.100000
v -0.131726 0.620000 0.140000
v -0.148142 0.620000 0.165000
v -0.319910 0.679614 0.020000
v -0.319910 0.679614 0.060000
v -0.319910 0.679614 0.100000
v -0.319785 0.679614 0.140000
v -0.303864 0.663846 0.165809
v -0.313577 0.700000 0.020000
v -0.313577 0.700000 0.060000
v -0.313577 0.700000 0.100000
v -0.311171 0.700000 0.140000
v -0.294383 0.700000 0.165000
v -0.298878 0.740000 0.020000
v -0.298878 0.740000 0.060000
v -0.298878 0.740000 0.100000
v -0.296597 0.740000 0.140000
v -0.287158 0.740000 0.164908
v -0.285211 0.769800 0.020000
v -0.285211 0.769800 0.060000
v -0.285211 0.769800 0.100000
v -0.285211 0.769800 0.140000
v -0.283474 0.766534 0.163211
v -0.260000 0.660000 0.170000
v -0.260000 0.700000 0.170000
v -0.260000 0.740000 0.169908
v -0.274159 0.789800 0.020000
v -0.274159 0.789800 0.060000
v -0.274159 0.789800 0.100000
v -0.272104 0.789800 0.140000
v -0.260019 0.779920 0.165927
v -0.254159 0.819147 0.020000
v -0.254159 0.819147 0.060000
v -0.254159 0.819147 0.100000
v -0.252104 0.818608 0.140000
v -0.246699 0.812045 0.163333
v -0.220000 0.660000 0.170000
v -0.220000 0.700000 0.170000
v -0.220000 0.740000 0.170000
v -0.220000 0.780000 0.170000
v -0.239279 0.839148 0.020000
v -0.239279 0.839148 0.060000
v -0.239279 0.839148 0.100000
v -0.238673 0.838608 0.140000
v -0.223227 0.823227 0.166000
v -0.219279 0.858505 0.020000
v -0.219279 0.858505 0.060000
v -0.219279 0.858505 0.100000
v -0.218673 0.857376 0.140000
v -0.212045 0.850832 0.163333
v -0.180000 0.660000 0.170000
v -0.180000 0.700000 0.170000
v -0.180000 0.740000 0.170000
v -0.180000 0.780000 0.170000
v -0.180000 0.820000 0.170000
v -0.197983 0.878505 0.020000
v -0.197983 0.878505 0.060000
v -0.197983 0.878505 0.100000
v -0.197115 0.877376 0.140000
v -0.182499 0.862499 0.166000
v -0.177983 0.891840 0.020000
v -0.177983 0.891840 0.060000
v -0.177983 0.891840 0.100000
v -0.177115 0.890054 0.140000
v -0.170832 0.885512 0.163333
v -0.122321 0.649413 0.020000
v -0.122321 0.649413 0.060000
v -0.122325 0.649413 0.100000
v -0.124389 0.649891 0.140000
v -0.138579 0.660148 0.165027
v -0.140000 0.700000 0.168784
v -0.140000 0.740000 0.170000
v -0.140000 0.780000 0.170000
v -0.140000 0.820000 0.170000
v -0.140000 0.860000 0.170000
v -0.142467 0.911840 0.020000
v -0.142467 0.911840 0.060000
v -0.142467 0.911840 0.100000
v -0.142467 0.910054 0.140000
v -0.136987 0.899308 0.164499
v -0.122467 0.921063 0.020000
v -0.122467 0.921063 0.060000
v -0.122467 0.921063 0.100000
v -0.122467 0.921063 0.140000
v -0.121645 0.920709 0.160832
v -0.117319 0.669413 0.020000
v -0.117319 0.669413 0.060000
v -0.117319 0.669413 0.100000
v -0.117489 0.669891 0.140000
v -0.118439 0.673580 0.161712
v -0.105225 0.700000 0.020000
v -0.105225 0.700000 0.060000
v -0.105331 0.700000 0.100000
v -0.107634 0.700000 0.140000
v -0.114916 0.700000 0.163784
v -0.087906 0.729746 0.020000
v -0.087906 0.729746 0.060000
v -0.088012 0.729746 0.100000
v -0.090145 0.730960 0.140000
v -0.100869 0.740869 0.166000
v -0.100000 0.780000 0.170000
v -0.100000 0.820000 0.170000
v -0.100000 0.860000 0.170000
v -0.100000 0.900000 0.168124
v -0.100000 0.928409 0.020000
v -0.100000 0.928409 0.060000
v -0.100000 0.928409 0.100000
v -0.100000 0.927608 0.140000
v -0.100000 0.923404 0.163124
v -0.068474 0.749746 0.020000
v -0.068474 0.749746 0.060000
v -0.068475 0.749746 0.100000
v -0.069851 0.750960 0.140000
v -0.074152 0.754782 0.163333
v -0.048474 0.765812 0.020000
v -0.048474 0.765812 0.060000
v -0.048475 0.765984 0.100000
v -0.049851 0.768691 0.140000
v -0.060491 0.780491 0.166000
v -0.060000 0.820000 0.170000
v -0.060000 0.860000 0.170000
v -0.060000 0.900000 0.170000
v -0.060000 0.938664 0.020000
v -0.060000 0.938664 0.060000
v -0.060000 0.938664 0.100000
v -0.060000 0.935899 0.140000
v -0.060000 0.926568 0.165000
v -0.020000 0.777807 0.020000
v -0.020000 0.777807 0.060000
v -0.020000 0.777991 0.100000
v -0.020000 0.781760 0.140000
v -0.020000 0.792673 0.165000
v -0.020000 0.820000 0.170000
v -0.020000 0.860000 0.170000
v -0.020000 0.900000 0.170000
v -0.020000 0.943999 0.020000
v -0.020000 0.943999 0.060000
v -0.020000 0.943999 0.100000
v -0.020000 0.939759 0.140000
v -0.020000 0.927759 0.165000
v 0.020000 -0.005706 -0.165000
v 0.020000 -0.013161 -0.140000
v 0.020000 -0.014910 -0.100000
v 0.020000 -0.014910 -0.060000
v 0.020000 -0.014910 -0.020000
v 0.060000 -0.005519 -0.165000
v 0.060000 -0.012284 -0.140000
v 0.060000 -0.013531 -0.100000
v 0.060000 -0.013531 -0.060000
v 0.060000 -0.013531 -0.020000
v 0.100000 -0.003823 -0.163813
v 0.100000 -0.007981 -0.140000
v 0.100000 -0.008317 -0.100000
v 0.100000 -0.008317 -0.060000
v 0.100000 -0.008317 -0.020000
v 0.125196 -0.001565 -0.161750
v 0.127795 -0.002348 -0.140000
v 0.127795 -0.002348 -0.100000
v 0.127795 -0.002348 -0.060000
v 0.127795 -0.002348 -0.020000
v 0.667037 -0.003512 -0.163333
v 0.660534 -0.005431 -0.140000
v 0.660513 -0.005593 -0.100000
v 0.660513 -0.005593 -0.060000
v 0.660513 -0.005593 -0.020000
v 0.700000 -0.005526 -0.165000
v 0.700000 -0.012156 -0.140000
v 0.700000 -0.013260 -0.100000
v 0.700000 -0.013260 -0.060000
v 0.700000 -0.013260 -0.020000
v 0.740000 -0.005684 -0.165000
v 0.740000 -0.012979 -0.140000
v 0.740000 -0.014590 -0.100000
v 0.740000 -0.014590 -0.060000
v 0.740000 -0.014590 -0.020000
v 0.780000 -0.004053 -0.163892
v 0.780000 -0.008776 -0.140000
v 0.780000 -0.009445 -0.100000
v 0.780000 -0.009445 -0.060000
v 0.780000 -0.009445 -0.020000
v 0.803999 -0.001681 -0.161857
v 0.805998 -0.002522 -0.140000
v 0.805998 -0.002522 -0.100000
v 0.805998 -0.002522 -0.060000
v 0.805998 -0.002522 -0.020000
v 0.960000 -0.000000 -0.160000
v 0.960000 -0.000000 -0.140000
v 0.960000 -0.000000 -0.100000
v 0.960000 -0.000000 -0.060000
v 0.960000 -0.000000 -0.020000
v 0.980000 -0.000000 -0.160000
v 0.980000 -0.000000 -0.140000
v 0.980000 -0.000000 -0.100000
v 0.980000 -0.000000 -0.060000
v 0.980000 -0.000000 -0.020000
v 1.020000 -0.000000 -0.160000
v 1.020000 -0.000000 -0.140000
v 1.020000 -0.000000 -0.100000
v 1.020000 -0.000000 -0.060000
v 1.020000 -0.000000 -0.020000
v 1.060000 -0.000000 -0.160000
v 1.060000 -0.000000 -0.140000
v 1.060000 -0.000000 -0.100000
v 1.060000 -0.000000 -0.060000
v 1.060000 -0.000000 -0.020000
v 1.100000 -0.000000 -0.160000
v 1.100000 -0.000000 -0.140000
v 1.100000 -0.000000 -0.100000
v 1.100000 -0.000000 -0.060000
v 1.100000 -0.000000 -0.020000
v 1.120000 -0.000000 -0.160000
v 1.120000 -0.000000 -0.140000
v 1.120000 -0.000000 -0.100000
v 1.120000 -0.000000 -0.060000
v 1.120000 -0.000000 -0.020000
v 0.020000 -0.014910 0.020000
v 0.020000 -0.014910 0.060000
v 0.020000 -0.014910 0.100000
v 0.020000 -0.013161 0.140000
v 0.020000 -0.005706 0.165000
v 0.060000 -0.013531 0.020000
v 0.060000 -0.013531 0.060000
v 0.060000 -0.013531 0.100000
v 0.060000 -0.012284 0.140000
v 0.060000 -0.005519 0.165000
v 0.100000 -0.008317 0.020000
v 0.100000 -0.008317 0.060000
v 0.100000 -0.008317 0.100000
v 0.100000 -0.007981 0.140000
v 0.100000 -0.003823 0.163813
v 0.127795 -0.002348 0.020000
v 0.127795 -0.002348 0.060000
v 0.127795 -0.002348 0.100000
v 0.127795 -0.002348 0.140000
v 0.125196 -0.001565 0.161750
v 0.660513 -0.005593 0.020000
v 0.660513 -0.005593 0.060000
v 0.660513 -0.005593 0.100000
v 0.660534 -0.005431 0.140000
v 0.667037 -0.003512 0.163333
v 0.700000 -0.013260 0.020000
v 0.700000 -0.013260 0.060000
v 0.700000 -0.013260 0.100000
v 0.700000 -0.012156 0.140000
v 0.700000 -0.005526 0.165000
v 0.740000 -0.014590 0.020000
v 0.740000 -0.014590 0.060000
v 0.740000 -0.014590 0.100000
v 0.740000 -0.012979 0.140000
v 0.740000 -0.005684 0.165000
v 0.780000 -0.009445 0.020000
v 0.780000 -0.009445 0.060000
v 0.780000 -0.009445 0.100000
v 0.780000 -0.008776 0.140000
v 0.780000 -0.004053 0.163892
v 0.805998 -0.002522 0.020000
v 0.805998 -0.002522 0.060000
v 0.805998 -0.002522 0.100000
v 0.805998 -0.002522 0.140000
v 0.803999 -0.001681 0.161857
v 0.960000 -0.000000 0.020000
v 0.960000 -0.000000 0.060000
v 0.960000 -0.000000 0.100000
v 0.960000 -0.000000 0.140000
v 0.960000 -0.000000 0.160000
v 0.980000 -0.000000 0.020000
v 0.980000 -0.000000 0.060000
v 0.980000 -0.000000 0.100000
v 0.980000 -0.000000 0.140000
v 0.980000 -0.000000 0.160000
v 1.020000 -0.000000 0.020000
v 1.020000 -0.000000 0.060000
v 1.020000 -0.000000 0.100000
v 1.020000 -0.000000 0.140000
v 1.020000 -0.000000 0.160000
v 1.060000 -0.000000 0.020000
v 1.060000 -0.000000 0.060000
v 1.060000 -0.000000 0.100000
v 1.060000 -0.000000 0.140000
v 1.060000 -0.000000 0.160000
v 1.100000 -0.000000 0.020000
v 1.100000 -0.000000 0.060000
v 1.100000 -0.000000 0.100000
v 1.100000 -0.000000 0.140000
v 1.100000 -0.000000 0.160000
v 1.120000 -0.000000 0.020000
v 1.120000 -0.000000 0.060000
v 1.120000 -0.000000 0.100000
v 1.120000 -0.000000 0.140000
v 1.120000 -0.000000 0.160000
v 0.020000 0.020000 -0.170000
v 0.020000 0.060000 -0.170000
v 0.020000 0.100000 -0.170000
v 0.020000 0.128626 -0.165000
v 0.020000 0.142057 -0.140000
v 0.020000 0.146892 -0.100000
v 0.020000 0.146924 -0.060000
v 0.020000 0.146924 -0.020000
v 0.060000 0.020000 -0.170000
v 0.060000 0.060000 -0.170000
v 0.060000 0.100000 -0.170000
v 0.060000 0.133143 -0.165000
v 0.063196 0.151933 -0.140072
v 0.057989 0.153571 -0.100000
v 0.057989 0.153595 -0.060000
v 0.057989 0.153595 -0.020000
v 0.078659 0.160522 -0.126786
v 0.077989 0.160783 -0.100000
v 0.077989 0.160783 -0.060000
v 0.077989 0.160783 -0.020000
v 0.100000 0.020000 -0.168813
v 0.100000 0.060000 -0.170000
v 0.100000 0.100000 -0.170000
v 0.096963 0.143037 -0.166000
v 0.081605 0.158395 -0.153453
v 0.108271 0.168658 -0.163333
v 0.096963 0.172684 -0.140072
v 0.100000 0.178777 -0.100000
v 0.100000 0.178831 -0.060000
v 0.100000 0.178831 -0.020000
v 0.139118 0.019321 -0.165050
v 0.147795 0.006068 -0.140000
v 0.147795 0.003832 -0.100000
v 0.147795 0.003832 -0.060000
v 0.147795 0.003832 -0.020000
v 0.140000 0.060000 -0.170000
v 0.140000 0.100000 -0.170000
v 0.140000 0.140000 -0.170000
v 0.138805 0.181195 -0.166000
v 0.124388 0.195463 -0.140000
v 0.121711 0.197994 -0.100000
v 0.121660 0.198048 -0.060000
v 0.121660 0.198048 -0.020000
v 0.150646 0.220000 -0.165000
v 0.138091 0.220000 -0.140000
v 0.134832 0.220000 -0.100000
v 0.134773 0.220000 -0.060000
v 0.134773 0.220000 -0.020000
v 0.157068 0.260000 -0.162590
v 0.153561 0.260000 -0.140000
v 0.152979 0.260000 -0.100000
v 0.152971 0.260000 -0.060000
v 0.152971 0.260000 -0.020000
v 0.159905 0.280157 -0.160120
v 0.159858 0.280235 -0.140000
v 0.159858 0.280235 -0.100000
v 0.159858 0.280235 -0.060000
v 0.159858 0.280235 -0.020000
v 0.180000 0.031130 -0.165000
v 0.180000 0.019687 -0.140000
v 0.180000 0.017113 -0.100000
v 0.180000 0.017113 -0.060000
v 0.180000 0.017113 -0.020000
v 0.180000 0.060000 -0.170000
v 0.180000 0.100000 -0.170000
v 0.180000 0.140000 -0.170000
v 0.180000 0.180000 -0.170000
v 0.180000 0.220000 -0.170000
v 0.180000 0.260000 -0.167267
v 0.180000 0.282265 -0.162267
v 0.180000 0.284530 -0.140000
v 0.180000 0.284530 -0.100000
v 0.180000 0.284530 -0.060000
v 0.180000 0.284530 -0.020000
v 0.206313 0.035971 -0.163333
v 0.209859 0.033619 -0.140000
v 0.210247 0.033281 -0.100000
v 0.210247 0.033281 -0.060000
v 0.210247 0.033281 -0.020000
v 0.219788 0.060212 -0.166000
v 0.229859 0.048938 -0.140000
v 0.230247 0.047346 -0.100000
v 0.230247 0.047346 -0.060000
v 0.230247 0.047346 -0.020000
v 0.220000 0.100000 -0.170000
v 0.220000 0.140000 -0.170000
v 0.220000 0.180000 -0.170000
v 0.220000 0.220000 -0.170000
v 0.223075 0.263212 -0.165742
v 0.237686 0.278735 -0.140000
v 0.237686 0.279438 -0.100000
v 0.237686 0.279438 -0.060000
v 0.237686 0.279438 -0.020000
v 0.211791 0.282864 -0.162903
v 0.217686 0.284295 -0.140000
v 0.217686 0.284295 -0.100000
v 0.217686 0.284295 -0.060000
v 0.217686 0.284295 -0.020000
v 0.246767 0.073687 -0.163333
v 0.251713 0.068938 -0.140000
v 0.253275 0.067346 -0.100000
v 0.253275 0.067346 -0.060000
v 0.253275 0.067346 -0.020000
v 0.260060 0.099940 -0.166000
v 0.271713 0.088886 -0.140000
v 0.273275 0.087923 -0.100000
v 0.273275 0.087923 -0.060000
v 0.273275 0.087923 -0.020000
v 0.260000 0.140000 -0.170000
v 0.260000 0.180000 -0.170000
v 0.260000 0.220000 -0.170000
v 0.260000 0.253886 -0.165000
v 0.260000 0.270896 -0.140000
v 0.260000 0.274019 -0.100000
v 0.260000 0.274019 -0.060000
v 0.260000 0.274019 -0.020000
v 0.284543 0.113233 -0.163333
v 0.287740 0.108886 -0.140000
v 0.288665 0.107923 -0.100000
v 0.288665 0.107923 -0.060000
v 0.288665 0.107923 -0.020000
v 0.292750 0.140000 -0.165000
v 0.306887 0.140000 -0.140000
v 0.308275 0.140000 -0.100000
v 0.308275 0.140000 -0.060000
v 0.308275 0.140000 -0.020000
v 0.303474 0.176526 -0.166000
v 0.319148 0.161119 -0.140000
v 0.319611 0.160924 -0.100000
v 0.319611 0.160924 -0.060000
v 0.319611 0.160924 -0.020000
v 0.300000 0.220000 -0.170000
v 0.300000 0.248207 -0.165000
v 0.300000 0.260359 -0.140000
v 0.300000 0.264305 -0.100000
v 0.300000 0.264305 -0.060000
v 0.300000 0.264305 -0.020000
v 0.020000 0.794072 -0.165000
v 0.020000 0.786005 -0.140000
v 0.020000 0.783802 -0.100000
v 0.020000 0.783738 -0.060000
v 0.020000 0.783738 -0.020000
v 0.020000 0.820000 -0.170000
v 0.020000 0.860000 -0.170000
v 0.020000 0.900000 -0.170000
v 0.020000 0.928197 -0.165000
v 0.020000 0.940985 -0.140000
v 0.020000 0.945577 -0.100000
v 0.020000 0.945577 -0.060000
v 0.020000 0.945577 -0.020000
v 0.060000 0.792191 -0.165000
v 0.060000 0.780486 -0.140000
v 0.060000 0.776405 -0.100000
v 0.060000 0.776219 -0.060000
v 0.060000 0.776219 -0.020000
v 0.060000 0.820000 -0.170000
v 0.060000 0.860000 -0.170000
v 0.060000 0.900000 -0.170000
v 0.060000 0.927810 -0.165000
v 0.060000 0.939908 -0.140000
v 0.060000 0.944197 -0.100000
v 0.060000 0.944197 -0.060000
v 0.060000 0.944197 -0.020000
v 0.113571 0.753790 -0.163333
v 0.108309 0.748876 -0.140000
v 0.106243 0.747048 -0.100000
v 0.106225 0.747029 -0.060000
v 0.106225 0.747029 -0.020000
v 0.100142 0.780143 -0.166000
v 0.088309 0.767550 -0.140000
v 0.086243 0.764610 -0.100000
v 0.086225 0.764477 -0.060000
v 0.086225 0.764477 -0.020000
v 0.100000 0.820000 -0.170000
v 0.100000 0.860000 -0.170000
v 0.100000 0.900000 -0.170000
v 0.100000 0.926636 -0.165000
v 0.100000 0.936128 -0.140000
v 0.100000 0.938984 -0.100000
v 0.100000 0.938984 -0.060000
v 0.100000 0.938984 -0.020000
v 0.156972 0.669480 -0.162955
v 0.155326 0.664106 -0.140000
v 0.155194 0.663992 -0.100000
v 0.155194 0.663992 -0.060000
v 0.155194 0.663992 -0.020000
v 0.153071 0.700000 -0.164716
v 0.143552 0.700000 -0.140000
v 0.140833 0.700000 -0.100000
v 0.140704 0.700000 -0.060000
v 0.140704 0.700000 -0.020000
v 0.140274 0.740274 -0.166000
v 0.128226 0.728876 -0.140000
v 0.125639 0.727048 -0.100000
v 0.125510 0.727029 -0.060000
v 0.125510 0.727029 -0.020000
v 0.140000 0.780000 -0.170000
v 0.140000 0.820000 -0.170000
v 0.140000 0.860000 -0.170000
v 0.140000 0.900000 -0.168348
v 0.140000 0.923710 -0.163348
v 0.140000 0.928300 -0.140000
v 0.140000 0.929181 -0.100000
v 0.140000 0.929181 -0.060000
v 0.140000 0.929181 -0.020000
v 0.180000 0.663789 -0.164716
v 0.180000 0.646304 -0.140000
v 0.180000 0.645030 -0.100000
v 0.180000 0.645030 -0.060000
v 0.180000 0.645030 -0.020000
v 0.180000 0.700000 -0.169716
v 0.180000 0.740000 -0.170000
v 0.180000 0.780000 -0.170000
v 0.180000 0.820000 -0.170000
v 0.180000 0.860000 -0.170000
v 0.177340 0.899359 -0.164679
v 0.183350 0.910224 -0.140000
v 0.183350 0.912052 -0.100000
v 0.183350 0.912052 -0.060000
v 0.183350 0.912052 -0.020000
v 0.162233 0.921000 -0.161131
v 0.163350 0.921500 -0.140000
v 0.163350 0.921500 -0.100000
v 0.163350 0.921500 -0.060000
v 0.163350 0.921500 -0.020000
v 0.220000 0.667018 -0.165000
v 0.220000 0.650485 -0.140000
v 0.220000 0.646933 -0.100000
v 0.220000 0.646933 -0.060000
v 0.220000 0.646933 -0.020000
v 0.220000 0.700000 -0.170000
v 0.220000 0.740000 -0.170000
v 0.220000 0.780000 -0.170000
v 0.220000 0.820000 -0.170000
v 0.222337 0.862337 -0.166000
v 0.236808 0.877027 -0.140000
v 0.237774 0.878212 -0.100000
v 0.237774 0.878212 -0.060000
v 0.237774 0.878212 -0.020000
v 0.210561 0.885597 -0.163333
v 0.216808 0.890224 -0.140000
v 0.217774 0.892052 -0.100000
v 0.217774 0.892052 -0.060000
v 0.217774 0.892052 -0.020000
v 0.260000 0.672103 -0.165000
v 0.260000 0.660427 -0.140000
v 0.260000 0.656648 -0.100000
v 0.260000 0.656648 -0.060000
v 0.260000 0.656648 -0.020000
v 0.260000 0.700000 -0.170000
v 0.260000 0.740000 -0.170000
v 0.260000 0.780000 -0.170000
v 0.262096 0.822096 -0.166000
v 0.276574 0.836289 -0.140000
v 0.277908 0.837339 -0.100000
v 0.277908 0.837339 -0.060000
v 0.277908 0.837339 -0.020000
v 0.250160 0.850561 -0.163333
v 0.256574 0.857027 -0.140000
v 0.257908 0.858212 -0.100000
v 0.257908 0.858212 -0.060000
v 0.257908 0.858212 -0.020000
v 0.300000 0.674568 -0.164715
v 0.300000 0.667749 -0.140000
v 0.300000 0.666362 -0.100000
v 0.300000 0.666362 -0.060000
v 0.300000 0.666362 -0.020000
v 0.300000 0.700000 -0.169715
v 0.300000 0.740000 -0.168641
v 0.299363 0.777751 -0.164912
v 0.310164 0.784376 -0.140000
v 0.311921 0.784376 -0.100000
v 0.311921 0.784376 -0.060000
v 0.311921 0.784376 -0.020000
v 0.285605 0.810160 -0.163333
v 0.290164 0.816289 -0.140000
v 0.291921 0.817339 -0.100000
v 0.291921 0.817339 -0.060000
v 0.291921 0.817339 -0.020000
v 0.324032 0.187543 -0.163333
v 0.326889 0.181119 -0.140000
v 0.327730 0.180924 -0.100000
v 0.327730 0.180924 -0.060000
v 0.327730 0.180924 -0.020000
v 0.327541 0.220000 -0.165000
v 0.337494 0.220000 -0.140000
v 0.339908 0.220000 -0.100000
v 0.339908 0.220000 -0.060000
v 0.339908 0.220000 -0.020000
v 0.326022 0.244449 -0.163333
v 0.330606 0.248198 -0.140000
v 0.332178 0.249724 -0.100000
v 0.332178 0.249724 -0.060000
v 0.332178 0.249724 -0.020000
v 0.476417 0.226816 -0.163333
v 0.474571 0.220223 -0.140000
v 0.474516 0.220223 -0.100000
v 0.474516 0.220223 -0.060000
v 0.474516 0.220223 -0.020000
v 0.474086 0.260000 -0.165000
v 0.466563 0.260000 -0.140000
v 0.464955 0.260000 -0.100000
v 0.464955 0.260000 -0.060000
v 0.464955 0.260000 -0.020000
v 0.472726 0.300000 -0.165000
v 0.461658 0.300000 -0.140000
v 0.457863 0.300000 -0.100000
v 0.457863 0.300000 -0.060000
v 0.457863 0.300000 -0.020000
v 0.517890 0.116477 -0.162117
v 0.516836 0.114716 -0.140000
v 0.516836 0.114716 -0.100000
v 0.516836 0.114716 -0.060000
v 0.516836 0.114716 -0.020000
v 0.514203 0.140000 -0.164088
v 0.506305 0.140000 -0.140000
v 0.504203 0.140000 -0.100000
v 0.504203 0.140000 -0.060000
v 0.504203 0.140000 -0.020000
v 0.505897 0.180000 -0.165000
v 0.489611 0.180000 -0.140000
v 0.487428 0.180000 -0.100000
v 0.487428 0.180000 -0.060000
v 0.487428 0.180000 -0.020000
v 0.496090 0.216090 -0.166000
v 0.480142 0.200223 -0.140000
v 0.480060 0.200223 -0.100000
v 0.480060 0.200223 -0.060000
v 0.480060 0.200223 -0.020000
v 0.500000 0.260000 -0.170000
v 0.500000 0.300000 -0.170000
v 0.554826 0.073571 -0.163333
v 0.550975 0.069092 -0.140000
v 0.549712 0.067827 -0.100000
v 0.549712 0.067827 -0.060000
v 0.549712 0.067827 -0.020000
v 0.540896 0.101886 -0.165270
v 0.530975 0.094716 -0.140000
v 0.529712 0.094716 -0.100000
v 0.529712 0.094716 -0.060000
v 0.529712 0.094716 -0.020000
v 0.540000 0.140000 -0.169088
v 0.540000 0.180000 -0.170000
v 0.540000 0.220000 -0.170000
v 0.540000 0.260000 -0.170000
v 0.540000 0.300000 -0.170000
v 0.593571 0.035194 -0.163333
v 0.589378 0.031842 -0.140000
v 0.588400 0.030893 -0.100000
v 0.588400 0.030893 -0.060000
v 0.588400 0.030893 -0.020000
v 0.580143 0.060143 -0.166000
v 0.569378 0.049092 -0.140000
v 0.568400 0.047827 -0.100000
v 0.568400 0.047827 -0.060000
v 0.568400 0.047827 -0.020000
v 0.580000 0.100000 -0.170000
v 0.580000 0.140000 -0.170000
v 0.580000 0.180000 -0.170000
v 0.580000 0.220000 -0.170000
v 0.580000 0.260000 -0.170000
v 0.580000 0.300000 -0.170000
v 0.620000 0.026673 -0.165000
v 0.620000 0.012199 -0.140000
v 0.620000 0.011052 -0.100000
v 0.620000 0.011052 -0.060000
v 0.620000 0.011052 -0.020000
v 0.620000 0.060000 -0.170000
v 0.620000 0.100000 -0.170000
v 0.620000 0.140000 -0.170000
v 0.620000 0.180000 -0.170000
v 0.620000 0.220000 -0.170000
v 0.620000 0.260000 -0.170000
v 0.620000 0.300000 -0.170000
v 0.471202 0.340000 -0.165000
v 0.457687 0.340000 -0.140000
v 0.452970 0.340000 -0.100000
v 0.452970 0.340000 -0.060000
v 0.452970 0.340000 -0.020000
v 0.469785 0.380000 -0.165000
v 0.454635 0.380000 -0.140000
v 0.449700 0.380000 -0.100000
v 0.449700 0.380000 -0.060000
v 0.449700 0.380000 -0.020000
v 0.468709 0.420000 -0.165000
v 0.452577 0.420000 -0.140000
v 0.447736 0.420000 -0.100000
v 0.447736 0.420000 -0.060000
v 0.447736 0.420000 -0.020000
v 0.468415 0.460000 -0.165000
v 0.452049 0.460000 -0.140000
v 0.447268 0.460000 -0.100000
v 0.447268 0.460000 -0.060000
v 0.447268 0.460000 -0.020000
v 0.468871 0.500000 -0.165000
v 0.452869 0.500000 -0.140000
v 0.447997 0.500000 -0.100000
v 0.447997 0.500000 -0.060000
v 0.447997 0.500000 -0.020000
v 0.470019 0.540000 -0.165000
v 0.455114 0.540000 -0.140000
v 0.450189 0.540000 -0.100000
v 0.450189 0.540000 -0.060000
v 0.450189 0.540000 -0.020000
v 0.471509 0.580000 -0.165000
v 0.458410 0.580000 -0.140000
v 0.453802 0.580000 -0.100000
v 0.453802 0.580000 -0.060000
v 0.453802 0.580000 -0.020000
v 0.473057 0.620000 -0.165000
v 0.462784 0.620000 -0.140000
v 0.459454 0.620000 -0.100000
v 0.459454 0.620000 -0.060000
v 0.459454 0.620000 -0.020000
v 0.500000 0.340000 -0.170000
v 0.500000 0.380000 -0.170000
v 0.500000 0.420000 -0.170000
v 0.500000 0.460000 -0.170000
v 0.500000 0.500000 -0.170000
v 0.500000 0.540000 -0.170000
v 0.500000 0.580000 -0.170000
v 0.500000 0.620000 -0.170000
v 0.540000 0.340000 -0.170000
v 0.540000 0.380000 -0.170000
v 0.540000 0.420000 -0.170000
v 0.540000 0.460000 -0.170000
v 0.540000 0.500000 -0.170000
v 0.540000 0.540000 -0.170000
v 0.540000 0.580000 -0.170000
v 0.540000 0.620000 -0.170000
v 0.580000 0.340000 -0.170000
v 0.580000 0.380000 -0.170000
v 0.580000 0.420000 -0.170000
v 0.580000 0.460000 -0.170000
v 0.580000 0.500000 -0.170000
v 0.580000 0.540000 -0.170000
v 0.580000 0.580000 -0.170000
v 0.580000 0.620000 -0.170000
v 0.620000 0.340000 -0.170000
v 0.620000 0.380000 -0.170000
v 0.620000 0.420000 -0.170000
v 0.620000 0.460000 -0.170000
v 0.620000 0.500000 -0.170000
v 0.620000 0.540000 -0.170000
v 0.620000 0.580000 -0.170000
v 0.620000 0.620000 -0.170000
v 0.326335 0.677073 -0.162953
v 0.329502 0.675610 -0.140000
v 0.329502 0.675610 -0.100000
v 0.329502 0.675610 -0.060000
v 0.329502 0.675610 -0.020000
v 0.328108 0.700000 -0.164715
v 0.337645 0.700000 -0.140000
v 0.339075 0.700000 -0.100000
v 0.339075 0.700000 -0.060000
v 0.339075 0.700000 -0.020000
v 0.324403 0.740000 -0.163641
v 0.330235 0.740000 -0.140000
v 0.331665 0.740000 -0.100000
v 0.331665 0.740000 -0.060000
v 0.331665 0.740000 -0.020000
v 0.321395 0.762918 -0.161521
v 0.322092 0.764376 -0.140000
v 0.322092 0.764376 -0.100000
v 0.322092 0.764376 -0.060000
v 0.322092 0.764376 -0.020000
v 0.474875 0.660000 -0.164554
v 0.468559 0.660000 -0.140000
v 0.467368 0.660000 -0.100000
v 0.467368 0.660000 -0.060000
v 0.467368 0.660000 -0.020000
v 0.477249 0.689201 -0.162739
v 0.475855 0.693802 -0.140000
v 0.475837 0.693802 -0.100000
v 0.475837 0.693802 -0.060000
v 0.475837 0.693802 -0.020000
v 0.500000 0.660000 -0.169554
v 0.498067 0.701521 -0.165643
v 0.483511 0.713802 -0.140000
v 0.481857 0.713802 -0.100000
v 0.481857 0.713802 -0.060000
v 0.481857 0.713802 -0.020000
v 0.509066 0.740000 -0.165000
v 0.495002 0.740000 -0.140000
v 0.491871 0.740000 -0.100000
v 0.491871 0.740000 -0.060000
v 0.491871 0.740000 -0.020000
v 0.515310 0.772059 -0.163333
v 0.511490 0.778500 -0.140000
v 0.510015 0.778912 -0.100000
v 0.510015 0.778912 -0.060000
v 0.510015 0.778912 -0.020000
v 0.540000 0.660000 -0.170000
v 0.540000 0.700000 -0.170000
v 0.540000 0.740000 -0.170000
v 0.536765 0.783235 -0.166000
v 0.521264 0.798500 -0.140000
v 0.520616 0.798912 -0.100000
v 0.520616 0.798912 -0.060000
v 0.520616 0.798912 -0.020000
v 0.548396 0.820000 -0.164577
v 0.536143 0.820000 -0.140000
v 0.535495 0.820000 -0.100000
v 0.535495 0.820000 -0.060000
v 0.535495 0.820000 -0.020000
v 0.556586 0.843805 -0.162770
v 0.554879 0.845707 -0.140000
v 0.554879 0.845707 -0.100000
v 0.554879 0.845707 -0.060000
v 0.554879 0.845707 -0.020000
v 0.580000 0.660000 -0.170000
v 0.580000 0.700000 -0.170000
v 0.580000 0.740000 -0.170000
v 0.580000 0.780000 -0.170000
v 0.580000 0.820000 -0.169577
v 0.582073 0.858283 -0.165041
v 0.575183 0.865707 -0.140000
v 0.575183 0.865707 -0.100000
v 0.575183 0.865707 -0.060000
v 0.575183 0.865707 -0.020000
v 0.596789 0.882512 -0.162299
v 0.595183 0.883768 -0.140000
v 0.595183 0.883768 -0.100000
v 0.595183 0.883768 -0.060000
v 0.595183 0.883768 -0.020000
v 0.620000 0.660000 -0.170000
v 0.620000 0.700000 -0.170000
v 0.620000 0.740000 -0.170000
v 0.620000 0.780000 -0.170000
v 0.620000 0.820000 -0.170000
v 0.620000 0.860000 -0.169224
v 0.620000 0.887874 -0.164224
v 0.620000 0.897818 -0.140000
v 0.620000 0.899887 -0.100000
v 0.620000 0.899887 -0.060000
v 0.620000 0.899887 -0.020000
v 0.656222 0.016222 -0.166000
v 0.640534 0.000357 -0.140000
v 0.640513 0.000159 -0.100000
v 0.640513 0.000159 -0.060000
v 0.640513 0.000159 -0.020000
v 0.660000 0.060000 -0.170000
v 0.660000 0.100000 -0.170000
v 0.660000 0.140000 -0.170000
v 0.660000 0.180000 -0.170000
v 0.663603 0.223603 -0.166000
v 0.679338 0.239338 -0.156423
v 0.654376 0.260000 -0.165000
v 0.673373 0.256970 -0.141854
v 0.674707 0.262424 -0.100000
v 0.674734 0.262424 -0.060000
v 0.674734 0.262424 -0.020000
v 0.648547 0.300000 -0.165000
v 0.661552 0.300000 -0.140000
v 0.666062 0.300000 -0.100000
v 0.666114 0.300000 -0.060000
v 0.666114 0.300000 -0.020000
v 0.700000 0.020000 -0.170000
v 0.700000 0.060000 -0.170000
v 0.700000 0.100000 -0.170000
v 0.700000 0.140000 -0.170000
v 0.699278 0.179278 -0.166000
v 0.710203 0.190039 -0.140000
v 0.712292 0.191912 -0.100000
v 0.712372 0.191942 -0.060000
v 0.712372 0.191942 -0.020000
v 0.685464 0.212671 -0.163333
v 0.688468 0.223603 -0.141854
v 0.693054 0.220000 -0.100000
v 0.693134 0.220000 -0.060000
v 0.693134 0.220000 -0.020000
v 0.680508 0.241616 -0.129756
v 0.680762 0.242424 -0.100000
v 0.680762 0.242424 -0.060000
v 0.680762 0.242424 -0.020000
v 0.740000 0.020000 -0.170000
v 0.740000 0.060000 -0.170000
v 0.740000 0.100000 -0.170000
v 0.741197 0.141197 -0.166000
v 0.754798 0.155492 -0.140000
v 0.756621 0.158021 -0.100000
v 0.756639 0.158051 -0.060000
v 0.756639 0.158051 -0.020000
v 0.728662 0.165464 -0.163333
v 0.734798 0.170039 -0.140000
v 0.736621 0.171912 -0.100000
v 0.736639 0.171942 -0.060000
v 0.736639 0.171942 -0.020000
v 0.780000 0.020000 -0.168892
v 0.780000 0.060000 -0.170000
v 0.780000 0.100000 -0.170000
v 0.780000 0.130726 -0.165000
v 0.780000 0.146309 -0.140000
v 0.780000 0.151204 -0.100000
v 0.780000 0.151241 -0.060000
v 0.780000 0.151241 -0.020000
v 0.818399 0.020249 -0.165114
v 0.825998 0.008645 -0.140000
v 0.825998 0.006614 -0.100000
v 0.825998 0.006563 -0.060000
v 0.825998 0.006563 -0.020000
v 0.820000 0.060000 -0.170000
v 0.820000 0.100000 -0.170000
v 0.820000 0.128721 -0.165000
v 0.820000 0.142240 -0.140000
v 0.820000 0.147089 -0.100000
v 0.820000 0.147138 -0.060000
v 0.820000 0.147138 -0.020000
v 0.850374 0.033749 -0.163333
v 0.862224 0.029814 -0.141196
v 0.860000 0.023788 -0.100000
v 0.860000 0.023663 -0.060000
v 0.860000 0.023663 -0.020000
v 0.862224 0.058983 -0.165103
v 0.877041 0.044972 -0.155327
v 0.860000 0.100000 -0.168879
v 0.860000 0.134466 -0.165000
v 0.862602 0.153118 -0.143923
v 0.856504 0.153906 -0.100000
v 0.856504 0.153948 -0.060000
v 0.856504 0.153948 -0.020000
v 0.877669 0.160932 -0.133204
v 0.876504 0.161398 -0.100000
v 0.876504 0.161398 -0.060000
v 0.876504 0.161398 -0.020000
v 0.900000 0.033300 -0.132317
v 0.900000 0.026528 -0.100000
v 0.900000 0.026455 -0.060000
v 0.900000 0.026455 -0.020000
v 0.888776 0.071638 -0.161839
v 0.901266 0.058983 -0.153217
v 0.901266 0.097612 -0.165085
v 0.915443 0.082687 -0.158939
v 0.896020 0.143980 -0.165981
v 0.880033 0.159967 -0.159871
v 0.906700 0.169479 -0.163333
v 0.896020 0.174055 -0.143923
v 0.900000 0.180935 -0.100000
v 0.900000 0.180951 -0.060000
v 0.900000 0.180951 -0.020000
v 0.956677 0.020000 -0.162500
v 0.941342 0.019742 -0.140658
v 0.940000 0.009354 -0.100000
v 0.940000 0.009354 -0.060000
v 0.940000 0.009354 -0.020000
v 0.948672 0.060000 -0.165000
v 0.928672 0.060000 -0.155026
v 0.937596 0.097612 -0.165981
v 0.922660 0.082687 -0.158939
v 0.940000 0.140000 -0.169977
v 0.938313 0.181688 -0.166000
v 0.923088 0.196870 -0.140000
v 0.920379 0.199537 -0.100000
v 0.920364 0.199553 -0.060000
v 0.920364 0.199553 -0.020000
v 0.949687 0.220000 -0.165000
v 0.935273 0.220000 -0.140000
v 0.931080 0.220000 -0.100000
v 0.930988 0.220000 -0.060000
v 0.930988 0.220000 -0.020000
v 0.954136 0.260000 -0.165000
v 0.946432 0.260000 -0.140000
v 0.944508 0.260000 -0.100000
v 0.944426 0.260000 -0.060000
v 0.944426 0.260000 -0.020000
v 0.954191 0.300000 -0.165000
v 0.946425 0.300000 -0.140000
v 0.944464 0.300000 -0.100000
v 0.944458 0.300000 -0.060000
v 0.944458 0.300000 -0.020000
v 0.646948 0.340000 -0.165000
v 0.657479 0.340000 -0.140000
v 0.661086 0.340000 -0.100000
v 0.661111 0.340000 -0.060000
v 0.661111 0.340000 -0.020000
v 0.646466 0.380000 -0.165000
v 0.655997 0.380000 -0.140000
v 0.659063 0.380000 -0.100000
v 0.659064 0.380000 -0.060000
v 0.659064 0.380000 -0.020000
v 0.646383 0.420000 -0.165000
v 0.655716 0.420000 -0.140000
v 0.658667 0.420000 -0.100000
v 0.658667 0.420000 -0.060000
v 0.658667 0.420000 -0.020000
v 0.646383 0.460000 -0.165000
v 0.655716 0.460000 -0.140000
v 0.658667 0.460000 -0.100000
v 0.658667 0.460000 -0.060000
v 0.658667 0.460000 -0.020000
v 0.646383 0.500000 -0.165000
v 0.655716 0.500000 -0.140000
v 0.658667 0.500000 -0.100000
v 0.658667 0.500000 -0.060000
v 0.658667 0.500000 -0.020000
v 0.646414 0.540000 -0.165000
v 0.655821 0.540000 -0.140000
v 0.658815 0.540000 -0.100000
v 0.658816 0.540000 -0.060000
v 0.658816 0.540000 -0.020000
v 0.646644 0.580000 -0.165000
v 0.656566 0.580000 -0.140000
v 0.659853 0.580000 -0.100000
v 0.659861 0.580000 -0.060000
v 0.659861 0.580000 -0.020000
v 0.647466 0.620000 -0.165000
v 0.658951 0.620000 -0.140000
v 0.662989 0.620000 -0.100000
v 0.663006 0.620000 -0.060000
v 0.663006 0.620000 -0.020000
v 0.798392 0.358667 -0.161569
v 0.797582 0.358000 -0.140000
v 0.797576 0.358000 -0.100000
v 0.797576 0.358000 -0.060000
v 0.797576 0.358000 -0.020000
v 0.796224 0.380000 -0.163677
v 0.792300 0.380000 -0.140000
v 0.792152 0.380000 -0.100000
v 0.792152 0.380000 -0.060000
v 0.792152 0.380000 -0.020000
v 0.794859 0.420000 -0.165000
v 0.789435 0.420000 -0.140000
v 0.789153 0.420000 -0.100000
v 0.789153 0.420000 -0.060000
v 0.789153 0.420000 -0.020000
v 0.794864 0.460000 -0.165000
v 0.789447 0.460000 -0.140000
v 0.789166 0.460000 -0.100000
v 0.789166 0.460000 -0.060000
v 0.789166 0.460000 -0.020000
v 0.796579 0.484082 -0.163333
v 0.794729 0.486261 -0.140000
v 0.794589 0.486400 -0.100000
v 0.794589 0.486400 -0.060000
v 0.794589 0.486400 -0.020000
v 0.820000 0.358000 -0.162353
v 0.820000 0.356000 -0.140000
v 0.820000 0.356000 -0.100000
v 0.820000 0.356000 -0.060000
v 0.820000 0.356000 -0.020000
v 0.820000 0.380000 -0.167353
v 0.820000 0.420000 -0.170000
v 0.820000 0.460000 -0.170000
v 0.820000 0.486123 -0.165000
v 0.820000 0.493656 -0.140000
v 0.820000 0.495067 -0.100000
v 0.820000 0.495067 -0.060000
v 0.820000 0.495067 -0.020000
v 0.846667 0.358667 -0.161569
v 0.860000 0.357598 -0.140000
v 0.860000 0.355996 -0.100000
v 0.860000 0.355996 -0.060000
v 0.860000 0.355996 -0.020000
v 0.860000 0.378286 -0.164941
v 0.873334 0.363810 -0.153334
v 0.860000 0.420000 -0.170000
v 0.860000 0.460000 -0.170000
v 0.860000 0.486123 -0.165000
v 0.860000 0.494789 -0.140000
v 0.860000 0.497333 -0.100000
v 0.860000 0.497333 -0.060000
v 0.860000 0.497333 -0.020000
v 0.900000 0.354986 -0.133899
v 0.900000 0.349767 -0.100000
v 0.900000 0.349563 -0.060000
v 0.900000 0.349563 -0.020000
v 0.900000 0.383877 -0.165000
v 0.900000 0.363877 -0.153899
v 0.900000 0.420000 -0.170000
v 0.900000 0.460000 -0.170000
v 0.900000 0.486123 -0.165000
v 0.900000 0.494789 -0.140000
v 0.900000 0.497333 -0.100000
v 0.900000 0.497333 -0.060000
v 0.900000 0.497333 -0.020000
v 0.947870 0.340000 -0.165000
v 0.930559 0.340790 -0.143119
v 0.930657 0.331771 -0.100000
v 0.930657 0.331567 -0.060000
v 0.930657 0.331567 -0.020000
v 0.936816 0.376816 -0.166000
v 0.921360 0.361359 -0.158532
v 0.940000 0.420000 -0.170000
v 0.940000 0.460000 -0.170000
v 0.940000 0.486123 -0.165000
v 0.940000 0.494789 -0.140000
v 0.940000 0.497333 -0.100000
v 0.940000 0.497333 -0.060000
v 0.940000 0.497333 -0.020000
v 0.958788 0.639397 -0.160738
v 0.958182 0.639095 -0.140000
v 0.958182 0.639095 -0.100000
v 0.958182 0.639095 -0.060000
v 0.958182 0.639095 -0.020000
v 0.650296 0.660000 -0.165000
v 0.665149 0.660000 -0.140000
v 0.669742 0.660000 -0.100000
v 0.669779 0.660000 -0.060000
v 0.669779 0.660000 -0.020000
v 0.661002 0.699358 -0.165732
v 0.674802 0.687719 -0.140000
v 0.677126 0.687043 -0.100000
v 0.677152 0.687043 -0.060000
v 0.677152 0.687043 -0.020000
v 0.660000 0.740000 -0.169665
v 0.660000 0.780000 -0.170000
v 0.660000 0.820000 -0.170000
v 0.660000 0.860000 -0.170000
v 0.659744 0.900792 -0.165619
v 0.649359 0.914050 -0.140000
v 0.649359 0.916120 -0.100000
v 0.649359 0.916120 -0.060000
v 0.649359 0.916120 -0.020000
v 0.672906 0.922711 -0.162698
v 0.669359 0.924066 -0.140000
v 0.669359 0.924066 -0.100000
v 0.669359 0.924066 -0.060000
v 0.669359 0.924066 -0.020000
v 0.683236 0.712263 -0.162886
v 0.685277 0.707718 -0.140000
v 0.685701 0.707043 -0.100000
v 0.685701 0.707043 -0.060000
v 0.685701 0.707043 -0.020000
v 0.697941 0.743849 -0.163863
v 0.705277 0.738155 -0.140000
v 0.705701 0.736689 -0.100000
v 0.705701 0.736689 -0.060000
v 0.705701 0.736689 -0.020000
v 0.700000 0.780000 -0.167664
v 0.700000 0.820000 -0.170000
v 0.700000 0.860000 -0.170000
v 0.700000 0.900000 -0.169524
v 0.700000 0.925226 -0.164524
v 0.700000 0.931818 -0.140000
v 0.700000 0.933185 -0.100000
v 0.700000 0.933185 -0.060000
v 0.700000 0.933185 -0.020000
v 0.720334 0.759748 -0.160218
v 0.722409 0.758155 -0.140000
v 0.724317 0.756689 -0.100000
v 0.724317 0.756689 -0.060000
v 0.724317 0.756689 -0.020000
v 0.736201 0.781284 -0.164131
v 0.742409 0.771476 -0.140000
v 0.744317 0.769644 -0.100000
v 0.744317 0.769544 -0.060000
v 0.744317 0.769544 -0.020000
v 0.740000 0.820000 -0.170000
v 0.740000 0.860000 -0.170000
v 0.740000 0.900000 -0.170000
v 0.740000 0.927057 -0.165000
v 0.740000 0.937639 -0.140000
v 0.740000 0.941165 -0.100000
v 0.740000 0.941165 -0.060000
v 0.740000 0.941165 -0.020000
v 0.780000 0.793755 -0.165000
v 0.780000 0.784913 -0.140000
v 0.780000 0.782205 -0.100000
v 0.780000 0.782094 -0.060000
v 0.780000 0.782094 -0.020000
v 0.780000 0.820000 -0.170000
v 0.780000 0.860000 -0.170000
v 0.780000 0.900000 -0.170000
v 0.780000 0.928140 -0.165000
v 0.780000 0.940809 -0.140000
v 0.780000 0.945338 -0.100000
v 0.780000 0.945338 -0.060000
v 0.780000 0.945338 -0.020000
v 0.820000 0.793522 -0.165000
v 0.820000 0.784202 -0.140000
v 0.820000 0.781223 -0.100000
v 0.820000 0.781083 -0.060000
v 0.820000 0.781083 -0.020000
v 0.820000 0.820000 -0.170000
v 0.820000 0.860000 -0.170000
v 0.820000 0.900000 -0.170000
v 0.820000 0.928247 -0.165000
v 0.820000 0.941094 -0.140000
v 0.820000 0.945694 -0.100000
v 0.820000 0.945694 -0.060000
v 0.820000 0.945694 -0.020000
v 0.877833 0.758288 -0.161360
v 0.875170 0.756179 -0.140000
v 0.873590 0.754926 -0.100000
v 0.873590 0.754926 -0.060000
v 0.873590 0.754926 -0.020000
v 0.862700 0.781097 -0.164816
v 0.855170 0.770766 -0.140000
v 0.853590 0.768662 -0.100000
v 0.853590 0.768533 -0.060000
v 0.853590 0.768533 -0.020000
v 0.860000 0.820000 -0.170000
v 0.860000 0.860000 -0.170000
v 0.860000 0.900000 -0.170000
v 0.860000 0.927266 -0.165000
v 0.860000 0.938316 -0.140000
v 0.860000 0.942100 -0.100000
v 0.860000 0.942100 -0.060000
v 0.860000 0.942100 -0.020000
v 0.915976 0.711443 -0.163333
v 0.913448 0.706509 -0.140000
v 0.912932 0.705853 -0.100000
v 0.912931 0.705853 -0.060000
v 0.912931 0.705853 -0.020000
v 0.901586 0.742973 -0.164816
v 0.893448 0.736179 -0.140000
v 0.892932 0.734926 -0.100000
v 0.892931 0.734926 -0.060000
v 0.892931 0.734926 -0.020000
v 0.900000 0.780000 -0.168520
v 0.900000 0.820000 -0.170000
v 0.900000 0.860000 -0.170000
v 0.900000 0.900000 -0.169835
v 0.900000 0.925665 -0.164835
v 0.900000 0.932885 -0.140000
v 0.900000 0.934440 -0.100000
v 0.900000 0.934440 -0.060000
v 0.900000 0.934440 -0.020000
v 0.952673 0.660000 -0.163054
v 0.943126 0.660000 -0.140000
v 0.940907 0.660000 -0.100000
v 0.940907 0.660000 -0.060000
v 0.940907 0.660000 -0.020000
v 0.938866 0.698866 -0.166000
v 0.924945 0.686509 -0.140000
v 0.922726 0.685853 -0.100000
v 0.922726 0.685852 -0.060000
v 0.922726 0.685852 -0.020000
v 0.940000 0.740000 -0.170000
v 0.940000 0.780000 -0.170000
v 0.940000 0.820000 -0.170000
v 0.940000 0.860000 -0.170000
v 0.940944 0.901112 -0.165868
v 0.952360 0.914789 -0.140000
v 0.952360 0.916799 -0.100000
v 0.952360 0.916799 -0.060000
v 0.952360 0.916799 -0.020000
v 0.928240 0.923161 -0.163113
v 0.932360 0.924742 -0.140000
v 0.932360 0.924742 -0.100000
v 0.932360 0.924742 -0.060000
v 0.932360 0.924742 -0.020000
v 0.980000 0.020000 -0.165000
v 0.980000 0.060000 -0.170000
v 0.980000 0.100000 -0.170000
v 0.980000 0.140000 -0.170000
v 0.980000 0.180000 -0.170000
v 0.980000 0.220000 -0.170000
v 0.980000 0.260000 -0.170000
v 0.980000 0.300000 -0.170000
v 1.020000 0.020000 -0.165000
v 1.020000 0.060000 -0.170000
v 1.020000 0.100000 -0.170000
v 1.020000 0.140000 -0.170000
v 1.020000 0.180000 -0.170000
v 1.020000 0.220000 -0.170000
v 1.020000 0.260000 -0.170000
v 1.020000 0.300000 -0.170000
v 1.060000 0.020000 -0.165000
v 1.060000 0.060000 -0.170000
v 1.060000 0.100000 -0.170000
v 1.060000 0.140000 -0.170000
v 1.060000 0.180000 -0.170000
v 1.060000 0.220000 -0.170000
v 1.060000 0.260000 -0.170000
v 1.060000 0.300000 -0.170000
v 1.100000 0.020000 -0.164318
v 1.100000 0.060000 -0.168636
v 1.100000 0.100000 -0.168636
v 1.100000 0.140000 -0.168636
v 1.100000 0.180000 -0.168636
v 1.100000 0.220000 -0.168636
v 1.100000 0.260000 -0.168636
v 1.100000 0.300000 -0.168636
v 1.121667 0.020000 -0.161818
v 1.123334 0.020000 -0.140000
v 1.123334 0.020000 -0.100000
v 1.123334 0.020000 -0.060000
v 1.123334 0.020000 -0.020000
v 1.123334 0.060000 -0.163636
v 1.126667 0.060000 -0.140000
v 1.126667 0.060000 -0.100000
v 1.126667 0.060000 -0.060000
v 1.126667 0.060000 -0.020000
v 1.123334 0.100000 -0.163636
v 1.126667 0.100000 -0.140000
v 1.126667 0.100000 -0.100000
v 1.126667 0.100000 -0.060000
v 1.126667 0.100000 -0.020000
v 1.123334 0.140000 -0.163636
v 1.126667 0.140000 -0.140000
v 1.126667 0.140000 -0.100000
v 1.126667 0.140000 -0.060000
v 1.126667 0.140000 -0.020000
v 1.123334 0.180000 -0.163636
v 1.126667 0.180000 -0.140000
v 1.126667 0.180000 -0.100000
v 1.126667 0.180000 -0.060000
v 1.126667 0.180000 -0.020000
v 1.123334 0.220000 -0.163636
v 1.126667 0.220000 -0.140000
v 1.126667 0.220000 -0.100000
v 1.126667 0.220000 -0.060000
v 1.126667 0.220000 -0.020000
v 1.123334 0.260000 -0.163636
v 1.126667 0.260000 -0.140000
v 1.126667 0.260000 -0.100000
v 1.126667 0.260000 -0.060000
v 1.126667 0.260000 -0.020000
v 1.123334 0.300000 -0.163636
v 1.126667 0.300000 -0.140000
v 1.126667 0.300000 -0.100000
v 1.126667 0.300000 -0.060000
v 1.126667 0.300000 -0.020000
v 0.980000 0.340000 -0.170000
v 0.980000 0.380000 -0.170000
v 0.980000 0.420000 -0.170000
v 0.980000 0.460000 -0.170000
v 0.980000 0.486123 -0.165000
v 0.980000 0.494789 -0.140000
v 0.980000 0.497333 -0.100000
v 0.980000 0.497333 -0.060000
v 0.980000 0.497333 -0.020000
v 0.962484 0.639397 -0.160738
v 0.963726 0.639095 -0.140000
v 0.963726 0.639095 -0.100000
v 0.963726 0.639095 -0.060000
v 0.963726 0.639095 -0.020000
v 1.020000 0.340000 -0.170000
v 1.020000 0.380000 -0.170000
v 1.020000 0.420000 -0.170000
v 1.020000 0.460000 -0.170000
v 1.020000 0.486123 -0.165000
v 1.020000 0.494789 -0.140000
v 1.020000 0.497333 -0.100000
v 1.020000 0.497333 -0.060000
v 1.020000 0.497333 -0.020000
v 1.060000 0.340000 -0.170000
v 1.060000 0.380000 -0.170000
v 1.060000 0.420000 -0.170000
v 1.060000 0.460000 -0.170000
v 1.060000 0.486123 -0.165000
v 1.060000 0.494789 -0.140000
v 1.060000 0.497333 -0.100000
v 1.060000 0.497333 -0.060000
v 1.060000 0.497333 -0.020000
v 1.100000 0.340000 -0.168636
v 1.100000 0.380000 -0.168636
v 1.100000 0.420000 -0.168636
v 1.100000 0.460000 -0.168636
v 1.100000 0.485334 -0.164318
v 1.100000 0.491940 -0.140000
v 1.100000 0.493212 -0.100000
v 1.100000 0.493212 -0.060000
v 1.100000 0.493212 -0.020000
v 1.123334 0.340000 -0.163636
v 1.126667 0.340000 -0.140000
v 1.126667 0.340000 -0.100000
v 1.126667 0.340000 -0.060000
v 1.126667 0.340000 -0.020000
v 1.123334 0.380000 -0.163636
v 1.126667 0.380000 -0.140000
v 1.126667 0.380000 -0.100000
v 1.126667 0.380000 -0.060000
v 1.126667 0.380000 -0.020000
v 1.123334 0.420000 -0.163636
v 1.126667 0.420000 -0.140000
v 1.126667 0.420000 -0.100000
v 1.126667 0.420000 -0.060000
v 1.126667 0.420000 -0.020000
v 1.123334 0.460000 -0.163636
v 1.126667 0.460000 -0.140000
v 1.126667 0.460000 -0.100000
v 1.126667 0.460000 -0.060000
v 1.126667 0.460000 -0.020000
v 1.122223 0.483030 -0.162424
v 1.123334 0.484545 -0.140000
v 1.123334 0.484545 -0.100000
v 1.123334 0.484545 -0.060000
v 1.123334 0.484545 -0.020000
v 0.977491 0.659476 -0.164443
v 0.983726 0.646321 -0.140000
v 0.983726 0.643952 -0.100000
v 0.983726 0.643952 -0.060000
v 0.983726 0.643952 -0.020000
v 0.980000 0.700000 -0.170000
v 0.980000 0.740000 -0.170000
v 0.980000 0.780000 -0.170000
v 0.980000 0.820000 -0.170000
v 0.980000 0.860000 -0.169551
v 0.980000 0.888750 -0.164551
v 0.980000 0.899510 -0.140000
v 0.980000 0.901519 -0.100000
v 0.980000 0.901519 -0.060000
v 0.980000 0.901519 -0.020000
v 1.020000 0.670657 -0.165000
v 1.020000 0.657038 -0.140000
v 1.020000 0.652762 -0.100000
v 1.020000 0.652762 -0.060000
v 1.020000 0.652762 -0.020000
v 1.020000 0.700000 -0.170000
v 1.020000 0.740000 -0.170000
v 1.020000 0.780000 -0.170000
v 1.020000 0.820000 -0.169988
v 1.018409 0.858848 -0.165631
v 1.026022 0.867120 -0.140000
v 1.026022 0.867120 -0.100000
v 1.026022 0.867120 -0.060000
v 1.026022 0.867120 -0.020000
v 1.004015 0.883147 -0.162735
v 1.006022 0.884721 -0.140000
v 1.006022 0.884721 -0.100000
v 1.006022 0.884721 -0.060000
v 1.006022 0.884721 -0.020000
v 1.060000 0.673578 -0.165000
v 1.060000 0.664816 -0.140000
v 1.060000 0.662476 -0.100000
v 1.060000 0.662476 -0.060000
v 1.060000 0.662476 -0.020000
v 1.060000 0.700000 -0.170000
v 1.060000 0.740000 -0.170000
v 1.063949 0.783949 -0.166000
v 1.079917 0.799900 -0.140000
v 1.079962 0.799929 -0.100000
v 1.079962 0.799929 -0.060000
v 1.079962 0.799929 -0.020000
v 1.053064 0.820000 -0.164988
v 1.066172 0.820000 -0.140000
v 1.066218 0.820000 -0.100000
v 1.066218 0.820000 -0.060000
v 1.066218 0.820000 -0.020000
v 1.044171 0.844746 -0.163317
v 1.046256 0.847120 -0.140000
v 1.046256 0.847120 -0.100000
v 1.046256 0.847120 -0.060000
v 1.046256 0.847120 -0.020000
v 1.100000 0.676527 -0.163373
v 1.100000 0.672622 -0.140000
v 1.100000 0.672190 -0.100000
v 1.100000 0.672190 -0.060000
v 1.100000 0.672190 -0.020000
v 1.101514 0.699111 -0.164698
v 1.115694 0.707778 -0.140000
v 1.117604 0.707778 -0.100000
v 1.117604 0.707778 -0.060000
v 1.117604 0.707778 -0.020000
v 1.090456 0.740000 -0.165000
v 1.104288 0.740000 -0.140000
v 1.107664 0.740000 -0.100000
v 1.107664 0.740000 -0.060000
v 1.107664 0.740000 -0.020000
v 1.084752 0.773247 -0.163333
v 1.088594 0.779900 -0.140000
v 1.090060 0.779929 -0.100000
v 1.090060 0.779929 -0.060000
v 1.090060 0.779929 -0.020000
v 1.121056 0.679016 -0.161164
v 1.121584 0.678524 -0.140000
v 1.121584 0.678524 -0.100000
v 1.121584 0.678524 -0.060000
v 1.121584 0.678524 -0.020000
v 1.121056 0.685185 -0.161164
v 1.121584 0.687777 -0.140000
v 1.121584 0.687777 -0.100000
v 1.121584 0.687777 -0.060000
v 1.121584 0.687777 -0.020000
v 0.020000 0.020000 0.170000
v 0.020000 0.060000 0.170000
v 0.020000 0.100000 0.170000
v 0.020000 0.146924 0.020000
v 0.020000 0.146924 0.060000
v 0.020000 0.146892 0.100000
v 0.020000 0.142057 0.140000
v 0.020000 0.128626 0.165000
v 0.060000 0.020000 0.170000
v 0.060000 0.060000 0.170000
v 0.060000 0.100000 0.170000
v 0.057989 0.153595 0.020000
v 0.057989 0.153595 0.060000
v 0.057989 0.153571 0.100000
v 0.063196 0.151933 0.140072
v 0.060000 0.133143 0.165000
v 0.077989 0.160783 0.020000
v 0.077989 0.160783 0.060000
v 0.077989 0.160783 0.100000
v 0.078659 0.160522 0.126786
v 0.100000 0.020000 0.168813
v 0.100000 0.060000 0.170000
v 0.100000 0.100000 0.170000
v 0.081605 0.158395 0.153453
v 0.096963 0.143037 0.166000
v 0.100000 0.178831 0.020000
v 0.100000 0.178831 0.060000
v 0.100000 0.178777 0.100000
v 0.096963 0.172684 0.140072
v 0.108271 0.168658 0.163333
v 0.147795 0.003832 0.020000
v 0.147795 0.003832 0.060000
v 0.147795 0.003832 0.100000
v 0.147795 0.006068 0.140000
v 0.139118 0.019321 0.165050
v 0.140000 0.060000 0.170000
v 0.140000 0.100000 0.170000
v 0.140000 0.140000 0.170000
v 0.121660 0.198048 0.020000
v 0.121660 0.198048 0.060000
v 0.121711 0.197994 0.100000
v 0.124388 0.195463 0.140000
v 0.138805 0.181195 0.166000
v 0.134773 0.220000 0.020000
v 0.134773 0.220000 0.060000
v 0.134832 0.220000 0.100000
v 0.138091 0.220000 0.140000
v 0.150646 0.220000 0.165000
v 0.152971 0.260000 0.020000
v 0.152971 0.260000 0.060000
v 0.152979 0.260000 0.100000
v 0.153561 0.260000 0.140000
v 0.157068 0.260000 0.162590
v 0.159858 0.280235 0.020000
v 0.159858 0.280235 0.060000
v 0.159858 0.280235 0.100000
v 0.159858 0.280235 0.140000
v 0.159905 0.280157 0.160120
v 0.180000 0.017113 0.020000
v 0.180000 0.017113 0.060000
v 0.180000 0.017113 0.100000
v 0.180000 0.019687 0.140000
v 0.180000 0.031130 0.165000
v 0.180000 0.060000 0.170000
v 0.180000 0.100000 0.170000
v 0.180000 0.140000 0.170000
v 0.180000 0.180000 0.170000
v 0.180000 0.220000 0.170000
v 0.180000 0.260000 0.167267
v 0.180000 0.284530 0.020000
v 0.180000 0.284530 0.060000
v 0.180000 0.284530 0.100000
v 0.180000 0.284530 0.140000
v 0.180000 0.282265 0.162267
v 0.210247 0.033281 0.020000
v 0.210247 0.033281 0.060000
v 0.210247 0.033281 0.100000
v 0.209859 0.033619 0.140000
v 0.206313 0.035971 0.163333
v 0.230247 0.047346 0.020000
v 0.230247 0.047346 0.060000
v 0.230247 0.047346 0.100000
v 0.229859 0.048938 0.140000
v 0.219788 0.060212 0.166000
v 0.220000 0.100000 0.170000
v 0.220000 0.140000 0.170000
v 0.220000 0.180000 0.170000
v 0.220000 0.220000 0.170000
v 0.237686 0.279438 0.020000
v 0.237686 0.279438 0.060000
v 0.237686 0.279438 0.100000
v 0.237686 0.278735 0.140000
v 0.223075 0.263212 0.165742
v 0.217686 0.284295 0.020000
v 0.217686 0.284295 0.060000
v 0.217686 0.284295 0.100000
v 0.217686 0.284295 0.140000
v 0.211791 0.282864 0.162903
v 0.253275 0.067346 0.020000
v 0.253275 0.067346 0.060000
v 0.253275 0.067346 0.100000
v 0.251713 0.068938 0.140000
v 0.246767 0.073687 0.163333
v 0.273275 0.087923 0.020000
v 0.273275 0.087923 0.060000
v 0.273275 0.087923 0.100000
v 0.271713 0.088886 0.140000
v 0.260060 0.099940 0.166000
v 0.260000 0.140000 0.170000
v 0.260000 0.180000 0.170000
v 0.260000 0.220000 0.170000
v 0.260000 0.274019 0.020000
v 0.260000 0.274019 0.060000
v 0.260000 0.274019 0.100000
v 0.260000 0.270896 0.140000
v 0.260000 0.253886 0.165000
v 0.288665 0.107923 0.020000
v 0.288665 0.107923 0.060000
v 0.288665 0.107923 0.100000
v 0.287740 0.108886 0.140000
v 0.284543 0.113233 0.163333
v 0.308275 0.140000 0.020000
v 0.308275 0.140000 0.060000
v 0.308275 0.140000 0.100000
v 0.306887 0.140000 0.140000
v 0.292750 0.140000 0.165000
v 0.319611 0.160924 0.020000
v 0.319611 0.160924 0.060000
v 0.319611 0.160924 0.100000
v 0.319148 0.161119 0.140000
v 0.303474 0.176526 0.166000
v 0.300000 0.220000 0.170000
v 0.300000 0.264305 0.020000
v 0.300000 0.264305 0.060000
v 0.300000 0.264305 0.100000
v 0.300000 0.260359 0.140000
v 0.300000 0.248207 0.165000
v 0.020000 0.783738 0.020000
v 0.020000 0.783738 0.060000
v 0.020000 0.783802 0.100000
v 0.020000 0.786005 0.140000
v 0.020000 0.794072 0.165000
v 0.020000 0.820000 0.170000
v 0.020000 0.860000 0.170000
v 0.020000 0.900000 0.170000
v 0.020000 0.945577 0.020000
v 0.020000 0.945577 0.060000
v 0.020000 0.945577 0.100000
v 0.020000 0.940985 0.140000
v 0.020000 0.928197 0.165000
v 0.060000 0.776219 0.020000
v 0.060000 0.776219 0.060000
v 0.060000 0.776405 0.100000
v 0.060000 0.780486 0.140000
v 0.060000 0.792191 0.165000
v 0.060000 0.820000 0.170000
v 0.060000 0.860000 0.170000
v 0.060000 0.900000 0.170000
v 0.060000 0.944197 0.020000
v 0.060000 0.944197 0.060000
v 0.060000 0.944197 0.100000
v 0.060000 0.939908 0.140000
v 0.060000 0.927810 0.165000
v 0.106225 0.747029 0.020000
v 0.106225 0.747029 0.060000
v 0.106243 0.747048 0.100000
v 0.108309 0.748876 0.140000
v 0.113571 0.753790 0.163333
v 0.086225 0.764477 0.020000
v 0.086225 0.764477 0.060000
v 0.086243 0.764610 0.100000
v 0.088309 0.767550 0.140000
v 0.100142 0.780143 0.166000
v 0.100000 0.820000 0.170000
v 0.100000 0.860000 0.170000
v 0.100000 0.900000 0.170000
v 0.100000 0.938984 0.020000
v 0.100000 0.938984 0.060000
v 0.100000 0.938984 0.100000
v 0.100000 0.936128 0.140000
v 0.100000 0.926636 0.165000
v 0.155194 0.663992 0.020000
v 0.155194 0.663992 0.060000
v 0.155194 0.663992 0.100000
v 0.155326 0.664106 0.140000
v 0.156972 0.669480 0.162955
v 0.140704 0.700000 0.020000
v 0.140704 0.700000 0.060000
v 0.140833 0.700000 0.100000
v 0.143552 0.700000 0.140000
v 0.153071 0.700000 0.164716
v 0.125510 0.727029 0.020000
v 0.125510 0.727029 0.060000
v 0.125639 0.727048 0.100000
v 0.128226 0.728876 0.140000
v 0.140274 0.740274 0.166000
v 0.140000 0.780000 0.170000
v 0.140000 0.820000 0.170000
v 0.140000 0.860000 0.170000
v 0.140000 0.900000 0.168348
v 0.140000 0.929181 0.020000
v 0.140000 0.929181 0.060000
v 0.140000 0.929181 0.100000
v 0.140000 0.928300 0.140000
v 0.140000 0.923710 0.163348
v 0.180000 0.645030 0.020000
v 0.180000 0.645030 0.060000
v 0.180000 0.645030 0.100000
v 0.180000 0.646304 0.140000
v 0.180000 0.663789 0.164716
v 0.180000 0.700000 0.169716
v 0.180000 0.740000 0.170000
v 0.180000 0.780000 0.170000
v 0.180000 0.820000 0.170000
v 0.180000 0.860000 0.170000
v 0.183350 0.912052 0.020000
v 0.183350 0.912052 0.060000
v 0.183350 0.912052 0.100000
v 0.183350 0.910224 0.140000
v 0.177340 0.899359 0.164679
v 0.163350 0.921500 0.020000
v 0.163350 0.921500 0.060000
v 0.163350 0.921500 0.100000
v 0.163350 0.921500 0.140000
v 0.162233 0.921000 0.161131
v 0.220000 0.646933 0.020000
v 0.220000 0.646933 0.060000
v 0.220000 0.646933 0.100000
v 0.220000 0.650485 0.140000
v 0.220000 0.667018 0.165000
v 0.220000 0.700000 0.170000
v 0.220000 0.740000 0.170000
v 0.220000 0.780000 0.170000
v 0.220000 0.820000 0.170000
v 0.237774 0.878212 0.020000
v 0.237774 0.878212 0.060000
v 0.237774 0.878212 0.100000
v 0.236808 0.877027 0.140000
v 0.222337 0.862337 0.166000
v 0.217774 0.892052 0.020000
v 0.217774 0.892052 0.060000
v 0.217774 0.892052 0.100000
v 0.216808 0.890224 0.140000
v 0.210561 0.885597 0.163333
v 0.260000 0.656648 0.020000
v 0.260000 0.656648 0.060000
v 0.260000 0.656648 0.100000
v 0.260000 0.660427 0.140000
v 0.260000 0.672103 0.165000
v 0.260000 0.700000 0.170000
v 0.260000 0.740000 0.170000
v 0.260000 0.780000 0.170000
v 0.277908 0.837339 0.020000
v 0.277908 0.837339 0.060000
v 0.277908 0.837339 0.100000
v 0.276574 0.836289 0.140000
v 0.262096 0.822096 0.166000
v 0.257908 0.858212 0.020000
v 0.257908 0.858212 0.060000
v 0.257908 0.858212 0.100000
v 0.256574 0.857027 0.140000
v 0.250160 0.850561 0.163333
v 0.300000 0.666362 0.020000
v 0.300000 0.666362 0.060000
v 0.300000 0.666362 0.100000
v 0.300000 0.667749 0.140000
v 0.300000 0.674568 0.164715
v 0.300000 0.700000 0.169715
v 0.300000 0.740000 0.168641
v 0.311921 0.784376 0.020000
v 0.311921 0.784376 0.060000
v 0.311921 0.784376 0.100000
v 0.310164 0.784376 0.140000
v 0.299363 0.777751 0.164913
v 0.291921 0.817339 0.020000
v 0.291921 0.817339 0.060000
v 0.291921 0.817339 0.100000
v 0.290164 0.816289 0.140000
v 0.285605 0.810160 0.163333
v 0.327730 0.180924 0.020000
v 0.327730 0.180924 0.060000
v 0.327730 0.180924 0.100000
v 0.326889 0.181119 0.140000
v 0.324032 0.187543 0.163333
v 0.339908 0.220000 0.020000
v 0.339908 0.220000 0.060000
v 0.339908 0.220000 0.100000
v 0.337494 0.220000 0.140000
v 0.327541 0.220000 0.165000
v 0.332178 0.249724 0.020000
v 0.332178 0.249724 0.060000
v 0.332178 0.249724 0.100000
v 0.330606 0.248198 0.140000
v 0.326022 0.244449 0.163333
v 0.474516 0.220223 0.020000
v 0.474516 0.220223 0.060000
v 0.474516 0.220223 0.100000
v 0.474571 0.220223 0.140000
v 0.476417 0.226816 0.163333
v 0.464955 0.260000 0.020000
v 0.464955 0.260000 0.060000
v 0.464955 0.260000 0.100000
v 0.466563 0.260000 0.140000
v 0.474086 0.260000 0.165000
v 0.457863 0.300000 0.020000
v 0.457863 0.300000 0.060000
v 0.457863 0.300000 0.100000
v 0.461658 0.300000 0.140000
v 0.472726 0.300000 0.165000
v 0.516836 0.114716 0.020000
v 0.516836 0.114716 0.060000
v 0.516836 0.114716 0.100000
v 0.516836 0.114716 0.140000
v 0.517890 0.116477 0.162117
v 0.504203 0.140000 0.020000
v 0.504203 0.140000 0.060000
v 0.504203 0.140000 0.100000
v 0.506305 0.140000 0.140000
v 0.514203 0.140000 0.164088
v 0.487428 0.180000 0.020000
v 0.487428 0.180000 0.060000
v 0.487428 0.180000 0.100000
v 0.489611 0.180000 0.140000
v 0.505897 0.180000 0.165000
v 0.480060 0.200223 0.020000
v 0.480060 0.200223 0.060000
v 0.480060 0.200223 0.100000
v 0.480142 0.200223 0.140000
v 0.496090 0.216090 0.166000
v 0.500000 0.260000 0.170000
v 0.500000 0.300000 0.170000
v 0.549712 0.067827 0.020000
v 0.549712 0.067827 0.060000
v 0.549712 0.067827 0.100000
v 0.550975 0.069092 0.140000
v 0.554826 0.073571 0.163333
v 0.529712 0.094716 0.020000
v 0.529712 0.094716 0.060000
v 0.529712 0.094716 0.100000
v 0.530975 0.094716 0.140000
v 0.540896 0.101886 0.165270
v 0.540000 0.140000 0.169088
v 0.540000 0.180000 0.170000
v 0.540000 0.220000 0.170000
v 0.540000 0.260000 0.170000
v 0.540000 0.300000 0.170000
v 0.588400 0.030893 0.020000
v 0.588400 0.030893 0.060000
v 0.588400 0.030893 0.100000
v 0.589378 0.031842 0.140000
v 0.593571 0.035194 0.163333
v 0.568400 0.047827 0.020000
v 0.568400 0.047827 0.060000
v 0.568400 0.047827 0.100000
v 0.569378 0.049092 0.140000
v 0.580143 0.060143 0.166000
v 0.580000 0.100000 0.170000
v 0.580000 0.140000 0.170000
v 0.580000 0.180000 0.170000
v 0.580000 0.220000 0.170000
v 0.580000 0.260000 0.170000
v 0.580000 0.300000 0.170000
v 0.620000 0.011052 0.020000
v 0.620000 0.011052 0.060000
v 0.620000 0.011052 0.100000
v 0.620000 0.012199 0.140000
v 0.620000 0.026673 0.165000
v 0.620000 0.060000 0.170000
v 0.620000 0.100000 0.170000
v 0.620000 0.140000 0.170000
v 0.620000 0.180000 0.170000
v 0.620000 0.220000 0.170000
v 0.620000 0.260000 0.170000
v 0.620000 0.300000 0.170000
v 0.452970 0.340000 0.020000
v 0.452970 0.340000 0.060000
v 0.452970 0.340000 0.100000
v 0.457687 0.340000 0.140000
v 0.471202 0.340000 0.165000
v 0.449700 0.380000 0.020000
v 0.449700 0.380000 0.060000
v 0.449700 0.380000 0.100000
v 0.454635 0.380000 0.140000
v 0.469785 0.380000 0.165000
v 0.447736 0.420000 0.020000
v 0.447736 0.420000 0.060000
v 0.447736 0.420000 0.100000
v 0.452577 0.420000 0.140000
v 0.468709 0.420000 0.165000
v 0.447268 0.460000 0.020000
v 0.447268 0.460000 0.060000
v 0.447268 0.460000 0.100000
v 0.452049 0.460000 0.140000
v 0.468415 0.460000 0.165000
v 0.447997 0.500000 0.020000
v 0.447997 0.500000 0.060000
v 0.447997 0.500000 0.100000
v 0.452869 0.500000 0.140000
v 0.468871 0.500000 0.165000
v 0.450189 0.540000 0.020000
v 0.450189 0.540000 0.060000
v 0.450189 0.540000 0.100000
v 0.455114 0.540000 0.140000
v 0.470019 0.540000 0.165000
v 0.453802 0.580000 0.020000
v 0.453802 0.580000 0.060000
v 0.453802 0.580000 0.100000
v 0.458410 0.580000 0.140000
v 0.471509 0.580000 0.165000
v 0.459454 0.620000 0.020000
v 0.459454 0.620000 0.060000
v 0.459454 0.620000 0.100000
v 0.462784 0.620000 0.140000
v 0.473057 0.620000 0.165000
v 0.500000 0.340000 0.170000
v 0.500000 0.380000 0.170000
v 0.500000 0.420000 0.170000
v 0.500000 0.460000 0.170000
v 0.500000 0.500000 0.170000
v 0.500000 0.540000 0.170000
v 0.500000 0.580000 0.170000
v 0.500000 0.620000 0.170000
v 0.540000 0.340000 0.170000
v 0.540000 0.380000 0.170000
v 0.540000 0.420000 0.170000
v 0.540000 0.460000 0.170000
v 0.540000 0.500000 0.170000
v 0.540000 0.540000 0.170000
v 0.540000 0.580000 0.170000
v 0.540000 0.620000 0.170000
v 0.580000 0.340000 0.170000
v 0.580000 0.380000 0.170000
v 0.580000 0.420000 0.170000
v 0.580000 0.460000 0.170000
v 0.580000 0.500000 0.170000
v 0.580000 0.540000 0.170000
v 0.580000 0.580000 0.170000
v 0.580000 0.620000 0.170000
v 0.620000 0.340000 0.170000
v 0.620000 0.380000 0.170000
v 0.620000 0.420000 0.170000
v 0.620000 0.460000 0.170000
v 0.620000 0.500000 0.170000
v 0.620000 0.540000 0.170000
v 0.620000 0.580000 0.170000
v 0.620000 0.620000 0.170000
v 0.329502 0.675610 0.020000
v 0.329502 0.675610 0.060000
v 0.329502 0.675610 0.100000
v 0.329502 0.675610 0.140000
v 0.326335 0.677073 0.162953
v 0.339075 0.700000 0.020000
v 0.339075 0.700000 0.060000
v 0.339075 0.700000 0.100000
v 0.337645 0.700000 0.140000
v 0.328108 0.700000 0.164715
v 0.331665 0.740000 0.020000
v 0.331665 0.740000 0.060000
v 0.331665 0.740000 0.100000
v 0.330235 0.740000 0.140000
v 0.324403 0.740000 0.163641
v 0.322092 0.764376 0.020000
v 0.322092 0.764376 0.060000
v 0.322092 0.764376 0.100000
v 0.322092 0.764376 0.140000
v 0.321395 0.762918 0.161521
v 0.467368 0.660000 0.020000
v 0.467368 0.660000 0.060000
v 0.467368 0.660000 0.100000
v 0.468559 0.660000 0.140000
v 0.474875 0.660000 0.164554
v 0.475837 0.693802 0.020000
v 0.475837 0.693802 0.060000
v 0.475837 0.693802 0.100000
v 0.475855 0.693802 0.140000
v 0.477249 0.689201 0.162739
v 0.500000 0.660000 0.169554
v 0.481857 0.713802 0.020000
v 0.481857 0.713802 0.060000
v 0.481857 0.713802 0.100000
v 0.483511 0.713802 0.140000
v 0.498067 0.701521 0.165643
v 0.491871 0.740000 0.020000
v 0.491871 0.740000 0.060000
v 0.491871 0.740000 0.100000
v 0.495002 0.740000 0.140000
v 0.509066 0.740000 0.165000
v 0.510015 0.778912 0.020000
v 0.510015 0.778912 0.060000
v 0.510015 0.778912 0.100000
v 0.511490 0.778500 0.140000
v 0.515310 0.772059 0.163333
v 0.540000 0.660000 0.170000
v 0.540000 0.700000 0.170000
v 0.540000 0.740000 0.170000
v 0.520616 0.798912 0.020000
v 0.520616 0.798912 0.060000
v 0.520616 0.798912 0.100000
v 0.521264 0.798500 0.140000
v 0.536765 0.783235 0.166000
v 0.535495 0.820000 0.020000
v 0.535495 0.820000 0.060000
v 0.535495 0.820000 0.100000
v 0.536143 0.820000 0.140000
v 0.548396 0.820000 0.164577
v 0.554879 0.845707 0.020000
v 0.554879 0.845707 0.060000
v 0.554879 0.845707 0.100000
v 0.554879 0.845707 0.140000
v 0.556586 0.843805 0.162770
v 0.580000 0.660000 0.170000
v 0.580000 0.700000 0.170000
v 0.580000 0.740000 0.170000
v 0.580000 0.780000 0.170000
v 0.580000 0.820000 0.169578
v 0.575183 0.865707 0.020000
v 0.575183 0.865707 0.060000
v 0.575183 0.865707 0.100000
v 0.575183 0.865707 0.140000
v 0.582073 0.858283 0.165042
v 0.595183 0.883768 0.020000
v 0.595183 0.883768 0.060000
v 0.595183 0.883768 0.100000
v 0.595183 0.883768 0.140000
v 0.596789 0.882512 0.162299
v 0.620000 0.660000 0.170000
v 0.620000 0.700000 0.170000
v 0.620000 0.740000 0.170000
v 0.620000 0.780000 0.170000
v 0.620000 0.820000 0.170000
v 0.620000 0.860000 0.169225
v 0.620000 0.899887 0.020000
v 0.620000 0.899887 0.060000
v 0.620000 0.899887 0.100000
v 0.620000 0.897818 0.140000
v 0.620000 0.887874 0.164224
v 0.640513 0.000159 0.020000
v 0.640513 0.000159 0.060000
v 0.640513 0.000159 0.100000
v 0.640534 0.000357 0.140000
v 0.656222 0.016222 0.166000
v 0.660000 0.060000 0.170000
v 0.660000 0.100000 0.170000
v 0.660000 0.140000 0.170000
v 0.660000 0.180000 0.170000
v 0.679338 0.239338 0.156423
v 0.663603 0.223603 0.166000
v 0.674734 0.262424 0.020000
v 0.674734 0.262424 0.060000
v 0.674707 0.262424 0.100000
v 0.673373 0.256970 0.141854
v 0.654376 0.260000 0.165000
v 0.666114 0.300000 0.020000
v 0.666114 0.300000 0.060000
v 0.666062 0.300000 0.100000
v 0.661552 0.300000 0.140000
v 0.648547 0.300000 0.165000
v 0.700000 0.020000 0.170000
v 0.700000 0.060000 0.170000
v 0.700000 0.100000 0.170000
v 0.700000 0.140000 0.170000
v 0.712372 0.191942 0.020000
v 0.712372 0.191942 0.060000
v 0.712292 0.191912 0.100000
v 0.710203 0.190039 0.140000
v 0.699278 0.179278 0.166000
v 0.693134 0.220000 0.020000
v 0.693134 0.220000 0.060000
v 0.693054 0.220000 0.100000
v 0.688468 0.223603 0.141854
v 0.685464 0.212671 0.163333
v 0.680762 0.242424 0.020000
v 0.680762 0.242424 0.060000
v 0.680762 0.242424 0.100000
v 0.680508 0.241616 0.129756
v 0.740000 0.020000 0.170000
v 0.740000 0.060000 0.170000
v 0.740000 0.100000 0.170000
v 0.756639 0.158051 0.020000
v 0.756639 0.158051 0.060000
v 0.756621 0.158021 0.100000
v 0.754798 0.155492 0.140000
v 0.741197 0.141197 0.166000
v 0.736639 0.171942 0.020000
v 0.736639 0.171942 0.060000
v 0.736621 0.171912 0.100000
v 0.734798 0.170039 0.140000
v 0.728662 0.165464 0.163333
v 0.780000 0.020000 0.168892
v 0.780000 0.060000 0.170000
v 0.780000 0.100000 0.170000
v 0.780000 0.151241 0.020000
v 0.780000 0.151241 0.060000
v 0.780000 0.151204 0.100000
v 0.780000 0.146309 0.140000
v 0.780000 0.130726 0.165000
v 0.825998 0.006563 0.020000
v 0.825998 0.006563 0.060000
v 0.825998 0.006614 0.100000
v 0.825998 0.008645 0.140000
v 0.818399 0.020249 0.165114
v 0.820000 0.060000 0.170000
v 0.820000 0.100000 0.170000
v 0.820000 0.147138 0.020000
v 0.820000 0.147138 0.060000
v 0.820000 0.147089 0.100000
v 0.820000 0.142240 0.140000
v 0.820000 0.128721 0.165000
v 0.860000 0.023663 0.020000
v 0.860000 0.023663 0.060000
v 0.860000 0.023788 0.100000
v 0.862224 0.029814 0.141196
v 0.850374 0.033749 0.163333
v 0.877041 0.044972 0.155327
v 0.862224 0.058983 0.165103
v 0.860000 0.100000 0.168879
v 0.856504 0.153948 0.020000
v 0.856504 0.153948 0.060000
v 0.856504 0.153906 0.100000
v 0.862602 0.153118 0.143923
v 0.860000 0.134466 0.165000
v 0.876504 0.161398 0.020000
v 0.876504 0.161398 0.060000
v 0.876504 0.161398 0.100000
v 0.877669 0.160932 0.133204
v 0.900000 0.026455 0.020000
v 0.900000 0.026455 0.060000
v 0.900000 0.026528 0.100000
v 0.900000 0.033300 0.132317
v 0.901266 0.058983 0.153217
v 0.888776 0.071638 0.161839
v 0.915443 0.082687 0.158939
v 0.901266 0.097612 0.165085
v 0.880033 0.159967 0.159871
v 0.896020 0.143980 0.165981
v 0.900000 0.180951 0.020000
v 0.900000 0.180951 0.060000
v 0.900000 0.180935 0.100000
v 0.896020 0.174055 0.143923
v 0.906700 0.169479 0.163333
v 0.940000 0.009354 0.020000
v 0.940000 0.009354 0.060000
v 0.940000 0.009354 0.100000
v 0.941342 0.019742 0.140658
v 0.956677 0.020000 0.162500
v 0.928672 0.060000 0.155026
v 0.948672 0.060000 0.165000
v 0.922660 0.082687 0.158939
v 0.937596 0.097612 0.165981
v 0.940000 0.140000 0.169977
v 0.920364 0.199553 0.020000
v 0.920364 0.199553 0.060000
v 0.920379 0.199537 0.100000
v 0.923088 0.196870 0.140000
v 0.938313 0.181688 0.166000
v 0.930988 0.220000 0.020000
v 0.930988 0.220000 0.060000
v 0.931080 0.220000 0.100000
v 0.935273 0.220000 0.140000
v 0.949687 0.220000 0.165000
v 0.944426 0.260000 0.020000
v 0.944426 0.260000 0.060000
v 0.944508 0.260000 0.100000
v 0.946432 0.260000 0.140000
v 0.954136 0.260000 0.165000
v 0.944458 0.300000 0.020000
v 0.944458 0.300000 0.060000
v 0.944464 0.300000 0.100000
v 0.946425 0.300000 0.140000
v 0.954191 0.300000 0.165000
v 0.661111 0.340000 0.020000
v 0.661111 0.340000 0.060000
v 0.661086 0.340000 0.100000
v 0.657479 0.340000 0.140000
v 0.646948 0.340000 0.165000
v 0.659064 0.380000 0.020000
v 0.659064 0.380000 0.060000
v 0.659063 0.380000 0.100000
v 0.655997 0.380000 0.140000
v 0.646466 0.380000 0.165000
v 0.658667 0.420000 0.020000
v 0.658667 0.420000 0.060000
v 0.658667 0.420000 0.100000
v 0.655716 0.420000 0.140000
v 0.646383 0.420000 0.165000
v 0.658667 0.460000 0.020000
v 0.658667 0.460000 0.060000
v 0.658667 0.460000 0.100000
v 0.655716 0.460000 0.140000
v 0.646383 0.460000 0.165000
v 0.658667 0.500000 0.020000
v 0.658667 0.500000 0.060000
v 0.658667 0.500000 0.100000
v 0.655716 0.500000 0.140000
v 0.646383 0.500000 0.165000
v 0.658816 0.540000 0.020000
v 0.658816 0.540000 0.060000
v 0.658815 0.540000 0.100000
v 0.655821 0.540000 0.140000
v 0.646414 0.540000 0.165000
v 0.659861 0.580000 0.020000
v 0.659861 0.580000 0.060000
v 0.659853 0.580000 0.100000
v 0.656566 0.580000 0.140000
v 0.646644 0.580000 0.165000
v 0.663006 0.620000 0.020000
v 0.663006 0.620000 0.060000
v 0.662989 0.620000 0.100000
v 0.658951 0.620000 0.140000
v 0.647466 0.620000 0.165000
v 0.797576 0.358000 0.020000
v 0.797576 0.358000 0.060000
v 0.797576 0.358000 0.100000
v 0.797582 0.358000 0.140000
v 0.798392 0.358667 0.161569
v 0.792152 0.380000 0.020000
v 0.792152 0.380000 0.060000
v 0.792152 0.380000 0.100000
v 0.792300 0.380000 0.140000
v 0.796224 0.380000 0.163677
v 0.789153 0.420000 0.020000
v 0.789153 0.420000 0.060000
v 0.789153 0.420000 0.100000
v 0.789435 0.420000 0.140000
v 0.794859 0.420000 0.165000
v 0.789166 0.460000 0.020000
v 0.789166 0.460000 0.060000
v 0.789166 0.460000 0.100000
v 0.789447 0.460000 0.140000
v 0.794864 0.460000 0.165000
v 0.794589 0.486400 0.020000
v 0.794589 0.486400 0.060000
v 0.794589 0.486400 0.100000
v 0.794729 0.486261 0.140000
v 0.796579 0.484082 0.163333
v 0.820000 0.356000 0.020000
v 0.820000 0.356000 0.060000
v 0.820000 0.356000 0.100000
v 0.820000 0.356000 0.140000
v 0.820000 0.358000 0.162353
v 0.820000 0.380000 0.167353
v 0.820000 0.420000 0.170000
v 0.820000 0.460000 0.170000
v 0.820000 0.495067 0.020000
v 0.820000 0.495067 0.060000
v 0.820000 0.495067 0.100000
v 0.820000 0.493656 0.140000
v 0.820000 0.486123 0.165000
v 0.860000 0.355996 0.020000
v 0.860000 0.355996 0.060000
v 0.860000 0.355996 0.100000
v 0.860000 0.357598 0.140000
v 0.846667 0.358667 0.161569
v 0.873334 0.363810 0.153334
v 0.860000 0.378286 0.164941
v 0.860000 0.420000 0.170000
v 0.860000 0.460000 0.170000
v 0.860000 0.497333 0.020000
v 0.860000 0.497333 0.060000
v 0.860000 0.497333 0.100000
v 0.860000 0.494789 0.140000
v 0.860000 0.486123 0.165000
v 0.900000 0.349563 0.020000
v 0.900000 0.349563 0.060000
v 0.900000 0.349767 0.100000
v 0.900000 0.354986 0.133899
v 0.900000 0.363877 0.153899
v 0.900000 0.383877 0.165000
v 0.900000 0.420000 0.170000
v 0.900000 0.460000 0.170000
v 0.900000 0.497333 0.020000
v 0.900000 0.497333 0.060000
v 0.900000 0.497333 0.100000
v 0.900000 0.494789 0.140000
v 0.900000 0.486123 0.165000
v 0.930657 0.331567 0.020000
v 0.930657 0.331567 0.060000
v 0.930657 0.331771 0.100000
v 0.930559 0.340790 0.143119
v 0.947870 0.340000 0.165000
v 0.921360 0.361359 0.158532
v 0.936816 0.376816 0.166000
v 0.940000 0.420000 0.170000
v 0.940000 0.460000 0.170000
v 0.940000 0.497333 0.020000
v 0.940000 0.497333 0.060000
v 0.940000 0.497333 0.100000
v 0.940000 0.494789 0.140000
v 0.940000 0.486123 0.165000
v 0.958182 0.639095 0.020000
v 0.958182 0.639095 0.060000
v 0.958182 0.639095 0.100000
v 0.958182 0.639095 0.140000
v 0.958788 0.639397 0.160738
v 0.669779 0.660000 0.020000
v 0.669779 0.660000 0.060000
v 0.669742 0.660000 0.100000
v 0.665149 0.660000 0.140000
v 0.650296 0.660000 0.165000
v 0.677152 0.687043 0.020000
v 0.677152 0.687043 0.060000
v 0.677126 0.687043 0.100000
v 0.674802 0.687719 0.140000
v 0.661002 0.699358 0.165732
v 0.660000 0.740000 0.169665
v 0.660000 0.780000 0.170000
v 0.660000 0.820000 0.170000
v 0.660000 0.860000 0.170000
v 0.649359 0.916120 0.020000
v 0.649359 0.916120 0.060000
v 0.649359 0.916120 0.100000
v 0.649359 0.914050 0.140000
v 0.659744 0.900792 0.165619
v 0.669359 0.924066 0.020000
v 0.669359 0.924066 0.060000
v 0.669359 0.924066 0.100000
v 0.669359 0.924066 0.140000
v 0.672906 0.922711 0.162699
v 0.685701 0.707043 0.020000
v 0.685701 0.707043 0.060000
v 0.685701 0.707043 0.100000
v 0.685277 0.707718 0.140000
v 0.683236 0.712263 0.162887
v 0.705701 0.736689 0.020000
v 0.705701 0.736689 0.060000
v 0.705701 0.736689 0.100000
v 0.705277 0.738155 0.140000
v 0.697941 0.743849 0.163863
v 0.700000 0.780000 0.167664
v 0.700000 0.820000 0.170000
v 0.700000 0.860000 0.170000
v 0.700000 0.900000 0.169524
v 0.700000 0.933185 0.020000
v 0.700000 0.933185 0.060000
v 0.700000 0.933185 0.100000
v 0.700000 0.931818 0.140000
v 0.700000 0.925226 0.164524
v 0.724317 0.756689 0.020000
v 0.724317 0.756689 0.060000
v 0.724317 0.756689 0.100000
v 0.722409 0.758155 0.140000
v 0.720334 0.759748 0.160218
v 0.744317 0.769544 0.020000
v 0.744317 0.769544 0.060000
v 0.744317 0.769644 0.100000
v 0.742409 0.771476 0.140000
v 0.736201 0.781284 0.164131
v 0.740000 0.820000 0.170000
v 0.740000 0.860000 0.170000
v 0.740000 0.900000 0.170000
v 0.740000 0.941165 0.020000
v 0.740000 0.941165 0.060000
v 0.740000 0.941165 0.100000
v 0.740000 0.937639 0.140000
v 0.740000 0.927057 0.165000
v 0.780000 0.782094 0.020000
v 0.780000 0.782094 0.060000
v 0.780000 0.782205 0.100000
v 0.780000 0.784913 0.140000
v 0.780000 0.793755 0.165000
v 0.780000 0.820000 0.170000
v 0.780000 0.860000 0.170000
v 0.780000 0.900000 0.170000
v 0.780000 0.945338 0.020000
v 0.780000 0.945338 0.060000
v 0.780000 0.945338 0.100000
v 0.780000 0.940809 0.140000
v 0.780000 0.928140 0.165000
v 0.820000 0.781083 0.020000
v 0.820000 0.781083 0.060000
v 0.820000 0.781223 0.100000
v 0.820000 0.784202 0.140000
v 0.820000 0.793522 0.165000
v 0.820000 0.820000 0.170000
v 0.820000 0.860000 0.170000
v 0.820000 0.900000 0.170000
v 0.820000 0.945694 0.020000
v 0.820000 0.945694 0.060000
v 0.820000 0.945694 0.100000
v 0.820000 0.941094 0.140000
v 0.820000 0.928247 0.165000
v 0.873590 0.754926 0.020000
v 0.873590 0.754926 0.060000
v 0.873590 0.754926 0.100000
v 0.875170 0.756179 0.140000
v 0.877833 0.758288 0.161360
v 0.853590 0.768533 0.020000
v 0.853590 0.768533 0.060000
v 0.853590 0.768662 0.100000
v 0.855170 0.770766 0.140000
v 0.862700 0.781097 0.164816
v 0.860000 0.820000 0.170000
v 0.860000 0.860000 0.170000
v 0.860000 0.900000 0.170000
v 0.860000 0.942100 0.020000
v 0.860000 0.942100 0.060000
v 0.860000 0.942100 0.100000
v 0.860000 0.938316 0.140000
v 0.860000 0.927266 0.165000
v 0.912931 0.705853 0.020000
v 0.912931 0.705853 0.060000
v 0.912932 0.705853 0.100000
v 0.913448 0.706509 0.140000
v 0.915976 0.711443 0.163333
v 0.892931 0.734926 0.020000
v 0.892931 0.734926 0.060000
v 0.892932 0.734926 0.100000
v 0.893448 0.736179 0.140000
v 0.901586 0.742973 0.164816
v 0.900000 0.780000 0.168520
v 0.900000 0.820000 0.170000
v 0.900000 0.860000 0.170000
v 0.900000 0.900000 0.169835
v 0.900000 0.934440 0.020000
v 0.900000 0.934440 0.060000
v 0.900000 0.934440 0.100000
v 0.900000 0.932885 0.140000
v 0.900000 0.925665 0.164835
v 0.940907 0.660000 0.020000
v 0.940907 0.660000 0.060000
v 0.940907 0.660000 0.100000
v 0.943126 0.660000 0.140000
v 0.952673 0.660000 0.163054
v 0.922726 0.685852 0.020000
v 0.922726 0.685852 0.060000
v 0.922726 0.685853 0.100000
v 0.924945 0.686509 0.140000
v 0.938866 0.698866 0.166000
v 0.940000 0.740000 0.170000
v 0.940000 0.780000 0.170000
v 0.940000 0.820000 0.170000
v 0.940000 0.860000 0.170000
v 0.952360 0.916799 0.020000
v 0.952360 0.916799 0.060000
v 0.952360 0.916799 0.100000
v 0.952360 0.914789 0.140000
v 0.940944 0.901112 0.165868
v 0.932360 0.924742 0.020000
v 0.932360 0.924742 0.060000
v 0.932360 0.924742 0.100000
v 0.932360 0.924742 0.140000
v 0.928240 0.923161 0.163114
v 0.980000 0.020000 0.165000
v 0.980000 0.060000 0.170000
v 0.980000 0.100000 0.170000
v 0.980000 0.140000 0.170000
v 0.980000 0.180000 0.170000
v 0.980000 0.220000 0.170000
v 0.980000 0.260000 0.170000
v 0.980000 0.300000 0.170000
v 1.020000 0.020000 0.165000
v 1.020000 0.060000 0.170000
v 1.020000 0.100000 0.170000
v 1.020000 0.140000 0.170000
v 1.020000 0.180000 0.170000
v 1.020000 0.220000 0.170000
v 1.020000 0.260000 0.170000
v 1.020000 0.300000 0.170000
v 1.060000 0.020000 0.165000
v 1.060000 0.060000 0.170000
v 1.060000 0.100000 0.170000
v 1.060000 0.140000 0.170000
v 1.060000 0.180000 0.170000
v 1.060000 0.220000 0.170000
v 1.060000 0.260000 0.170000
v 1.060000 0.300000 0.170000
v 1.100000 0.020000 0.164318
v 1.100000 0.060000 0.168636
v 1.100000 0.100000 0.168636
v 1.100000 0.140000 0.168636
v 1.100000 0.180000 0.168636
v 1.100000 0.220000 0.168636
v 1.100000 0.260000 0.168636
v 1.100000 0.300000 0.168636
v 1.123334 0.020000 0.020000
v 1.123334 0.020000 0.060000
v 1.123334 0.020000 0.100000
v 1.123334 0.020000 0.140000
v 1.121667 0.020000 0.161818
v 1.126667 0.060000 0.020000
v 1.126667 0.060000 0.060000
v 1.126667 0.060000 0.100000
v 1.126667 0.060000 0.140000
v 1.123334 0.060000 0.163636
v 1.126667 0.100000 0.020000
v 1.126667 0.100000 0.060000
v 1.126667 0.100000 0.100000
v 1.126667 0.100000 0.140000
v 1.123334 0.100000 0.163636
v 1.126667 0.140000 0.020000
v 1.126667 0.140000 0.060000
v 1.126667 0.140000 0.100000
v 1.126667 0.140000 0.140000
v 1.123334 0.140000 0.163636
v 1.126667 0.180000 0.020000
v 1.126667 0.180000 0.060000
v 1.126667 0.180000 0.100000
v 1.126667 0.180000 0.140000
v 1.123334 0.180000 0.163636
v 1.126667 0.220000 0.020000
v 1.126667 0.220000 0.060000
v 1.126667 0.220000 0.100000
v 1.126667 0.220000 0.140000
v 1.123334 0.220000 0.163636
v 1.126667 0.260000 0.020000
v 1.126667 0.260000 0.060000
v 1.126667 0.260000 0.100000
v 1.126667 0.260000 0.140000
v 1.123334 0.260000 0.163636
v 1.126667 0.300000 0.020000
v 1.126667 0.300000 0.060000
v 1.126667 0.300000 0.100000
v 1.126667 0.300000 0.140000
v 1.123334 0.300000 0.163636
v 0.980000 0.340000 0.170000
v 0.980000 0.380000 0.170000
v 0.980000 0.420000 0.170000
v 0.980000 0.460000 0.170000
v 0.980000 0.497333 0.020000
v 0.980000 0.497333 0.060000
v 0.980000 0.497333 0.100000
v 0.980000 0.494789 0.140000
v 0.980000 0.486123 0.165000
v 0.963726 0.639095 0.020000
v 0.963726 0.639095 0.060000
v 0.963726 0.639095 0.100000
v 0.963726 0.639095 0.140000
v 0.962484 0.639397 0.160738
v 1.020000 0.340000 0.170000
v 1.020000 0.380000 0.170000
v 1.020000 0.420000 0.170000
v 1.020000 0.460000 0.170000
v 1.020000 0.497333 0.020000
v 1.020000 0.497333 0.060000
v 1.020000 0.497333 0.100000
v 1.020000 0.494789 0.140000
v 1.020000 0.486123 0.165000
v 1.060000 0.340000 0.170000
v 1.060000 0.380000 0.170000
v 1.060000 0.420000 0.170000
v 1.060000 0.460000 0.170000
v 1.060000 0.497333 0.020000
v 1.060000 0.497333 0.060000
v 1.060000 0.497333 0.100000
v 1.060000 0.494789 0.140000
v 1.060000 0.486123 0.165000
v 1.100000 0.340000 0.168636
v 1.100000 0.380000 0.168636
v 1.100000 0.420000 0.168636
v 1.100000 0.460000 0.168636
v 1.100000 0.493212 0.020000
v 1.100000 0.493212 0.060000
v 1.100000 0.493212 0.100000
v 1.100000 0.491940 0.140000
v 1.100000 0.485334 0.164318
v 1.126667 0.340000 0.020000
v 1.126667 0.340000 0.060000
v 1.126667 0.340000 0.100000
v 1.126667 0.340000 0.140000
v 1.123334 0.340000 0.163636
v 1.126667 0.380000 0.020000
v 1.126667 0.380000 0.060000
v 1.126667 0.380000 0.100000
v 1.126667 0.380000 0.140000
v 1.123334 0.380000 0.163636
v 1.126667 0.420000 0.020000
v 1.126667 0.420000 0.060000
v 1.126667 0.420000 0.100000
v 1.126667 0.420000 0.140000
v 1.123334 0.420000 0.163636
v 1.126667 0.460000 0.020000
v 1.126667 0.460000 0.060000
v 1.126667 0.460000 0.100000
v 1.126667 0.460000 0.140000
v 1.123334 0.460000 0.163636
v 1.123334 0.484545 0.020000
v 1.123334 0.484545 0.060000
v 1.123334 0.484545 0.100000
v 1.123334 0.484545 0.140000
v 1.122223 0.483030 0.162424
v 0.983726 0.643952 0.020000
v 0.983726 0.643952 0.060000
v 0.983726 0.643952 0.100000
v 0.983726 0.646321 0.140000
v 0.977491 0.659476 0.164443
v 0.980000 0.700000 0.170000
v 0.980000 0.740000 0.170000
v 0.980000 0.780000 0.170000
v 0.980000 0.820000 0.170000
v 0.980000 0.860000 0.169551
v 0.980000 0.901519 0.020000
v 0.980000 0.901519 0.060000
v 0.980000 0.901519 0.100000
v 0.980000 0.899510 0.140000
v 0.980000 0.888750 0.164551
v 1.020000 0.652762 0.020000
v 1.020000 0.652762 0.060000
v 1.020000 0.652762 0.100000
v 1.020000 0.657038 0.140000
v 1.020000 0.670657 0.165000
v 1.020000 0.700000 0.170000
v 1.020000 0.740000 0.170000
v 1.020000 0.780000 0.170000
v 1.020000 0.820000 0.169988
v 1.026022 0.867120 0.020000
v 1.026022 0.867120 0.060000
v 1.026022 0.867120 0.100000
v 1.026022 0.867120 0.140000
v 1.018409 0.858848 0.165631
v 1.006022 0.884721 0.020000
v 1.006022 0.884721 0.060000
v 1.006022 0.884721 0.100000
v 1.006022 0.884721 0.140000
v 1.004015 0.883147 0.162735
v 1.060000 0.662476 0.020000
v 1.060000 0.662476 0.060000
v 1.060000 0.662476 0.100000
v 1.060000 0.664816 0.140000
v 1.060000 0.673578 0.165000
v 1.060000 0.700000 0.170000
v 1.060000 0.740000 0.170000
v 1.079962 0.799929 0.020000
v 1.079962 0.799929 0.060000
v 1.079962 0.799929 0.100000
v 1.079917 0.799900 0.140000
v 1.063949 0.783949 0.166000
v 1.066218 0.820000 0.020000
v 1.066218 0.820000 0.060000
v 1.066218 0.820000 0.100000
v 1.066172 0.820000 0.140000
v 1.053064 0.820000 0.164988
v 1.046256 0.847120 0.020000
v 1.046256 0.847120 0.060000
v 1.046256 0.847120 0.100000
v 1.046256 0.847120 0.140000
v 1.044171 0.844746 0.163317
v 1.100000 0.672190 0.020000
v 1.100000 0.672190 0.060000
v 1.100000 0.672190 0.100000
v 1.100000 0.672622 0.140000
v 1.100000 0.676527 0.163373
v 1.117604 0.707778 0.020000
v 1.117604 0.707778 0.060000
v 1.117604 0.707778 0.100000
v 1.115694 0.707778 0.140000
v 1.101514 0.699111 0.164698
v 1.107664 0.740000 0.020000
v 1.107664 0.740000 0.060000
v 1.107664 0.740000 0.100000
v 1.104288 0.740000 0.140000
v 1.090456 0.740000 0.165000
v 1.090060 0.779929 0.020000
v 1.090060 0.779929 0.060000
v 1.090060 0.779929 0.100000
v 1.088594 0.779900 0.140000
v 1.084752 0.773247 0.163333
v 1.121584 0.678524 0.020000
v 1.121584 0.678524 0.060000
v 1.121584 0.678524 0.100000
v 1.121584 0.678524 0.140000
v 1.121056 0.679016 0.161164
v 1.121584 0.687777 0.020000
v 1.121584 0.687777 0.060000
v 1.121584 0.687777 0.100000
v 1.121584 0.687777 0.140000
v 1.121056 0.685185 0.161164
vn -0.5176 -0.6688 -0.5337
vn -0.5958 -0.8031 -0.0000
vn -0.5864 -0.8100 -0.0031
vn -0.5847 -0.8112 -0.0000
vn -0.0000 -0.7882 -0.6154
vn -0.0000 -1.0000 -0.0000
vn 0.4608 -0.6967 -0.5497
vn 0.5098 -0.8603 -0.0000
vn 0.4781 -0.8783 -0.0095
vn 0.4719 -0.8817 -0.0000
vn -0.3145 -0.7239 -0.6141
vn -0.2975 -0.9539 -0.0397
vn -0.2585 -0.9660 -0.0013
vn -0.2596 -0.9657 -0.0000
vn -0.0888 -0.7171 -0.6913
vn -0.1376 -0.9871 -0.0815
vn -0.1732 -0.9849 -0.0067
vn -0.1758 -0.9844 -0.0000
vn -0.0399 -0.6888 -0.7239
vn -0.0673 -0.9873 -0.1437
vn -0.0842 -0.9963 -0.0164
vn -0.0861 -0.9963 -0.0000
vn -0.5864 -0.8100 0.0031
vn -0.5176 -0.6688 0.5337
vn -0.0000 -0.7882 0.6154
vn 0.4781 -0.8783 0.0095
vn 0.5097 -0.8603 -0.0000
vn 0.4608 -0.6967 0.5497
vn -0.2585 -0.9660 0.0013
vn -0.2975 -0.9539 0.0397
vn -0.3145 -0.7239 0.6141
vn -0.1732 -0.9849 0.0067
vn -0.1376 -0.9871 0.0815
vn -0.0888 -0.7171 0.6913
vn -0.0842 -0.9963 0.0164
vn -0.0673 -0.9873 0.1437
vn -0.0399 -0.6888 0.7239
vn -0.6831 -0.1601 -0.7126
vn -0.9770 -0.2049 -0.0598
vn -0.9709 -0.2391 -0.0092
vn -0.9705 -0.2410 -0.0000
vn -0.6833 -0.0453 -0.7288
vn -0.9889 -0.0656 -0.1332
vn -0.9965 -0.0824 -0.0151
vn -0.9966 -0.0825 -0.0000
vn -0.6832 -0.0000 -0.7303
vn -0.9894 -0.0000 -0.1449
vn -0.9999 -0.0000 -0.0151
vn -1.0000 -0.0000 -0.0000
vn -0.0410 -0.1703 -0.9845
vn -0.0896 -0.0538 -0.9945
vn -0.0968 -0.0000 -0.9953
vn -0.0000 -0.1836 -0.9830
vn -0.0000 -0.0621 -0.9981
vn -0.0000 -0.0000 -1.0000
vn -0.6843 0.0022 -0.7292
vn -0.9896 0.0074 -0.1434
vn -0.9998 0.0119 -0.0151
vn -0.9999 0.0119 -0.0000
vn -0.6896 0.0515 -0.7224
vn -0.9881 0.1058 -0.1117
vn -0.9903 0.1385 -0.0106
vn -0.9901 0.1401 -0.0000
vn -0.5655 0.5794 -0.5869
vn -0.6943 0.7173 -0.0584
vn -0.6896 0.7242 -0.0048
vn -0.6882 0.7255 -0.0000
vn -0.0829 0.0843 -0.9930
vn -0.0492 0.7017 -0.7108
vn -0.0856 0.9919 -0.0934
vn -0.1017 0.9948 -0.0027
vn -0.1021 0.9948 -0.0000
vn -0.0000 0.0982 -0.9952
vn -0.0000 0.7023 -0.7118
vn -0.0000 0.9942 -0.1080
vn -0.0000 1.0000 -0.0031
vn -0.0000 1.0000 -0.0000
vn 0.0384 -0.1711 -0.9845
vn 0.0801 -0.0549 -0.9953
vn 0.0865 -0.0000 -0.9963
vn 0.6372 -0.1788 -0.7497
vn 0.9331 -0.3281 -0.1471
vn 0.9013 -0.4318 -0.0339
vn 0.8983 -0.4394 -0.0000
vn 0.6025 -0.0779 -0.7943
vn 0.9488 -0.1336 -0.2863
vn 0.9856 -0.1590 -0.0581
vn 0.9871 -0.1602 -0.0000
vn 0.5867 -0.0000 -0.8098
vn 0.9541 -0.0000 -0.2996
vn 0.9982 -0.0000 -0.0592
vn 1.0000 -0.0000 -0.0000
vn 0.5793 -0.0167 -0.8149
vn 0.9453 -0.0747 -0.3175
vn 0.9937 -0.0951 -0.0592
vn 0.9955 -0.0949 -0.0000
vn 0.0809 -0.0015 -0.9967
vn 0.0420 -0.0192 -0.9989
vn 0.0247 0.0162 -0.9996
vn 0.0685 0.0050 -0.9976
vn 0.0862 0.0001 -0.9963
vn 0.4687 -0.1287 -0.8739
vn 0.8635 -0.3547 -0.3584
vn 0.9459 -0.3199 -0.0549
vn 0.9491 -0.3150 -0.0000
vn 0.1869 -0.1815 -0.9655
vn 0.5847 -0.5231 -0.6202
vn 0.0200 -0.0426 -0.9989
vn 0.0042 0.0125 -0.9999
vn 0.0637 0.0898 -0.9939
vn 0.3718 0.2392 -0.8970
vn 0.8013 0.4956 -0.3353
vn 0.8589 0.5080 -0.0657
vn 0.8597 0.5108 -0.0000
vn 0.5459 0.0666 -0.8352
vn 0.9393 0.1458 -0.3106
vn 0.9878 0.1418 -0.0647
vn 0.9900 0.1414 -0.0000
vn 0.7774 -0.6008 -0.1863
vn 0.8140 -0.5799 -0.0345
vn 0.8134 -0.5817 -0.0000
vn 0.1854 -0.5056 -0.8426
vn 0.5076 -0.8121 -0.2878
vn 0.5380 -0.8425 -0.0275
vn 0.5470 -0.8371 -0.0000
vn 0.0029 -0.0864 -0.9963
vn 0.0148 0.0543 -0.9984
vn 0.2240 0.3786 -0.8981
vn 0.4137 0.8421 -0.3459
vn 0.4165 0.9074 -0.0557
vn 0.4174 0.9087 -0.0000
vn 0.4346 0.4755 -0.7649
vn 0.6313 0.7241 -0.2777
vn 0.6691 0.7401 -0.0679
vn 0.6731 0.7396 -0.0000
vn 0.0343 -0.6881 -0.7248
vn 0.1393 -0.9789 -0.1492
vn 0.1907 -0.9816 -0.0035
vn 0.1907 -0.9817 -0.0000
vn 0.0001 -0.0980 -0.9952
vn -0.0000 0.0774 -0.9970
vn 0.0464 0.5150 -0.8559
vn 0.0888 0.9352 -0.3428
vn 0.0686 0.9960 -0.0580
vn 0.0686 0.9976 -0.0000
vn 0.0007 -0.7021 -0.7121
vn 0.0021 -0.9941 -0.1084
vn 0.0030 -1.0000 -0.0032
vn 0.0031 -1.0000 -0.0000
vn -0.0000 -0.0982 -0.9952
vn -0.0000 0.5387 -0.8425
vn -0.0000 0.9387 -0.3448
vn -0.0000 0.9983 -0.0580
vn -0.0000 -0.7023 -0.7118
vn -0.0000 -0.9942 -0.1080
vn -0.0000 -1.0000 -0.0031
vn 0.0862 -0.0001 -0.9963
vn 0.0685 -0.0050 -0.9976
vn 0.0247 -0.0162 -0.9996
vn 0.5861 -0.0000 -0.8102
vn 0.9528 -0.0000 -0.3036
vn 0.9981 -0.0000 -0.0622
vn 0.5459 -0.0666 -0.8352
vn 0.9393 -0.1458 -0.3106
vn 0.9878 -0.1418 -0.0647
vn 0.9900 -0.1414 -0.0000
vn 0.3718 -0.2392 -0.8970
vn 0.8013 -0.4956 -0.3353
vn 0.8589 -0.5080 -0.0657
vn 0.8597 -0.5108 -0.0000
vn 0.0637 -0.0898 -0.9939
vn 0.0042 -0.0125 -0.9999
vn 0.4346 -0.4755 -0.7649
vn 0.6313 -0.7241 -0.2777
vn 0.6691 -0.7401 -0.0679
vn 0.6731 -0.7396 -0.0000
vn 0.2240 -0.3786 -0.8981
vn 0.4137 -0.8421 -0.3459
vn 0.4165 -0.9074 -0.0557
vn 0.4174 -0.9087 -0.0000
vn 0.0148 -0.0543 -0.9984
vn 0.0464 -0.5150 -0.8559
vn 0.0888 -0.9352 -0.3428
vn 0.0686 -0.9960 -0.0580
vn 0.0686 -0.9976 -0.0000
vn -0.0000 -0.0774 -0.9970
vn -0.0000 -0.5387 -0.8425
vn -0.0000 -0.9387 -0.3448
vn -0.0000 -0.9983 -0.0580
vn -0.6898 -0.4023 -0.6019
vn -0.9329 -0.3238 -0.1573
vn -0.9732 -0.2299 -0.0027
vn -0.9726 -0.2325 -0.0000
vn -0.6976 -0.0687 -0.7132
vn -0.9849 -0.1314 -0.1127
vn -0.9834 -0.1811 -0.0148
vn -0.9826 -0.1859 -0.0000
vn 0.0438 -0.7018 -0.7110
vn 0.0560 -0.9934 -0.0997
vn 0.0662 -0.9978 -0.0031
vn 0.0662 -0.9978 -0.0000
vn 0.0537 -0.0908 -0.9944
vn 0.0621 -0.0000 -0.9981
vn 0.0559 0.0718 -0.9959
vn 0.0925 0.5604 -0.8231
vn 0.1662 0.9303 -0.3270
vn 0.1944 0.9793 -0.0566
vn 0.1961 0.9806 -0.0000
vn 0.1532 -0.6958 -0.7017
vn 0.1771 -0.9832 -0.0451
vn 0.1949 -0.9808 -0.0019
vn 0.1953 -0.9807 -0.0000
vn 0.1702 -0.0413 -0.9845
vn 0.1836 -0.0000 -0.9830
vn 0.1720 0.0358 -0.9845
vn 0.2625 0.6208 -0.7387
vn 0.4334 0.8783 -0.2020
vn 0.5111 0.8590 -0.0317
vn 0.5182 0.8553 -0.0000
vn 0.6640 -0.5271 -0.5303
vn 0.7912 -0.6115 -0.0000
vn 0.7927 -0.6096 -0.0007
vn 0.7930 -0.6092 -0.0000
vn 0.7882 -0.0000 -0.6154
vn 0.6933 0.4942 -0.5245
vn 0.8710 0.4891 -0.0460
vn 0.9028 0.4299 -0.0081
vn 0.9056 0.4242 -0.0000
vn -0.6621 -0.0386 -0.7484
vn -0.9767 -0.0907 -0.1944
vn -0.9914 -0.1262 -0.0334
vn -0.9915 -0.1302 -0.0000
vn -0.6306 -0.0199 -0.7759
vn -0.9681 -0.0580 -0.2437
vn -0.9955 -0.0817 -0.0471
vn -0.9965 -0.0838 -0.0000
vn -0.6110 -0.0116 -0.7915
vn -0.9621 -0.0314 -0.2708
vn -0.9977 -0.0415 -0.0535
vn -0.9991 -0.0421 -0.0000
vn -0.6037 -0.0015 -0.7972
vn -0.9602 -0.0036 -0.2793
vn -0.9985 -0.0044 -0.0552
vn -1.0000 -0.0044 -0.0000
vn -0.6081 0.0095 -0.7938
vn -0.9613 0.0249 -0.2743
vn -0.9980 0.0323 -0.0542
vn -0.9995 0.0326 -0.0000
vn -0.6246 0.0176 -0.7808
vn -0.9663 0.0506 -0.2524
vn -0.9963 0.0701 -0.0492
vn -0.9974 0.0718 -0.0000
vn -0.6527 0.0300 -0.7570
vn -0.9744 0.0803 -0.2099
vn -0.9927 0.1141 -0.0381
vn -0.9931 0.1174 -0.0000
vn -0.6857 0.0529 -0.7259
vn -0.9846 0.1157 -0.1307
vn -0.9857 0.1673 -0.0188
vn -0.9850 0.1726 -0.0000
vn 0.0424 -0.5500 -0.8341
vn 0.0864 -0.9389 -0.3332
vn 0.1118 -0.9921 -0.0574
vn 0.1124 -0.9937 -0.0000
vn 0.0294 -0.0740 -0.9968
vn 0.0330 -0.0000 -0.9995
vn 0.0286 0.0943 -0.9951
vn 0.0234 0.7022 -0.7116
vn 0.0305 0.9942 -0.1032
vn 0.0366 0.9993 -0.0031
vn 0.0366 0.9993 -0.0000
vn 0.1854 -0.6026 -0.7762
vn 0.3413 -0.9066 -0.2483
vn 0.4150 -0.9092 -0.0338
vn 0.4230 -0.9061 -0.0000
vn 0.1330 -0.0496 -0.9899
vn 0.1443 -0.0000 -0.9895
vn 0.1304 0.0627 -0.9895
vn 0.1033 0.7002 -0.7064
vn 0.1364 0.9884 -0.0670
vn 0.1545 0.9880 -0.0019
vn 0.1549 0.9879 -0.0000
vn 0.6493 -0.5071 -0.5668
vn 0.8322 -0.5465 -0.0935
vn 0.8756 -0.4829 -0.0081
vn 0.8788 -0.4773 -0.0000
vn 0.7521 -0.0202 -0.6588
vn 0.9988 -0.0304 -0.0389
vn 0.9993 -0.0363 -0.0000
vn 0.7529 -0.0000 -0.6581
vn 0.9990 -0.0000 -0.0446
vn 0.7519 0.0234 -0.6589
vn 0.9986 0.0376 -0.0377
vn 0.9990 0.0445 -0.0000
vn 0.6270 0.5492 -0.5525
vn 0.7548 0.6555 -0.0236
vn 0.7574 0.6529 -0.0006
vn 0.7577 0.6526 -0.0000
vn -0.6781 0.3857 -0.6256
vn -0.9428 0.2780 -0.1837
vn -0.9781 0.2083 -0.0033
vn -0.9774 0.2116 -0.0000
vn -0.6809 -0.3887 -0.6207
vn -0.8851 -0.4635 -0.0416
vn -0.8847 -0.4661 -0.0067
vn -0.8819 -0.4714 -0.0000
vn -0.6542 -0.1336 -0.7444
vn -0.9408 -0.2993 -0.1588
vn -0.9212 -0.3882 -0.0264
vn -0.9196 -0.3928 -0.0000
vn -0.5391 -0.1562 -0.8276
vn -0.8978 -0.3318 -0.2894
vn -0.9420 -0.3338 -0.0342
vn -0.9446 -0.3283 -0.0000
vn -0.4207 -0.2300 -0.8776
vn -0.9003 -0.3043 -0.3112
vn -0.9604 -0.2782 -0.0126
vn -0.9621 -0.2728 -0.0000
vn -0.1182 -0.0396 -0.9922
vn -0.5282 -0.4474 -0.7217
vn -0.7793 -0.6067 -0.1568
vn -0.7958 -0.6051 -0.0229
vn -0.7979 -0.6028 -0.0000
vn -0.4073 -0.3268 -0.8528
vn -0.7926 -0.5822 -0.1813
vn -0.8372 -0.5469 -0.0101
vn -0.8396 -0.5432 -0.0000
vn -0.1114 -0.0648 -0.9917
vn -0.0851 -0.0134 -0.9963
vn -0.0473 -0.0171 -0.9987
vn -0.0064 -0.0021 -1.0000
vn -0.4674 -0.4907 -0.7353
vn -0.6645 -0.7256 -0.1790
vn -0.6694 -0.7424 -0.0255
vn -0.6681 -0.7440 -0.0000
vn -0.3375 -0.3301 -0.8816
vn -0.7060 -0.6643 -0.2455
vn -0.7346 -0.6780 -0.0266
vn -0.7348 -0.6783 -0.0000
vn -0.0781 -0.0405 -0.9961
vn -0.0220 -0.0155 -0.9996
vn -0.3963 -0.6277 -0.6701
vn -0.5007 -0.8611 -0.0887
vn -0.5027 -0.8644 -0.0115
vn -0.5082 -0.8612 -0.0000
vn -0.3269 -0.3486 -0.8784
vn -0.6242 -0.7501 -0.2182
vn -0.6017 -0.7986 -0.0145
vn -0.5985 -0.8011 -0.0000
vn -0.0423 -0.0680 -0.9968
vn 0.0039 0.0013 -1.0000
vn 0.0441 0.0171 -0.9989
vn 0.0764 0.0017 -0.9971
vn -0.1471 -0.5837 -0.7986
vn -0.3512 -0.9120 -0.2121
vn -0.4180 -0.9080 -0.0284
vn -0.4178 -0.9085 -0.0000
vn -0.0488 -0.0854 -0.9952
vn -0.0125 -0.0125 -0.9998
vn 0.0464 0.0251 -0.9986
vn 0.1063 0.0372 -0.9936
vn 0.4051 0.2257 -0.8860
vn 0.9072 0.2679 -0.3244
vn 0.9734 0.2281 -0.0202
vn 0.9737 0.2280 -0.0001
vn 0.9737 0.2280 -0.0000
vn 0.5104 0.0886 -0.8554
vn 0.9198 0.1877 -0.3446
vn 0.9874 0.1529 -0.0403
vn 0.9895 0.1445 -0.0001
vn 0.9895 0.1445 -0.0000
vn -0.2544 -0.4083 -0.8767
vn -0.4271 -0.8704 -0.2448
vn -0.3447 -0.9385 -0.0175
vn -0.3374 -0.9414 -0.0000
vn -0.0054 -0.0673 -0.9977
vn 0.0512 0.0535 -0.9973
vn 0.3282 0.2818 -0.9016
vn 0.7278 0.6168 -0.2996
vn 0.7544 0.6547 -0.0479
vn 0.7568 0.6537 -0.0015
vn 0.7570 0.6534 -0.0000
vn 0.5668 0.1794 -0.8041
vn 0.8952 0.4051 -0.1858
vn 0.8835 0.4667 -0.0391
vn 0.8818 0.4717 -0.0016
vn 0.8817 0.4717 -0.0000
vn 0.6352 0.4345 -0.6386
vn 0.8970 0.4059 -0.1753
vn 0.9404 0.3397 -0.0174
vn 0.9391 0.3437 -0.0004
vn 0.9389 0.3441 -0.0000
vn -0.0651 -0.1213 -0.9905
vn -0.0158 -0.0243 -0.9996
vn 0.0188 0.0411 -0.9990
vn 0.2408 0.3154 -0.9179
vn 0.4795 0.8111 -0.3350
vn 0.4697 0.8821 -0.0356
vn 0.4715 0.8819 -0.0004
vn 0.4716 0.8818 -0.0000
vn 0.4235 0.4830 -0.7664
vn 0.6067 0.7620 -0.2265
vn 0.6329 0.7732 -0.0402
vn 0.6357 0.7720 -0.0007
vn 0.6357 0.7720 -0.0000
vn -0.0138 -0.1020 -0.9947
vn 0.0019 0.0793 -0.9968
vn 0.1077 0.5120 -0.8522
vn 0.2525 0.9075 -0.3358
vn 0.2347 0.9709 -0.0481
vn 0.2283 0.9736 -0.0002
vn 0.2283 0.9736 -0.0000
vn -0.0974 -0.0075 -0.9952
vn -0.0919 -0.0006 -0.9958
vn -0.0897 -0.0004 -0.9960
vn -0.0888 -0.0001 -0.9960
vn -0.0894 0.0004 -0.9960
vn -0.0913 0.0006 -0.9958
vn -0.0950 0.0031 -0.9955
vn -0.1083 0.0303 -0.9937
vn -0.0022 0.0007 -1.0000
vn 0.0830 0.0005 -0.9966
vn 0.0847 0.0001 -0.9964
vn 0.0850 -0.0000 -0.9964
vn 0.0848 -0.0000 -0.9964
vn 0.0836 -0.0003 -0.9965
vn 0.0789 -0.0012 -0.9969
vn 0.5581 0.0279 -0.8293
vn 0.9402 0.0744 -0.3325
vn 0.9952 0.0783 -0.0587
vn 0.9971 0.0755 -0.0001
vn 0.9971 0.0755 -0.0000
vn 0.5736 0.0064 -0.8191
vn 0.9485 0.0192 -0.3162
vn 0.9978 0.0235 -0.0614
vn 0.9997 0.0236 -0.0000
vn 0.5768 0.0008 -0.8169
vn 0.9502 0.0027 -0.3116
vn 0.9981 0.0036 -0.0611
vn 1.0000 0.0037 -0.0000
vn 0.5772 -0.0000 -0.8166
vn 0.9504 -0.0000 -0.3111
vn 0.9981 -0.0000 -0.0610
vn 0.5770 -0.0005 -0.8168
vn 0.9503 -0.0015 -0.3114
vn 0.9981 -0.0020 -0.0611
vn 1.0000 -0.0021 -0.0000
vn 0.5749 -0.0043 -0.8182
vn 0.9492 -0.0132 -0.3145
vn 0.9980 -0.0165 -0.0614
vn 0.9999 -0.0167 -0.0000
vn 0.5641 -0.0195 -0.8255
vn 0.9435 -0.0537 -0.3271
vn 0.9964 -0.0595 -0.0605
vn 0.9983 -0.0584 -0.0001
vn 0.9983 -0.0584 -0.0000
vn 0.5216 -0.0750 -0.8499
vn 0.9266 -0.1585 -0.3409
vn 0.9900 -0.1330 -0.0476
vn 0.9922 -0.1249 -0.0001
vn 0.9922 -0.1249 -0.0000
vn -0.3903 0.2216 -0.8936
vn -0.9093 0.2769 -0.3107
vn -0.9656 0.2600 -0.0010
vn -0.9657 0.2596 -0.0000
vn -0.5164 0.1532 -0.8425
vn -0.8863 0.3502 -0.3030
vn -0.9444 0.3282 -0.0189
vn -0.9471 0.3209 -0.0000
vn -0.6217 0.1174 -0.7744
vn -0.9334 0.3018 -0.1940
vn -0.9244 0.3805 -0.0267
vn -0.9245 0.3812 -0.0000
vn -0.6521 0.3771 -0.6576
vn -0.8896 0.4511 -0.0721
vn -0.8958 0.4443 -0.0074
vn -0.8927 0.4506 -0.0000
vn -0.0406 0.0171 -0.9990
vn -0.0760 0.0049 -0.9971
vn -0.1028 0.0366 -0.9940
vn -0.3664 0.3163 -0.8751
vn -0.7943 0.5650 -0.2232
vn -0.8484 0.5291 -0.0142
vn -0.8517 0.5240 -0.0000
vn -0.5097 0.4120 -0.7553
vn -0.8089 0.5573 -0.1873
vn -0.8138 0.5807 -0.0238
vn -0.8145 0.5802 -0.0000
vn -0.0009 0.0003 -1.0000
vn -0.0536 0.0490 -0.9974
vn -0.2993 0.2798 -0.9122
vn -0.7310 0.6272 -0.2689
vn -0.7530 0.6578 -0.0165
vn -0.7513 0.6599 -0.0000
vn -0.4407 0.4578 -0.7722
vn -0.6693 0.7150 -0.2021
vn -0.6895 0.7241 -0.0161
vn -0.6900 0.7238 -0.0000
vn 0.0525 -0.0153 -0.9985
vn 0.0114 -0.0038 -0.9999
vn -0.0473 0.0480 -0.9977
vn -0.2818 0.3126 -0.9071
vn -0.5955 0.7572 -0.2685
vn -0.6201 0.7842 -0.0200
vn -0.6218 0.7832 -0.0000
vn -0.3959 0.5456 -0.7386
vn -0.5127 0.8416 -0.1698
vn -0.5240 0.8514 -0.0233
vn -0.5231 0.8523 -0.0000
vn 0.3922 -0.2252 -0.8919
vn 0.9119 -0.3095 -0.2694
vn 0.9789 -0.2026 -0.0265
vn 0.9793 -0.2025 -0.0000
vn 0.1259 -0.0499 -0.9908
vn 0.0635 -0.0211 -0.9978
vn 0.0128 -0.0128 -0.9998
vn -0.0344 0.0827 -0.9960
vn -0.2955 0.4382 -0.8489
vn -0.5111 0.8397 -0.1835
vn -0.4601 0.8878 -0.0129
vn -0.4551 0.8904 -0.0000
vn -0.3550 0.7250 -0.5902
vn -0.3789 0.9252 -0.0221
vn -0.3628 0.9318 -0.0032
vn -0.3654 0.9309 -0.0000
vn 0.6919 -0.3188 -0.6478
vn 0.9465 -0.3185 -0.0516
vn 0.9522 -0.3049 -0.0183
vn 0.9522 -0.3055 -0.0003
vn 0.9521 -0.3058 -0.0000
vn 0.6012 -0.2011 -0.7734
vn 0.9107 -0.3890 -0.1388
vn 0.9002 -0.4346 -0.0284
vn 0.8996 -0.4367 -0.0012
vn 0.8996 -0.4367 -0.0000
vn 0.3569 -0.2984 -0.8852
vn 0.7681 -0.5960 -0.2342
vn 0.7941 -0.6070 -0.0294
vn 0.7964 -0.6047 -0.0008
vn 0.7966 -0.6045 -0.0000
vn 0.0576 -0.0582 -0.9966
vn 0.0126 -0.0126 -0.9998
vn -0.0177 0.0296 -0.9994
vn -0.0764 0.1319 -0.9883
vn -0.1202 0.7091 -0.6947
vn -0.2077 0.9736 -0.0943
vn -0.2739 0.9616 -0.0155
vn -0.2797 0.9601 -0.0000
vn 0.4830 -0.5010 -0.7181
vn 0.6736 -0.7238 -0.1493
vn 0.6735 -0.7388 -0.0236
vn 0.6730 -0.7396 -0.0000
vn 0.2709 -0.3546 -0.8949
vn 0.5323 -0.8042 -0.2644
vn 0.5179 -0.8547 -0.0352
vn 0.5127 -0.8586 -0.0013
vn 0.5122 -0.8589 -0.0000
vn 0.0086 -0.0582 -0.9983
vn -0.0198 0.1006 -0.9947
vn -0.0711 0.6528 -0.7542
vn -0.1420 0.9670 -0.2116
vn -0.1857 0.9818 -0.0385
vn -0.1906 0.9817 -0.0000
vn 0.1153 -0.5781 -0.8078
vn 0.2572 -0.9359 -0.2408
vn 0.2708 -0.9616 -0.0456
vn 0.2697 -0.9630 -0.0022
vn 0.2696 -0.9630 -0.0000
vn 0.0010 -0.0912 -0.9958
vn -0.0008 0.0897 -0.9960
vn -0.0229 0.6137 -0.7892
vn -0.0628 0.9609 -0.2697
vn -0.0846 0.9950 -0.0536
vn -0.0859 0.9963 -0.0000
vn -0.9709 -0.2391 0.0092
vn -0.9770 -0.2049 0.0598
vn -0.6831 -0.1601 0.7126
vn -0.9965 -0.0824 0.0151
vn -0.9889 -0.0656 0.1332
vn -0.6833 -0.0453 0.7288
vn -0.9999 -0.0000 0.0151
vn -0.9894 -0.0000 0.1449
vn -0.6832 -0.0000 0.7303
vn -0.0410 -0.1703 0.9845
vn -0.0896 -0.0538 0.9945
vn -0.0968 -0.0000 0.9953
vn -0.0000 -0.1836 0.9830
vn -0.0000 -0.0621 0.9981
vn -0.0000 -0.0000 1.0000
vn -0.9998 0.0119 0.0151
vn -0.9896 0.0074 0.1434
vn -0.6843 0.0022 0.7292
vn -0.9903 0.1385 0.0106
vn -0.9881 0.1058 0.1117
vn -0.6896 0.0515 0.7224
vn -0.6896 0.7242 0.0048
vn -0.6943 0.7173 0.0584
vn -0.5655 0.5794 0.5869
vn -0.0829 0.0843 0.9930
vn -0.1017 0.9948 0.0027
vn -0.0856 0.9919 0.0934
vn -0.0492 0.7017 0.7108
vn -0.0000 0.0982 0.9952
vn -0.0000 1.0000 0.0031
vn -0.0000 0.9942 0.1080
vn -0.0000 0.7023 0.7118
vn 0.0383 -0.1711 0.9845
vn 0.0801 -0.0549 0.9953
vn 0.0865 -0.0000 0.9963
vn 0.9013 -0.4318 0.0339
vn 0.9331 -0.3281 0.1471
vn 0.6372 -0.1788 0.7497
vn 0.9856 -0.1590 0.0581
vn 0.9488 -0.1336 0.2863
vn 0.6025 -0.0779 0.7943
vn 0.9982 -0.0000 0.0592
vn 0.9541 -0.0000 0.2996
vn 0.5867 -0.0000 0.8098
vn 0.9937 -0.0951 0.0592
vn 0.9453 -0.0747 0.3175
vn 0.5793 -0.0167 0.8149
vn 0.0809 -0.0015 0.9967
vn 0.0420 -0.0192 0.9989
vn 0.0247 0.0162 0.9996
vn 0.0685 0.0050 0.9976
vn 0.0862 0.0001 0.9963
vn 0.9459 -0.3199 0.0549
vn 0.8635 -0.3547 0.3584
vn 0.4687 -0.1287 0.8739
vn 0.5847 -0.5231 0.6202
vn 0.1869 -0.1815 0.9655
vn 0.0200 -0.0426 0.9989
vn 0.0042 0.0125 0.9999
vn 0.0637 0.0898 0.9939
vn 0.8589 0.5080 0.0657
vn 0.8013 0.4956 0.3353
vn 0.3718 0.2392 0.8970
vn 0.9878 0.1418 0.0647
vn 0.9393 0.1458 0.3106
vn 0.5459 0.0666 0.8352
vn 0.8140 -0.5799 0.0345
vn 0.7774 -0.6008 0.1863
vn 0.5380 -0.8425 0.0275
vn 0.5076 -0.8121 0.2878
vn 0.1854 -0.5056 0.8426
vn 0.0029 -0.0864 0.9963
vn 0.0148 0.0543 0.9984
vn 0.4165 0.9074 0.0557
vn 0.4137 0.8421 0.3459
vn 0.2240 0.3786 0.8981
vn 0.6691 0.7401 0.0679
vn 0.6313 0.7241 0.2777
vn 0.4346 0.4755 0.7649
vn 0.1907 -0.9816 0.0035
vn 0.1393 -0.9789 0.1492
vn 0.0343 -0.6881 0.7248
vn 0.0001 -0.0980 0.9952
vn -0.0000 0.0774 0.9970
vn 0.0686 0.9960 0.0580
vn 0.0888 0.9352 0.3428
vn 0.0464 0.5150 0.8559
vn 0.0030 -1.0000 0.0032
vn 0.0021 -0.9941 0.1084
vn 0.0007 -0.7021 0.7121
vn -0.0000 -0.0982 0.9952
vn -0.0000 0.9983 0.0580
vn -0.0000 0.9387 0.3448
vn -0.0000 0.5387 0.8425
vn -0.0000 -1.0000 0.0031
vn -0.0000 -0.9942 0.1080
vn -0.0000 -0.7023 0.7118
vn 0.0862 -0.0001 0.9963
vn 0.0685 -0.0050 0.9976
vn 0.0247 -0.0162 0.9996
vn 0.9981 -0.0000 0.0622
vn 0.9528 -0.0000 0.3036
vn 0.5861 -0.0000 0.8102
vn 0.9878 -0.1418 0.0647
vn 0.9393 -0.1458 0.3106
vn 0.5459 -0.0666 0.8352
vn 0.8589 -0.5080 0.0657
vn 0.8013 -0.4956 0.3353
vn 0.3718 -0.2392 0.8970
vn 0.0637 -0.0898 0.9939
vn 0.0042 -0.0125 0.9999
vn 0.6691 -0.7401 0.0679
vn 0.6313 -0.7241 0.2777
vn 0.4346 -0.4755 0.7649
vn 0.4165 -0.9074 0.0557
vn 0.4137 -0.8421 0.3459
vn 0.2240 -0.3786 0.8981
vn 0.0148 -0.0543 0.9984
vn 0.0686 -0.9960 0.0580
vn 0.0888 -0.9352 0.3428
vn 0.0464 -0.5150 0.8559
vn -0.0000 -0.0774 0.9970
vn -0.0000 -0.9983 0.0580
vn -0.0000 -0.9387 0.3448
vn -0.0000 -0.5387 0.8425
vn -0.9732 -0.2299 0.0027
vn -0.9329 -0.3238 0.1573
vn -0.6898 -0.4023 0.6019
vn -0.9834 -0.1811 0.0148
vn -0.9849 -0.1314 0.1127
vn -0.6976 -0.0687 0.7132
vn 0.0662 -0.9978 0.0031
vn 0.0560 -0.9934 0.0997
vn 0.0438 -0.7018 0.7110
vn 0.0537 -0.0908 0.9944
vn 0.0621 -0.0000 0.9981
vn 0.0559 0.0718 0.9959
vn 0.1944 0.9793 0.0566
vn 0.1662 0.9303 0.3270
vn 0.0925 0.5604 0.8230
vn 0.1949 -0.9808 0.0019
vn 0.1771 -0.9832 0.0451
vn 0.1532 -0.6958 0.7017
vn 0.1702 -0.0413 0.9845
vn 0.1836 -0.0000 0.9830
vn 0.1720 0.0358 0.9845
vn 0.5111 0.8590 0.0317
vn 0.4334 0.8783 0.2020
vn 0.2625 0.6208 0.7387
vn 0.7927 -0.6096 0.0007
vn 0.6640 -0.5271 0.5303
vn 0.7882 -0.0000 0.6154
vn 0.9028 0.4299 0.0081
vn 0.8710 0.4891 0.0460
vn 0.6933 0.4942 0.5245
vn -0.9914 -0.1262 0.0334
vn -0.9767 -0.0907 0.1944
vn -0.6621 -0.0386 0.7484
vn -0.9955 -0.0817 0.0471
vn -0.9681 -0.0580 0.2437
vn -0.6306 -0.0199 0.7759
vn -0.9977 -0.0415 0.0535
vn -0.9621 -0.0314 0.2708
vn -0.6110 -0.0116 0.7915
vn -0.9985 -0.0044 0.0552
vn -0.9602 -0.0036 0.2793
vn -0.6037 -0.0015 0.7972
vn -0.9980 0.0323 0.0542
vn -0.9613 0.0249 0.2743
vn -0.6081 0.0095 0.7938
vn -0.9963 0.0701 0.0492
vn -0.9663 0.0506 0.2524
vn -0.6246 0.0176 0.7808
vn -0.9927 0.1141 0.0381
vn -0.9744 0.0803 0.2099
vn -0.6527 0.0300 0.7570
vn -0.9857 0.1673 0.0188
vn -0.9846 0.1157 0.1307
vn -0.6857 0.0529 0.7259
vn 0.1118 -0.9921 0.0574
vn 0.0864 -0.9389 0.3332
vn 0.0424 -0.5500 0.8341
vn 0.0294 -0.0740 0.9968
vn 0.0330 -0.0000 0.9995
vn 0.0286 0.0943 0.9951
vn 0.0366 0.9993 0.0031
vn 0.0305 0.9942 0.1032
vn 0.0234 0.7022 0.7116
vn 0.4150 -0.9092 0.0338
vn 0.3413 -0.9066 0.2483
vn 0.1854 -0.6026 0.7762
vn 0.1330 -0.0496 0.9899
vn 0.1443 -0.0000 0.9895
vn 0.1304 0.0627 0.9895
vn 0.1545 0.9880 0.0019
vn 0.1364 0.9884 0.0670
vn 0.1033 0.7002 0.7064
vn 0.8756 -0.4829 0.0081
vn 0.8322 -0.5465 0.0935
vn 0.6493 -0.5071 0.5668
vn 0.9988 -0.0304 0.0389
vn 0.7521 -0.0202 0.6588
vn 0.9990 -0.0000 0.0446
vn 0.7529 -0.0000 0.6581
vn 0.9986 0.0376 0.0377
vn 0.7519 0.0234 0.6589
vn 0.7574 0.6529 0.0006
vn 0.7548 0.6555 0.0236
vn 0.6270 0.5492 0.5525
vn -0.9781 0.2083 0.0033
vn -0.9428 0.2780 0.1837
vn -0.6781 0.3857 0.6256
vn -0.8847 -0.4661 0.0067
vn -0.8851 -0.4635 0.0416
vn -0.6809 -0.3887 0.6207
vn -0.9212 -0.3882 0.0264
vn -0.9408 -0.2993 0.1588
vn -0.6542 -0.1336 0.7444
vn -0.9420 -0.3338 0.0342
vn -0.8978 -0.3318 0.2894
vn -0.5391 -0.1562 0.8276
vn -0.9604 -0.2782 0.0126
vn -0.9003 -0.3043 0.3112
vn -0.4207 -0.2300 0.8776
vn -0.1182 -0.0396 0.9922
vn -0.7958 -0.6051 0.0229
vn -0.7793 -0.6067 0.1568
vn -0.5282 -0.4474 0.7217
vn -0.8372 -0.5469 0.0101
vn -0.7926 -0.5822 0.1813
vn -0.4073 -0.3268 0.8528
vn -0.1114 -0.0648 0.9917
vn -0.0851 -0.0134 0.9963
vn -0.0473 -0.0171 0.9987
vn -0.0064 -0.0021 1.0000
vn -0.6694 -0.7424 0.0255
vn -0.6645 -0.7256 0.1790
vn -0.4674 -0.4907 0.7353
vn -0.7346 -0.6780 0.0266
vn -0.7060 -0.6643 0.2455
vn -0.3375 -0.3301 0.8816
vn -0.0781 -0.0405 0.9961
vn -0.0220 -0.0155 0.9996
vn -0.5027 -0.8644 0.0115
vn -0.5007 -0.8611 0.0887
vn -0.3963 -0.6277 0.6701
vn -0.6017 -0.7986 0.0145
vn -0.6242 -0.7501 0.2182
vn -0.3269 -0.3486 0.8784
vn -0.0423 -0.0680 0.9968
vn 0.0039 0.0013 1.0000
vn 0.0441 0.0171 0.9989
vn 0.0764 0.0017 0.9971
vn -0.4180 -0.9080 0.0284
vn -0.3512 -0.9120 0.2121
vn -0.1471 -0.5837 0.7986
vn -0.0488 -0.0854 0.9952
vn -0.0125 -0.0125 0.9998
vn 0.0464 0.0251 0.9986
vn 0.1063 0.0372 0.9936
vn 0.9737 0.2280 0.0001
vn 0.9734 0.2281 0.0202
vn 0.9072 0.2679 0.3244
vn 0.4051 0.2257 0.8860
vn 0.9895 0.1445 0.0001
vn 0.9874 0.1529 0.0403
vn 0.9198 0.1877 0.3446
vn 0.5104 0.0886 0.8554
vn -0.3447 -0.9385 0.0175
vn -0.4271 -0.8704 0.2448
vn -0.2544 -0.4083 0.8767
vn -0.0054 -0.0673 0.9977
vn 0.0512 0.0535 0.9973
vn 0.7568 0.6537 0.0015
vn 0.7544 0.6547 0.0479
vn 0.7278 0.6168 0.2996
vn 0.3282 0.2818 0.9016
vn 0.8818 0.4717 0.0016
vn 0.8835 0.4667 0.0391
vn 0.8952 0.4051 0.1858
vn 0.5668 0.1794 0.8041
vn 0.9391 0.3437 0.0004
vn 0.9404 0.3397 0.0174
vn 0.8970 0.4059 0.1753
vn 0.6352 0.4345 0.6386
vn -0.0651 -0.1213 0.9905
vn -0.0158 -0.0243 0.9996
vn 0.0188 0.0411 0.9990
vn 0.4715 0.8819 0.0004
vn 0.4697 0.8821 0.0356
vn 0.4795 0.8111 0.3350
vn 0.2408 0.3154 0.9179
vn 0.6357 0.7720 0.0007
vn 0.6329 0.7732 0.0402
vn 0.6067 0.7620 0.2265
vn 0.4235 0.4830 0.7664
vn -0.0138 -0.1020 0.9947
vn 0.0019 0.0793 0.9968
vn 0.2283 0.9736 0.0002
vn 0.2347 0.9709 0.0481
vn 0.2525 0.9075 0.3358
vn 0.1077 0.5120 0.8522
vn -0.0974 -0.0075 0.9952
vn -0.0919 -0.0006 0.9958
vn -0.0897 -0.0004 0.9960
vn -0.0888 -0.0001 0.9960
vn -0.0894 0.0004 0.9960
vn -0.0913 0.0006 0.9958
vn -0.0950 0.0031 0.9955
vn -0.1083 0.0303 0.9937
vn -0.0022 0.0007 1.0000
vn 0.0830 0.0005 0.9966
vn 0.0847 0.0001 0.9964
vn 0.0850 -0.0000 0.9964
vn 0.0848 -0.0000 0.9964
vn 0.0836 -0.0003 0.9965
vn 0.0789 -0.0012 0.9969
vn 0.9971 0.0755 0.0001
vn 0.9952 0.0783 0.0587
vn 0.9402 0.0744 0.3325
vn 0.5581 0.0279 0.8293
vn 0.9978 0.0235 0.0614
vn 0.9485 0.0192 0.3162
vn 0.5736 0.0064 0.8191
vn 0.9981 0.0036 0.0611
vn 0.9502 0.0027 0.3116
vn 0.5768 0.0008 0.8169
vn 0.9981 -0.0000 0.0610
vn 0.9504 -0.0000 0.3111
vn 0.5772 -0.0000 0.8166
vn 0.9981 -0.0020 0.0611
vn 0.9503 -0.0015 0.3114
vn 0.5770 -0.0005 0.8168
vn 0.9980 -0.0165 0.0614
vn 0.9492 -0.0132 0.3145
vn 0.5749 -0.0043 0.8182
vn 0.9983 -0.0584 0.0001
vn 0.9964 -0.0595 0.0605
vn 0.9435 -0.0537 0.3271
vn 0.5641 -0.0195 0.8255
vn 0.9922 -0.1249 0.0001
vn 0.9900 -0.1330 0.0476
vn 0.9266 -0.1585 0.3409
vn 0.5216 -0.0750 0.8499
vn -0.9656 0.2600 0.0010
vn -0.9093 0.2769 0.3107
vn -0.3903 0.2216 0.8936
vn -0.9444 0.3282 0.0189
vn -0.8863 0.3502 0.3030
vn -0.5164 0.1532 0.8425
vn -0.9244 0.3805 0.0267
vn -0.9334 0.3018 0.1940
vn -0.6217 0.1174 0.7744
vn -0.8958 0.4443 0.0074
vn -0.8896 0.4511 0.0721
vn -0.6521 0.3771 0.6576
vn -0.0406 0.0171 0.9990
vn -0.0760 0.0049 0.9971
vn -0.1028 0.0366 0.9940
vn -0.8484 0.5291 0.0142
vn -0.7943 0.5650 0.2232
vn -0.3664 0.3163 0.8751
vn -0.8138 0.5807 0.0238
vn -0.8089 0.5573 0.1873
vn -0.5097 0.4120 0.7553
vn -0.0009 0.0003 1.0000
vn -0.0536 0.0490 0.9974
vn -0.7530 0.6578 0.0165
vn -0.7310 0.6272 0.2689
vn -0.2993 0.2798 0.9122
vn -0.6895 0.7241 0.0161
vn -0.6693 0.7150 0.2021
vn -0.4407 0.4578 0.7722
vn 0.0525 -0.0153 0.9985
vn 0.0114 -0.0038 0.9999
vn -0.0473 0.0480 0.9977
vn -0.6201 0.7842 0.0200
vn -0.5955 0.7572 0.2685
vn -0.2818 0.3126 0.9071
vn -0.5240 0.8514 0.0233
vn -0.5127 0.8416 0.1698
vn -0.3959 0.5456 0.7386
vn 0.9789 -0.2026 0.0265
vn 0.9119 -0.3095 0.2694
vn 0.3922 -0.2252 0.8919
vn 0.1259 -0.0499 0.9908
vn 0.0635 -0.0211 0.9978
vn 0.0128 -0.0128 0.9998
vn -0.0344 0.0827 0.9960
vn -0.4601 0.8878 0.0129
vn -0.5111 0.8397 0.1835
vn -0.2955 0.4382 0.8489
vn -0.3628 0.9318 0.0032
vn -0.3789 0.9252 0.0221
vn -0.3550 0.7250 0.5902
vn 0.9522 -0.3055 0.0003
vn 0.9522 -0.3049 0.0183
vn 0.9465 -0.3185 0.0516
vn 0.6919 -0.3188 0.6478
vn 0.8996 -0.4367 0.0012
vn 0.9002 -0.4346 0.0284
vn 0.9107 -0.3890 0.1388
vn 0.6012 -0.2011 0.7734
vn 0.7964 -0.6047 0.0008
vn 0.7941 -0.6070 0.0294
vn 0.7681 -0.5960 0.2342
vn 0.3569 -0.2984 0.8852
vn 0.0576 -0.0582 0.9966
vn 0.0126 -0.0126 0.9998
vn -0.0177 0.0296 0.9994
vn -0.0764 0.1319 0.9883
vn -0.2739 0.9616 0.0155
vn -0.2077 0.9736 0.0943
vn -0.1202 0.7091 0.6947
vn 0.6735 -0.7388 0.0236
vn 0.6736 -0.7238 0.1493
vn 0.4830 -0.5010 0.7181
vn 0.5127 -0.8586 0.0013
vn 0.5179 -0.8547 0.0352
vn 0.5323 -0.8042 0.2644
vn 0.2709 -0.3546 0.8949
vn 0.0086 -0.0582 0.9983
vn -0.0198 0.1006 0.9947
vn -0.1858 0.9818 0.0385
vn -0.1420 0.9670 0.2116
vn -0.0711 0.6528 0.7542
vn 0.2697 -0.9630 0.0022
vn 0.2708 -0.9616 0.0456
vn 0.2572 -0.9359 0.2408
vn 0.1153 -0.5781 0.8078
vn 0.0010 -0.0912 0.9958
vn -0.0008 0.0897 0.9960
vn -0.0846 0.9950 0.0536
vn -0.0628 0.9609 0.2697
vn -0.0229 0.6137 0.7892
vn -0.0007 -0.6764 -0.7366
vn -0.0019 -0.9867 -0.1623
vn -0.0027 -0.9998 -0.0218
vn -0.0027 -1.0000 -0.0000
vn 0.0371 -0.6874 -0.7253
vn 0.0638 -0.9872 -0.1460
vn 0.0803 -0.9966 -0.0171
vn 0.0819 -0.9966 -0.0000
vn 0.0830 -0.7149 -0.6942
vn 0.1312 -0.9877 -0.0847
vn 0.1670 -0.9859 -0.0070
vn 0.1698 -0.9855 -0.0000
vn 0.3096 -0.7206 -0.6204
vn 0.2902 -0.9560 -0.0439
vn 0.2517 -0.9678 -0.0012
vn 0.2528 -0.9675 -0.0000
vn -0.3877 -0.6706 -0.6325
vn -0.2972 -0.9361 -0.1882
vn -0.2309 -0.9730 -0.0049
vn -0.2337 -0.9723 -0.0000
vn -0.0400 -0.6836 -0.7287
vn -0.0803 -0.9884 -0.1290
vn -0.1106 -0.9937 -0.0153
vn -0.1123 -0.9937 -0.0000
vn 0.0297 -0.6825 -0.7303
vn 0.0427 -0.9868 -0.1560
vn 0.0473 -0.9987 -0.0201
vn 0.0473 -0.9989 -0.0000
vn 0.0859 -0.7069 -0.7021
vn 0.1463 -0.9846 -0.0953
vn 0.1899 -0.9817 -0.0111
vn 0.1929 -0.9812 -0.0000
vn 0.3408 -0.7123 -0.6135
vn 0.3605 -0.9318 -0.0422
vn 0.3353 -0.9421 -0.0027
vn 0.3366 -0.9416 -0.0000
vn -0.5395 -0.6630 -0.5189
vn -0.4174 -0.9012 -0.1171
vn -0.2170 -0.9762 -0.0000
vn 0.0037 -0.7867 -0.6173
vn -0.0000 -0.7781 -0.6281
vn 0.5502 -0.6408 -0.5354
vn 0.6464 -0.7630 -0.0000
vn -0.0027 -0.9998 0.0218
vn -0.0019 -0.9867 0.1623
vn -0.0007 -0.6764 0.7366
vn 0.0803 -0.9966 0.0171
vn 0.0638 -0.9872 0.1460
vn 0.0371 -0.6874 0.7253
vn 0.1670 -0.9859 0.0070
vn 0.1312 -0.9877 0.0847
vn 0.0830 -0.7149 0.6942
vn 0.2517 -0.9678 0.0012
vn 0.2902 -0.9560 0.0439
vn 0.3096 -0.7206 0.6204
vn -0.2309 -0.9730 0.0049
vn -0.2972 -0.9361 0.1882
vn -0.3877 -0.6706 0.6325
vn -0.1106 -0.9937 0.0153
vn -0.0803 -0.9884 0.1290
vn -0.0400 -0.6836 0.7287
vn 0.0473 -0.9987 0.0201
vn 0.0427 -0.9868 0.1560
vn 0.0297 -0.6825 0.7303
vn 0.1899 -0.9817 0.0111
vn 0.1463 -0.9846 0.0953
vn 0.0859 -0.7069 0.7021
vn 0.3353 -0.9421 0.0027
vn 0.3605 -0.9318 0.0422
vn 0.3408 -0.7123 0.6135
vn -0.4174 -0.9012 0.1171
vn -0.5395 -0.6630 0.5189
vn 0.0037 -0.7867 0.6173
vn -0.0000 -0.7782 0.6281
vn 0.5502 -0.6408 0.5354
vn -0.0000 -0.0962 -0.9954
vn -0.0000 0.0864 -0.9963
vn -0.0074 0.5631 -0.8264
vn -0.0212 0.9453 -0.3254
vn -0.0117 0.9981 -0.0599
vn -0.0127 0.9999 -0.0003
vn -0.0127 0.9999 -0.0000
vn 0.0123 -0.1013 -0.9948
vn -0.0025 0.0771 -0.9970
vn -0.1471 0.4672 -0.8718
vn -0.3690 0.8867 -0.2786
vn -0.2691 0.9624 -0.0361
vn -0.2566 0.9665 -0.0002
vn -0.2565 0.9665 -0.0000
vn -0.5069 0.8580 -0.0827
vn -0.4923 0.8704 -0.0105
vn -0.4932 0.8699 -0.0002
vn -0.4933 0.8698 -0.0000
vn 0.0500 -0.1300 -0.9903
vn 0.0037 -0.0111 -0.9999
vn -0.0183 0.0398 -0.9990
vn -0.1592 0.2145 -0.9637
vn -0.4630 0.7102 -0.5304
vn -0.3583 0.4884 -0.7957
vn -0.5829 0.7840 -0.2137
vn -0.6413 0.7666 -0.0335
vn -0.6489 0.7609 -0.0006
vn -0.6490 0.7608 -0.0000
vn 0.2642 -0.4088 -0.8735
vn 0.4270 -0.8687 -0.2511
vn 0.3456 -0.9382 -0.0169
vn 0.3386 -0.9409 -0.0000
vn 0.0169 -0.0545 -0.9984
vn -0.0486 0.0505 -0.9975
vn -0.3083 0.2611 -0.9148
vn -0.7290 0.6042 -0.3218
vn -0.7694 0.6371 -0.0467
vn -0.7701 0.6379 -0.0009
vn -0.7701 0.6379 -0.0000
vn -0.5515 0.2014 -0.8095
vn -0.8736 0.4226 -0.2411
vn -0.8864 0.4612 -0.0398
vn -0.8858 0.4641 -0.0007
vn -0.8857 0.4642 -0.0000
vn -0.7026 0.1629 -0.6927
vn -0.9550 0.2823 -0.0909
vn -0.9324 0.3611 -0.0142
vn -0.9296 0.3685 -0.0002
vn -0.9296 0.3686 -0.0000
vn -0.5828 0.6234 -0.5212
vn -0.6739 0.7388 -0.0022
vn -0.6658 0.7461 -0.0027
vn -0.6642 0.7475 -0.0000
vn -0.6642 0.7476 -0.0000
vn 0.1510 -0.5790 -0.8012
vn 0.3610 -0.9068 -0.2175
vn 0.4272 -0.9037 -0.0279
vn 0.4269 -0.9043 -0.0000
vn 0.0492 -0.0847 -0.9952
vn 0.0125 -0.0125 -0.9998
vn -0.0430 0.0201 -0.9989
vn -0.0867 0.0370 -0.9955
vn -0.0884 0.1308 -0.9875
vn -0.0858 0.7445 -0.6621
vn -0.0938 0.9950 -0.0349
vn -0.1018 0.9948 -0.0000
vn 0.4027 -0.6218 -0.6717
vn 0.5153 -0.8521 -0.0915
vn 0.5193 -0.8545 -0.0124
vn 0.5243 -0.8515 -0.0000
vn 0.3318 -0.3496 -0.8762
vn 0.6362 -0.7413 -0.2140
vn 0.6189 -0.7853 -0.0144
vn 0.6163 -0.7875 -0.0000
vn 0.0432 -0.0686 -0.9967
vn 0.0094 0.0501 -0.9987
vn 0.2002 0.3951 -0.8966
vn 0.2683 0.9092 -0.3185
vn 0.2384 0.9711 -0.0056
vn 0.2360 0.9718 -0.0000
vn 0.3242 0.7165 -0.6177
vn 0.2182 0.9609 -0.1704
vn 0.1219 0.9925 -0.0000
vn 0.4782 -0.4905 -0.7285
vn 0.6809 -0.7125 -0.1695
vn 0.6877 -0.7257 -0.0233
vn 0.6870 -0.7266 -0.0000
vn 0.3495 -0.3385 -0.8737
vn 0.7204 -0.6549 -0.2285
vn 0.7548 -0.6556 -0.0206
vn 0.7561 -0.6545 -0.0000
vn 0.0889 -0.0381 -0.9953
vn 0.0395 -0.0185 -0.9990
vn 0.0031 0.0760 -0.9971
vn 0.1243 0.5141 -0.8487
vn 0.2766 0.9047 -0.3239
vn 0.2442 0.9693 -0.0279
vn 0.6230 -0.3980 -0.6734
vn 0.8244 -0.5454 -0.1517
vn 0.8237 -0.5668 -0.0160
vn 0.8240 -0.5665 -0.0000
vn 0.5335 -0.2464 -0.8091
vn 0.8341 -0.4972 -0.2387
vn 0.8652 -0.5012 -0.0120
vn 0.8665 -0.4991 -0.0000
vn 0.3763 -0.2363 -0.8958
vn 0.8703 -0.3874 -0.3042
vn 0.9048 -0.4257 -0.0078
vn 0.9043 -0.4269 -0.0000
vn 0.0863 0.0470 -0.9952
vn 0.1045 0.5906 -0.8002
vn 0.2691 0.9297 -0.2513
vn 0.3269 0.9440 -0.0438
vn 0.3258 0.9454 -0.0000
vn -0.0035 -0.6536 -0.7569
vn -0.0124 -0.9785 -0.2060
vn -0.0184 -0.9991 -0.0391
vn -0.0193 -0.9998 -0.0015
vn -0.0193 -0.9998 -0.0000
vn -0.0000 -0.0951 -0.9955
vn -0.0000 0.0881 -0.9961
vn -0.0008 0.6001 -0.7999
vn -0.0019 0.9581 -0.2865
vn -0.0025 0.9984 -0.0570
vn -0.0025 1.0000 -0.0000
vn -0.1215 -0.5681 -0.8140
vn -0.2795 -0.9258 -0.2545
vn -0.2997 -0.9527 -0.0498
vn -0.2989 -0.9543 -0.0021
vn -0.2988 -0.9543 -0.0000
vn -0.0013 -0.0900 -0.9959
vn 0.0008 0.0896 -0.9960
vn 0.0221 0.6122 -0.7904
vn 0.0602 0.9605 -0.2716
vn 0.0808 0.9953 -0.0541
vn 0.0819 0.9966 -0.0000
vn -0.4726 -0.4807 -0.7387
vn -0.6821 -0.7068 -0.1875
vn -0.6889 -0.7240 -0.0353
vn -0.6893 -0.7245 -0.0003
vn -0.6893 -0.7245 -0.0000
vn -0.2634 -0.3396 -0.9029
vn -0.5419 -0.7889 -0.2898
vn -0.5425 -0.8389 -0.0433
vn -0.5392 -0.8421 -0.0012
vn -0.5389 -0.8423 -0.0000
vn -0.0084 -0.0576 -0.9983
vn 0.0175 0.0995 -0.9949
vn 0.0662 0.6504 -0.7567
vn 0.1360 0.9670 -0.2154
vn 0.1792 0.9830 -0.0395
vn 0.1839 0.9829 -0.0000
vn -0.5689 -0.5222 -0.6353
vn -0.7671 -0.6237 -0.1502
vn -0.7995 -0.6005 -0.0133
vn -0.7961 -0.6052 -0.0004
vn -0.7959 -0.6055 -0.0000
vn -0.5786 -0.1696 -0.7978
vn -0.9101 -0.3752 -0.1759
vn -0.9025 -0.4293 -0.0346
vn -0.9016 -0.4326 -0.0015
vn -0.9016 -0.4326 -0.0000
vn -0.3425 -0.2739 -0.8987
vn -0.7710 -0.5772 -0.2692
vn -0.8001 -0.5986 -0.0396
vn -0.8021 -0.5972 -0.0011
vn -0.8023 -0.5969 -0.0000
vn -0.0563 -0.0565 -0.9968
vn 0.0171 0.0275 -0.9995
vn 0.0729 0.1270 -0.9892
vn 0.1134 0.7044 -0.7007
vn 0.2028 0.9740 -0.1011
vn 0.2696 0.9628 -0.0166
vn 0.2755 0.9613 -0.0000
vn -0.1278 -0.5727 -0.8098
vn -0.2465 -0.9222 -0.2979
vn -0.2970 -0.9548 -0.0152
vn -0.2980 -0.9546 -0.0000
vn -0.0858 -0.0651 -0.9942
vn -0.0590 -0.0115 -0.9982
vn -0.0126 -0.0126 -0.9998
vn 0.0352 0.0809 -0.9961
vn 0.2987 0.4283 -0.8529
vn 0.5200 0.8332 -0.1883
vn 0.4702 0.8825 -0.0131
vn 0.4652 0.8852 -0.0000
vn 0.3557 0.7185 -0.5977
vn 0.3837 0.9230 -0.0280
vn 0.3677 0.9299 -0.0034
vn 0.3705 0.9288 -0.0000
vn 0.0707 -0.5499 -0.8322
vn 0.1578 -0.9317 -0.3272
vn 0.1489 -0.9882 -0.0365
vn 0.1424 -0.9898 -0.0000
vn 0.0003 -0.0787 -0.9969
vn 0.0494 0.0491 -0.9976
vn 0.2898 0.3125 -0.9046
vn 0.6162 0.7403 -0.2688
vn 0.6378 0.7699 -0.0213
vn 0.6394 0.7689 -0.0000
vn 0.4017 0.5403 -0.7394
vn 0.5264 0.8325 -0.1729
vn 0.5372 0.8431 -0.0242
vn 0.5361 0.8441 -0.0000
vn 0.0753 -0.6094 -0.7893
vn 0.1938 -0.9439 -0.2672
vn 0.2364 -0.9706 -0.0451
vn 0.2360 -0.9718 -0.0000
vn 0.0053 -0.0901 -0.9959
vn 0.0258 0.0154 -0.9995
vn 0.0787 0.0363 -0.9962
vn 0.3155 0.2912 -0.9031
vn 0.7427 0.6132 -0.2690
vn 0.7734 0.6336 -0.0226
vn 0.7728 0.6347 -0.0000
vn 0.4563 0.4502 -0.7675
vn 0.7001 0.6835 -0.2067
vn 0.7137 0.7001 -0.0209
vn 0.7134 0.7007 -0.0000
vn 0.0768 -0.6743 -0.7345
vn 0.1846 -0.9724 -0.1428
vn 0.2605 -0.9652 -0.0240
vn 0.2677 -0.9635 -0.0000
vn 0.0846 -0.0723 -0.9938
vn 0.1198 0.0652 -0.9907
vn 0.4169 0.3051 -0.8562
vn 0.8224 0.5362 -0.1904
vn 0.8710 0.4911 -0.0125
vn 0.8738 0.4863 -0.0000
vn 0.5359 0.4095 -0.7383
vn 0.8238 0.5401 -0.1721
vn 0.8362 0.5479 -0.0238
vn 0.8374 0.5466 -0.0000
vn 0.6300 -0.4123 -0.6581
vn 0.9036 -0.3753 -0.2066
vn 0.9429 -0.3328 -0.0152
vn 0.9415 -0.3371 -0.0000
vn 0.6395 -0.0081 -0.7687
vn 0.9845 -0.0163 -0.1748
vn 0.9993 -0.0251 -0.0283
vn 0.9997 -0.0238 -0.0000
vn 0.5603 0.5012 -0.6595
vn 0.7458 0.6493 -0.1488
vn 0.7609 0.6480 -0.0330
vn 0.7649 0.6441 -0.0000
vn -0.6631 -0.3941 -0.6364
vn -0.9330 -0.3065 -0.1888
vn -0.9693 -0.2459 -0.0054
vn -0.9681 -0.2505 -0.0000
vn -0.6676 -0.0517 -0.7427
vn -0.9786 -0.1329 -0.1569
vn -0.9799 -0.1975 -0.0264
vn -0.9789 -0.2042 -0.0000
vn -0.6262 -0.0361 -0.7788
vn -0.9619 -0.1047 -0.2527
vn -0.9882 -0.1449 -0.0496
vn -0.9890 -0.1480 -0.0000
vn -0.6726 -0.3960 -0.6251
vn -0.8753 -0.4815 -0.0443
vn -0.8722 -0.4892 -0.0073
vn -0.8690 -0.4949 -0.0000
vn -0.6373 -0.1474 -0.7564
vn -0.9267 -0.3351 -0.1702
vn -0.9088 -0.4165 -0.0241
vn -0.9089 -0.4171 -0.0000
vn -0.5179 -0.1777 -0.8368
vn -0.8746 -0.3886 -0.2898
vn -0.9284 -0.3712 -0.0168
vn -0.9312 -0.3646 -0.0000
vn -0.3813 -0.2284 -0.8958
vn -0.8990 -0.3102 -0.3091
vn -0.9523 -0.3051 -0.0009
vn -0.9524 -0.3050 -0.0000
vn -0.1024 -0.0273 -0.9944
vn -0.0914 -0.0010 -0.9958
vn -0.5243 -0.4671 -0.7120
vn -0.7545 -0.6403 -0.1439
vn -0.7664 -0.6421 -0.0188
vn -0.7677 -0.6408 -0.0000
vn -0.4032 -0.3345 -0.8518
vn -0.7794 -0.6013 -0.1760
vn -0.8200 -0.5724 -0.0085
vn -0.8221 -0.5694 -0.0000
vn -0.1082 -0.0632 -0.9921
vn -0.0797 -0.0132 -0.9967
vn -0.0387 -0.0179 -0.9991
vn -0.4091 -0.6158 -0.6734
vn -0.5687 -0.8083 -0.1526
vn -0.5921 -0.8057 -0.0166
vn -0.5905 -0.8071 -0.0000
vn -0.3382 -0.3408 -0.8772
vn -0.6803 -0.7005 -0.2155
vn -0.6894 -0.7241 -0.0199
vn -0.6896 -0.7242 -0.0000
vn -0.0653 -0.0546 -0.9964
vn -0.0210 -0.0152 -0.9997
vn -0.2497 -0.5302 -0.8103
vn -0.5022 -0.8307 -0.2404
vn -0.5031 -0.8642 -0.0089
vn -0.5007 -0.8656 -0.0000
vn -0.0512 -0.0755 -0.9958
vn 0.0388 0.0178 -0.9991
vn 0.0750 0.0032 -0.9972
vn 0.0875 0.0011 -0.9962
vn -0.5891 -0.0301 -0.8075
vn -0.9497 -0.0806 -0.3026
vn -0.9932 -0.1005 -0.0590
vn -0.9948 -0.1015 -0.0000
vn -0.5645 -0.0228 -0.8251
vn -0.9426 -0.0576 -0.3288
vn -0.9960 -0.0654 -0.0609
vn -0.9979 -0.0653 -0.0000
vn -0.5504 -0.0127 -0.8348
vn -0.9401 -0.0293 -0.3398
vn -0.9977 -0.0305 -0.0599
vn -0.9995 -0.0304 -0.0000
vn -0.5462 0.0016 -0.8377
vn -0.9397 0.0033 -0.3419
vn -0.9982 0.0033 -0.0594
vn -1.0000 0.0033 -0.0000
vn -0.5522 0.0147 -0.8336
vn -0.9403 0.0346 -0.3386
vn -0.9975 0.0367 -0.0602
vn -0.9993 0.0365 -0.0000
vn -0.5684 0.0246 -0.8224
vn -0.9436 0.0626 -0.3252
vn -0.9955 0.0723 -0.0609
vn -0.9974 0.0724 -0.0000
vn -0.5958 0.0326 -0.8025
vn -0.9515 0.0889 -0.2945
vn -0.9918 0.1137 -0.0579
vn -0.9934 0.1150 -0.0000
vn -0.6378 0.0459 -0.7688
vn -0.9647 0.1185 -0.2352
vn -0.9856 0.1629 -0.0449
vn -0.9859 0.1671 -0.0000
vn -0.0868 -0.0010 -0.9962
vn -0.0827 -0.0009 -0.9966
vn -0.0797 -0.0006 -0.9968
vn -0.0788 0.0001 -0.9969
vn -0.0802 0.0007 -0.9968
vn -0.0834 0.0009 -0.9965
vn -0.0877 0.0010 -0.9961
vn -0.0941 0.0055 -0.9955
vn 0.0919 0.0003 -0.9958
vn 0.0933 0.0001 -0.9956
vn 0.0935 -0.0000 -0.9956
vn 0.0934 -0.0000 -0.9956
vn 0.0928 -0.0002 -0.9957
vn 0.0904 -0.0006 -0.9959
vn 0.5439 -0.5744 -0.6117
vn 0.6889 -0.7216 -0.0690
vn 0.6819 -0.7313 -0.0113
vn 0.6818 -0.7315 -0.0000
vn 0.6515 0.0013 -0.7587
vn 0.9847 -0.0495 -0.1668
vn 0.9953 -0.0950 -0.0177
vn 0.9955 -0.0953 -0.0000
vn 0.6832 0.1142 -0.7212
vn 0.9681 0.2191 -0.1216
vn 0.9614 0.2748 -0.0172
vn 0.9614 0.2751 -0.0000
vn 0.7023 0.3670 -0.6100
vn 0.9100 0.4132 -0.0352
vn 0.9140 0.4056 -0.0053
vn 0.9121 0.4099 -0.0000
vn -0.6834 0.0675 -0.7270
vn -0.9798 0.1487 -0.1336
vn -0.9770 0.2121 -0.0211
vn -0.9758 0.2186 -0.0000
vn -0.6772 0.4093 -0.6114
vn -0.9234 0.3484 -0.1613
vn -0.9650 0.2621 -0.0041
vn -0.9641 0.2657 -0.0000
vn -0.1128 0.0366 -0.9929
vn -0.4121 0.2384 -0.8794
vn -0.8883 0.3415 -0.3069
vn -0.9446 0.3281 -0.0127
vn -0.9465 0.3228 -0.0000
vn -0.5315 0.1576 -0.8323
vn -0.8948 0.3693 -0.2510
vn -0.9186 0.3940 -0.0305
vn -0.9208 0.3901 -0.0000
vn -0.5955 0.3480 -0.7241
vn -0.8979 0.4159 -0.1442
vn -0.8968 0.4418 -0.0229
vn -0.8952 0.4456 -0.0000
vn -0.0042 0.0014 -1.0000
vn -0.0455 0.0180 -0.9988
vn -0.0900 0.0310 -0.9955
vn -0.3194 0.2458 -0.9152
vn -0.8248 0.5001 -0.2636
vn -0.8533 0.5212 -0.0127
vn -0.8520 0.5235 -0.0000
vn -0.5425 0.2893 -0.7886
vn -0.7989 0.5685 -0.1964
vn -0.8084 0.5886 -0.0075
vn -0.8079 0.5894 -0.0000
vn -0.6360 0.4562 -0.6224
vn -0.7763 0.6239 -0.0901
vn -0.7533 0.6577 -0.0019
vn -0.7521 0.6590 -0.0000
vn -0.0413 0.0229 -0.9989
vn -0.0849 0.0665 -0.9942
vn -0.3815 0.4029 -0.8320
vn -0.6824 0.7193 -0.1301
vn -0.6861 0.7275 -0.0000
vn -0.4133 0.6827 -0.6027
vn -0.5571 0.8269 -0.0767
vn -0.6046 0.7965 -0.0066
vn -0.6094 0.7929 -0.0000
vn 0.0833 -0.0018 -0.9965
vn 0.0458 -0.0187 -0.9988
vn 0.0031 -0.0010 -1.0000
vn -0.0188 0.0211 -0.9996
vn -0.0671 0.0997 -0.9928
vn -0.2574 0.5815 -0.7717
vn -0.4850 0.8544 -0.1865
vn -0.5142 0.8574 -0.0222
vn -0.5146 0.8574 -0.0000
vn -0.2321 -0.3821 -0.8945
vn -0.3514 -0.8876 -0.2977
vn -0.3748 -0.9271 -0.0022
vn -0.3747 -0.9271 -0.0000
vn -0.0182 -0.0390 -0.9991
vn 0.0127 0.0127 -0.9998
vn 0.0666 0.0367 -0.9971
vn 0.1923 0.1262 -0.9732
vn 0.7388 0.3868 -0.5518
vn 0.4477 0.1657 -0.8787
vn 0.8821 0.3841 -0.2727
vn 0.9627 0.2686 -0.0323
vn 0.9666 0.2563 -0.0002
vn 0.9666 0.2562 -0.0000
vn 0.5827 0.0586 -0.8106
vn 0.9409 0.1596 -0.2988
vn 0.9831 0.1742 -0.0559
vn 0.9847 0.1742 -0.0006
vn 0.9847 0.1741 -0.0000
vn -0.0273 -0.1037 -0.9942
vn 0.0412 0.0687 -0.9968
vn 0.3341 0.3175 -0.8874
vn 0.7151 0.6497 -0.2581
vn 0.7365 0.6755 -0.0354
vn 0.7375 0.6753 -0.0008
vn 0.7376 0.6752 -0.0000
vn 0.5455 0.3022 -0.7818
vn 0.8783 0.4481 -0.1668
vn 0.8548 0.5184 -0.0246
vn 0.8512 0.5249 -0.0009
vn 0.8512 0.5249 -0.0000
vn 0.9133 0.4028 -0.0606
vn 0.9222 0.3865 -0.0093
vn 0.9218 0.3878 -0.0003
vn 0.9217 0.3880 -0.0000
vn 0.0114 -0.1005 -0.9949
vn 0.0194 0.0425 -0.9989
vn 0.2505 0.3344 -0.9085
vn 0.4620 0.8291 -0.3150
vn 0.4298 0.9021 -0.0388
vn 0.4308 0.9025 -0.0004
vn 0.4308 0.9025 -0.0000
vn 0.4371 0.5058 -0.7437
vn 0.5992 0.7789 -0.1852
vn 0.6044 0.7959 -0.0352
vn 0.6037 0.7972 -0.0004
vn 0.6037 0.7972 -0.0000
vn 0.0634 -0.1165 -0.9912
vn 0.0155 -0.0225 -0.9996
vn 0.0012 0.0817 -0.9967
vn 0.0947 0.5221 -0.8476
vn 0.2144 0.9190 -0.3309
vn 0.1984 0.9787 -0.0532
vn 0.1917 0.9814 -0.0004
vn 0.1917 0.9814 -0.0000
vn 0.2995 -0.4000 -0.8662
vn 0.5085 -0.8329 -0.2185
vn 0.4390 -0.8984 -0.0157
vn 0.4317 -0.9020 -0.0004
vn 0.4315 -0.9021 -0.0000
vn 0.0457 -0.0720 -0.9964
vn 0.0139 0.0860 -0.9962
vn -0.0177 0.5585 -0.8293
vn -0.0618 0.9453 -0.3202
vn -0.0413 0.9973 -0.0613
vn -0.0411 0.9992 -0.0006
vn -0.0411 0.9992 -0.0000
vn 0.3350 -0.5206 -0.7853
vn 0.3635 -0.8773 -0.3133
vn 0.2850 -0.9565 -0.0620
vn 0.2649 -0.9643 -0.0013
vn 0.2646 -0.9643 -0.0000
vn 0.2053 -0.1716 -0.9636
vn 0.3413 -0.5528 -0.7603
vn 0.0727 0.0233 -0.9971
vn -0.1580 0.3955 -0.9048
vn -0.4165 0.8651 -0.2794
vn -0.2794 0.9596 -0.0329
vn -0.2674 0.9636 -0.0003
vn -0.2672 0.9636 -0.0000
vn -0.5140 0.8553 -0.0651
vn -0.5009 0.8654 -0.0150
vn -0.5015 0.8652 -0.0000
vn -0.0496 -0.8564 -0.5139
vn -0.1695 -0.9800 -0.1041
vn -0.1668 -0.9860 -0.0009
vn -0.1664 -0.9861 -0.0000
vn 0.2019 -0.2475 -0.9476
vn 0.1687 -0.4612 -0.8711
vn 0.0419 -0.1337 -0.9901
vn 0.0553 -0.2850 -0.9569
vn -0.0931 0.0952 -0.9911
vn -0.4232 0.6439 -0.6374
vn -0.2941 0.4931 -0.8187
vn -0.5606 0.7964 -0.2268
vn -0.6505 0.7588 -0.0330
vn -0.6572 0.7537 -0.0002
vn -0.6572 0.7537 -0.0000
vn -0.5314 -0.2580 -0.8069
vn -0.5920 -0.6284 -0.5046
vn -0.4354 -0.8973 -0.0728
vn -0.4084 -0.9128 -0.0000
vn -0.3139 -0.1735 -0.9335
vn -0.2789 -0.3632 -0.8890
vn -0.1058 -0.1305 -0.9858
vn -0.1306 -0.2590 -0.9570
vn -0.0636 0.0108 -0.9979
vn -0.2954 0.2528 -0.9213
vn -0.7282 0.5954 -0.3395
vn -0.7918 0.6089 -0.0477
vn -0.7931 0.6091 -0.0003
vn -0.7931 0.6091 -0.0000
vn -0.5357 0.1491 -0.8312
vn -0.8860 0.3647 -0.2862
vn -0.9183 0.3928 -0.0488
vn -0.9203 0.3912 -0.0008
vn -0.9204 0.3909 -0.0000
vn -0.6547 0.0324 -0.7552
vn -0.9746 0.1086 -0.1960
vn -0.9875 0.1545 -0.0317
vn -0.9869 0.1615 -0.0008
vn -0.9868 0.1617 -0.0000
vn -0.6478 -0.0445 -0.7605
vn -0.9652 -0.1572 -0.2091
vn -0.9785 -0.2047 -0.0246
vn -0.9789 -0.2042 -0.0001
vn 0.6260 0.0190 -0.7796
vn 0.9668 0.0598 -0.2485
vn 0.9953 0.0843 -0.0479
vn 0.9962 0.0876 -0.0004
vn 0.9961 0.0877 -0.0000
vn 0.6410 0.0050 -0.7676
vn 0.9749 0.0182 -0.2217
vn 0.9988 0.0285 -0.0399
vn 0.9995 0.0304 -0.0001
vn 0.9995 0.0305 -0.0000
vn 0.6443 0.0006 -0.7648
vn 0.9767 0.0027 -0.2145
vn 0.9993 0.0046 -0.0372
vn 1.0000 0.0050 -0.0000
vn 0.6445 -0.0000 -0.7646
vn 0.9769 -0.0000 -0.2138
vn 0.9993 -0.0000 -0.0368
vn 0.6444 -0.0002 -0.7647
vn 0.9768 -0.0010 -0.2141
vn 0.9993 -0.0017 -0.0369
vn 1.0000 -0.0019 -0.0000
vn 0.6431 -0.0022 -0.7658
vn 0.9761 -0.0086 -0.2173
vn 0.9992 -0.0139 -0.0383
vn 0.9999 -0.0149 -0.0000
vn 0.6354 -0.0098 -0.7721
vn 0.9721 -0.0332 -0.2323
vn 0.9978 -0.0497 -0.0434
vn 0.9986 -0.0522 -0.0001
vn 0.9986 -0.0523 -0.0000
vn 0.6105 -0.0318 -0.7914
vn 0.9581 -0.0931 -0.2710
vn 0.9913 -0.1208 -0.0519
vn 0.9924 -0.1227 -0.0003
vn 0.9924 -0.1228 -0.0000
vn -0.5483 -0.6275 -0.5529
vn -0.6543 -0.7558 -0.0238
vn -0.6515 -0.7587 -0.0008
vn -0.6511 -0.7590 -0.0000
vn -0.6992 -0.1040 -0.7073
vn -0.9880 -0.1385 -0.0681
vn -0.9876 -0.1572 -0.0022
vn -0.9875 -0.1576 -0.0000
vn -0.7009 -0.0235 -0.7128
vn -0.9940 -0.0309 -0.1052
vn -0.9993 -0.0372 -0.0035
vn -0.9993 -0.0373 -0.0000
vn -0.7005 0.0487 -0.7120
vn -0.9918 0.0846 -0.0955
vn -0.9949 0.1009 -0.0031
vn -0.9949 0.1013 -0.0000
vn -0.5854 0.5510 -0.5947
vn -0.7337 0.6766 -0.0623
vn -0.7475 0.6642 -0.0077
vn -0.7502 0.6612 -0.0000
vn -0.0044 -0.7514 -0.6598
vn -0.0244 -0.9989 -0.0411
vn -0.0445 -0.9990 -0.0000
vn -0.0454 -0.1345 -0.9899
vn -0.0941 -0.0286 -0.9951
vn -0.0844 0.0807 -0.9932
vn -0.0544 0.6705 -0.7399
vn -0.1332 0.9812 -0.1399
vn -0.1877 0.9820 -0.0209
vn -0.1915 0.9815 -0.0000
vn 0.1344 -0.7433 -0.6553
vn 0.0562 -0.9885 -0.1405
vn -0.0591 -0.9979 -0.0276
vn -0.0791 -0.9969 -0.0006
vn -0.0797 -0.9968 -0.0000
vn 0.1103 -0.2696 -0.9566
vn 0.1134 -0.7701 -0.6278
vn 0.0089 -0.0555 -0.9984
vn -0.0000 0.0944 -0.9955
vn -0.0049 0.6570 -0.7539
vn -0.0175 0.9809 -0.1936
vn -0.0283 0.9991 -0.0317
vn -0.0283 0.9996 -0.0000
vn -0.2534 -0.9228 -0.2902
vn -0.3385 -0.9380 -0.0742
vn -0.3384 -0.9410 -0.0024
vn -0.3383 -0.9410 -0.0000
vn -0.0387 -0.2859 -0.9575
vn -0.1226 -0.7367 -0.6651
vn -0.0000 -0.0687 -0.9976
vn -0.0000 0.6542 -0.7563
vn -0.0000 0.9803 -0.1973
vn -0.0000 0.9995 -0.0318
vn -0.4464 -0.2038 -0.8713
vn -0.6909 -0.6060 -0.3943
vn -0.7573 -0.6505 -0.0574
vn -0.7482 -0.6635 -0.0014
vn -0.7478 -0.6639 -0.0000
vn -0.1212 -0.1302 -0.9841
vn -0.3422 -0.5077 -0.7907
vn -0.0171 -0.0387 -0.9991
vn -0.4742 -0.6744 -0.5660
vn -0.4899 -0.8697 -0.0600
vn -0.4315 -0.9021 -0.0075
vn -0.4260 -0.9047 -0.0000
vn 0.5368 -0.1055 -0.8371
vn 0.9204 -0.2340 -0.3132
vn 0.9738 -0.2222 -0.0485
vn 0.9765 -0.2153 -0.0004
vn 0.9766 -0.2153 -0.0000
vn 0.3628 -0.2502 -0.8976
vn 0.8717 -0.4061 -0.2741
vn 0.9437 -0.3294 -0.0306
vn 0.9444 -0.3289 -0.0002
vn 0.9444 -0.3288 -0.0000
vn 0.0960 -0.0421 -0.9945
vn 0.0351 -0.0225 -0.9991
vn -0.0267 0.0507 -0.9984
vn -0.2705 0.3742 -0.8870
vn -0.4779 0.8464 -0.2351
vn -0.4333 0.9011 -0.0150
vn -0.4274 0.9041 -0.0000
vn -0.3292 0.6891 -0.6456
vn -0.3454 0.9363 -0.0632
vn -0.3234 0.9463 -0.0047
vn -0.3276 0.9448 -0.0000
vn 0.5801 -0.4156 -0.7006
vn 0.8579 -0.5044 -0.0980
vn 0.8749 -0.4840 -0.0163
vn 0.8782 -0.4783 -0.0000
vn 0.4596 -0.3372 -0.8216
vn 0.7816 -0.6024 -0.1620
vn 0.7840 -0.6206 -0.0140
vn 0.7829 -0.6222 -0.0000
vn 0.0985 -0.1032 -0.9898
vn 0.0191 -0.0339 -0.9992
vn -0.0015 0.0045 -1.0000
vn -0.0395 0.1138 -0.9927
vn -0.0733 0.6795 -0.7300
vn -0.1649 0.9767 -0.1375
vn -0.2341 0.9719 -0.0232
vn -0.2407 0.9706 -0.0000
vn 0.5111 -0.5487 -0.6615
vn 0.6599 -0.7456 -0.0928
vn 0.6456 -0.7632 -0.0268
vn 0.6413 -0.7672 -0.0000
vn 0.2647 -0.4588 -0.8482
vn 0.4708 -0.8543 -0.2201
vn 0.4404 -0.8972 -0.0329
vn 0.4395 -0.8982 -0.0008
vn 0.4392 -0.8984 -0.0000
vn 0.0041 -0.0791 -0.9969
vn -0.0058 0.0939 -0.9956
vn -0.0428 0.6349 -0.7714
vn -0.1073 0.9648 -0.2400
vn -0.1464 0.9881 -0.0465
vn -0.1499 0.9887 -0.0000
vn 0.0686 -0.6156 -0.7851
vn 0.1493 -0.9652 -0.2148
vn 0.1576 -0.9869 -0.0357
vn 0.1560 -0.9878 -0.0014
vn 0.1558 -0.9878 -0.0000
vn -0.0000 -0.0940 -0.9956
vn -0.0007 0.0885 -0.9961
vn -0.0171 0.6034 -0.7972
vn -0.0438 0.9581 -0.2830
vn -0.0560 0.9968 -0.0564
vn -0.0564 0.9984 -0.0000
vn -0.0886 -0.5995 -0.7954
vn -0.1896 -0.9586 -0.2124
vn -0.1916 -0.9808 -0.0373
vn -0.1903 -0.9817 -0.0017
vn -0.1903 -0.9817 -0.0000
vn -0.0002 -0.0933 -0.9956
vn 0.0006 0.0881 -0.9961
vn 0.0129 0.6010 -0.7991
vn 0.0321 0.9576 -0.2864
vn 0.0402 0.9976 -0.0571
vn 0.0403 0.9992 -0.0000
vn -0.5045 -0.5343 -0.6783
vn -0.6631 -0.7415 -0.1027
vn -0.6490 -0.7604 -0.0251
vn -0.6441 -0.7650 -0.0000
vn -0.2616 -0.4238 -0.8672
vn -0.4828 -0.8472 -0.2219
vn -0.4609 -0.8868 -0.0339
vn -0.4599 -0.8879 -0.0010
vn -0.4596 -0.8882 -0.0000
vn -0.0058 -0.0717 -0.9974
vn 0.0027 0.0921 -0.9957
vn 0.0368 0.6287 -0.7768
vn 0.0991 0.9632 -0.2497
vn 0.1361 0.9895 -0.0492
vn 0.1389 0.9903 -0.0000
vn -0.5627 -0.4232 -0.7101
vn -0.8456 -0.5207 -0.1174
vn -0.8634 -0.5045 -0.0097
vn -0.8633 -0.5047 -0.0000
vn -0.4279 -0.3338 -0.8399
vn -0.7678 -0.6166 -0.1741
vn -0.7749 -0.6319 -0.0138
vn -0.7740 -0.6331 -0.0000
vn -0.0841 -0.0848 -0.9928
vn -0.0168 -0.0262 -0.9995
vn 0.0005 0.0015 -1.0000
vn 0.0344 0.1074 -0.9936
vn 0.0649 0.6715 -0.7382
vn 0.1597 0.9759 -0.1486
vn 0.2310 0.9726 -0.0258
vn 0.2379 0.9713 -0.0000
vn -0.5246 -0.3339 -0.7831
vn -0.8017 -0.5706 -0.1777
vn -0.7958 -0.6051 -0.0234
vn -0.7950 -0.6066 -0.0000
vn -0.3399 -0.2842 -0.8965
vn -0.8073 -0.5318 -0.2559
vn -0.8579 -0.5134 -0.0215
vn -0.8607 -0.5091 -0.0000
vn -0.0830 -0.0386 -0.9958
vn -0.0263 -0.0170 -0.9995
vn 0.0241 0.0461 -0.9986
vn 0.2659 0.3596 -0.8944
vn 0.4753 0.8457 -0.2427
vn 0.4330 0.9013 -0.0145
vn 0.4273 0.9041 -0.0000
vn 0.3270 0.6803 -0.6560
vn 0.3441 0.9363 -0.0707
vn 0.3237 0.9461 -0.0052
vn 0.3284 0.9445 -0.0000
vn -0.0399 -0.1706 -0.9845
vn -0.0745 -0.0569 -0.9956
vn -0.0412 -0.0190 -0.9990
vn -0.0003 -0.0000 -1.0000
vn -0.0422 0.0195 -0.9989
vn -0.0842 0.0029 -0.9964
vn -0.0954 -0.0000 -0.9954
vn -0.0955 -0.0000 -0.9954
vn 0.0105 -0.1815 -0.9833
vn 0.0170 -0.0621 -0.9979
vn 0.0170 -0.0000 -0.9999
vn 0.0485 -0.1478 -0.9878
vn 0.1123 -0.0467 -0.9926
vn 0.1223 -0.0000 -0.9925
vn 0.7179 -0.1111 -0.6872
vn 0.9930 -0.1144 -0.0286
vn 0.9923 -0.1238 -0.0000
vn 0.7308 -0.0304 -0.6819
vn 0.9973 -0.0355 -0.0648
vn 0.9991 -0.0416 -0.0000
vn 0.7318 -0.0000 -0.6816
vn 0.9975 -0.0000 -0.0700
vn -0.0805 -0.0038 -0.9967
vn -0.0400 -0.0187 -0.9990
vn 0.2057 -0.7471 -0.6321
vn 0.1673 -0.9856 -0.0223
vn 0.1188 -0.9929 -0.0000
vn 0.0149 0.0925 -0.9956
vn 0.0208 0.6590 -0.7519
vn 0.0388 0.9805 -0.1927
vn 0.0512 0.9982 -0.0317
vn 0.0513 0.9987 -0.0000
vn 0.1087 0.0706 -0.9916
vn 0.0800 0.6733 -0.7350
vn 0.1620 0.9787 -0.1263
vn 0.2230 0.9746 -0.0195
vn 0.2272 0.9739 -0.0000
vn 0.7306 0.0351 -0.6819
vn 0.9966 0.0573 -0.0599
vn 0.9977 0.0674 -0.0000
vn 0.6162 0.5370 -0.5761
vn 0.7625 0.6457 -0.0401
vn 0.7780 0.6282 -0.0057
vn 0.7807 0.6249 -0.0000
vn 0.1771 -0.4288 -0.8859
vn 0.3536 -0.9031 -0.2438
vn 0.2442 -0.9696 -0.0186
vn -0.0275 -0.0786 -0.9965
vn 0.0142 0.0169 -0.9998
vn 0.0585 0.0930 -0.9939
vn 0.2505 0.5734 -0.7800
vn 0.4845 0.8524 -0.1965
vn 0.5130 0.8581 -0.0215
vn 0.5134 0.8582 -0.0000
vn 0.1002 -0.5662 -0.8182
vn 0.2283 -0.9288 -0.2919
vn 0.2416 -0.9693 -0.0455
vn 0.0019 -0.0860 -0.9963
vn 0.0389 0.0185 -0.9991
vn 0.0761 0.0576 -0.9954
vn 0.3661 0.3916 -0.8442
vn 0.6776 0.7217 -0.1414
vn 0.6821 0.7313 -0.0000
vn 0.4063 0.6764 -0.6144
vn 0.5523 0.8292 -0.0860
vn 0.5986 0.8011 -0.0063
vn 0.6032 0.7976 -0.0000
vn 0.0793 -0.6550 -0.7515
vn 0.1751 -0.9631 -0.2043
vn 0.2301 -0.9726 -0.0343
vn 0.0552 -0.0788 -0.9954
vn 0.0906 0.0295 -0.9955
vn 0.3656 0.2359 -0.9004
vn 0.8509 0.4332 -0.2972
vn 0.8631 0.5050 -0.0061
vn 0.8608 0.5090 -0.0000
vn 0.5367 0.2805 -0.7958
vn 0.7999 0.5654 -0.2011
vn 0.8154 0.5789 -0.0005
vn 0.8153 0.5790 -0.0000
vn 0.6235 0.4541 -0.6364
vn 0.7743 0.6249 -0.0999
vn 0.7566 0.6539 -0.0001
vn 0.7565 0.6540 -0.0000
vn 0.1367 -0.6704 -0.7293
vn 0.1950 -0.9771 -0.0850
vn 0.2532 -0.9673 -0.0110
vn 0.2589 -0.9659 -0.0000
vn 0.4024 0.1746 -0.8986
vn 0.8996 0.3509 -0.2599
vn 0.9677 0.2518 -0.0148
vn 0.9694 0.2453 -0.0000
vn 0.5508 0.1306 -0.8243
vn 0.9128 0.3104 -0.2655
vn 0.9349 0.3533 -0.0344
vn 0.9369 0.3497 -0.0000
vn 0.5827 0.4359 -0.6858
vn 0.8703 0.4374 -0.2265
vn 0.9062 0.4222 -0.0220
vn 0.9042 0.4272 -0.0000
vn 0.6422 -0.5059 -0.5759
vn 0.7944 -0.6072 -0.0169
vn 0.7996 -0.6005 -0.0022
vn 0.8005 -0.5994 -0.0000
vn 0.7379 0.1904 -0.6475
vn 0.9895 0.1412 -0.0297
vn 0.9952 0.0981 -0.0000
vn -0.0000 -0.0962 0.9954
vn -0.0000 0.0864 0.9963
vn -0.0127 0.9999 0.0003
vn -0.0117 0.9981 0.0599
vn -0.0212 0.9453 0.3254
vn -0.0074 0.5631 0.8264
vn 0.0123 -0.1013 0.9948
vn -0.0025 0.0771 0.9970
vn -0.2566 0.9665 0.0002
vn -0.2691 0.9624 0.0361
vn -0.3690 0.8867 0.2786
vn -0.1471 0.4672 0.8718
vn -0.4932 0.8699 0.0002
vn -0.4923 0.8704 0.0105
vn -0.5069 0.8580 0.0827
vn 0.0500 -0.1300 0.9903
vn 0.0037 -0.0111 0.9999
vn -0.0183 0.0398 0.9990
vn -0.4630 0.7102 0.5304
vn -0.1592 0.2145 0.9637
vn -0.6489 0.7609 0.0006
vn -0.6413 0.7666 0.0335
vn -0.5829 0.7840 0.2137
vn -0.3583 0.4884 0.7957
vn 0.3456 -0.9382 0.0169
vn 0.4270 -0.8687 0.2511
vn 0.2642 -0.4088 0.8735
vn 0.0169 -0.0545 0.9984
vn -0.0486 0.0505 0.9975
vn -0.7701 0.6379 0.0009
vn -0.7694 0.6371 0.0467
vn -0.7290 0.6042 0.3218
vn -0.3083 0.2611 0.9148
vn -0.8858 0.4641 0.0007
vn -0.8864 0.4612 0.0398
vn -0.8736 0.4226 0.2411
vn -0.5515 0.2014 0.8095
vn -0.9296 0.3685 0.0002
vn -0.9324 0.3611 0.0142
vn -0.9550 0.2823 0.0909
vn -0.7026 0.1629 0.6927
vn -0.6658 0.7461 0.0027
vn -0.6739 0.7388 0.0022
vn -0.5828 0.6234 0.5212
vn 0.4272 -0.9037 0.0279
vn 0.3610 -0.9068 0.2175
vn 0.1510 -0.5790 0.8012
vn 0.0492 -0.0847 0.9952
vn 0.0125 -0.0125 0.9998
vn -0.0430 0.0201 0.9989
vn -0.0867 0.0370 0.9955
vn -0.0884 0.1308 0.9875
vn -0.0938 0.9950 0.0349
vn -0.0858 0.7445 0.6621
vn 0.5193 -0.8545 0.0124
vn 0.5153 -0.8521 0.0915
vn 0.4027 -0.6218 0.6717
vn 0.6189 -0.7853 0.0144
vn 0.6362 -0.7413 0.2140
vn 0.3318 -0.3496 0.8762
vn 0.0432 -0.0686 0.9967
vn 0.0094 0.0501 0.9987
vn 0.2384 0.9711 0.0056
vn 0.2683 0.9092 0.3185
vn 0.2002 0.3951 0.8966
vn 0.2182 0.9609 0.1704
vn 0.3242 0.7165 0.6177
vn 0.6877 -0.7257 0.0233
vn 0.6809 -0.7125 0.1695
vn 0.4782 -0.4905 0.7285
vn 0.7548 -0.6556 0.0206
vn 0.7204 -0.6549 0.2285
vn 0.3495 -0.3385 0.8737
vn 0.0889 -0.0381 0.9953
vn 0.0395 -0.0185 0.9990
vn 0.0031 0.0760 0.9971
vn 0.2442 0.9693 0.0279
vn 0.2766 0.9047 0.3239
vn 0.1243 0.5141 0.8487
vn 0.8237 -0.5668 0.0160
vn 0.8244 -0.5454 0.1517
vn 0.6230 -0.3980 0.6734
vn 0.8652 -0.5012 0.0120
vn 0.8341 -0.4972 0.2387
vn 0.5335 -0.2464 0.8091
vn 0.9048 -0.4257 0.0078
vn 0.8703 -0.3874 0.3042
vn 0.3763 -0.2363 0.8958
vn 0.0863 0.0470 0.9952
vn 0.3269 0.9440 0.0438
vn 0.2691 0.9297 0.2513
vn 0.1045 0.5906 0.8002
vn -0.0193 -0.9998 0.0015
vn -0.0184 -0.9991 0.0391
vn -0.0124 -0.9785 0.2060
vn -0.0035 -0.6536 0.7569
vn -0.0000 -0.0951 0.9955
vn -0.0000 0.0881 0.9961
vn -0.0025 0.9984 0.0570
vn -0.0019 0.9581 0.2865
vn -0.0008 0.6001 0.7999
vn -0.2989 -0.9543 0.0021
vn -0.2997 -0.9527 0.0498
vn -0.2795 -0.9258 0.2545
vn -0.1215 -0.5681 0.8140
vn -0.0013 -0.0900 0.9959
vn 0.0008 0.0896 0.9960
vn 0.0808 0.9953 0.0541
vn 0.0602 0.9605 0.2716
vn 0.0221 0.6122 0.7904
vn -0.6893 -0.7245 0.0003
vn -0.6889 -0.7240 0.0353
vn -0.6821 -0.7068 0.1875
vn -0.4726 -0.4807 0.7387
vn -0.5392 -0.8421 0.0012
vn -0.5425 -0.8389 0.0433
vn -0.5419 -0.7889 0.2898
vn -0.2634 -0.3396 0.9029
vn -0.0084 -0.0576 0.9983
vn 0.0175 0.0996 0.9949
vn 0.1792 0.9830 0.0395
vn 0.1360 0.9670 0.2154
vn 0.0662 0.6504 0.7567
vn -0.7961 -0.6052 0.0004
vn -0.7995 -0.6005 0.0133
vn -0.7671 -0.6237 0.1502
vn -0.5689 -0.5222 0.6353
vn -0.9016 -0.4326 0.0015
vn -0.9025 -0.4293 0.0346
vn -0.9101 -0.3752 0.1759
vn -0.5786 -0.1696 0.7978
vn -0.8021 -0.5972 0.0011
vn -0.8001 -0.5986 0.0396
vn -0.7710 -0.5772 0.2692
vn -0.3425 -0.2739 0.8987
vn -0.0563 -0.0565 0.9968
vn 0.0171 0.0275 0.9995
vn 0.0729 0.1270 0.9892
vn 0.2696 0.9628 0.0166
vn 0.2028 0.9740 0.1011
vn 0.1134 0.7044 0.7007
vn -0.2969 -0.9548 0.0152
vn -0.2465 -0.9222 0.2979
vn -0.1278 -0.5727 0.8098
vn -0.0858 -0.0651 0.9942
vn -0.0590 -0.0115 0.9982
vn -0.0126 -0.0126 0.9998
vn 0.0352 0.0809 0.9961
vn 0.4702 0.8825 0.0131
vn 0.5200 0.8332 0.1883
vn 0.2987 0.4283 0.8529
vn 0.3677 0.9299 0.0034
vn 0.3837 0.9230 0.0280
vn 0.3557 0.7185 0.5977
vn 0.1489 -0.9882 0.0365
vn 0.1578 -0.9317 0.3272
vn 0.0707 -0.5499 0.8322
vn 0.0003 -0.0787 0.9969
vn 0.0494 0.0491 0.9976
vn 0.6378 0.7699 0.0213
vn 0.6162 0.7403 0.2688
vn 0.2898 0.3125 0.9046
vn 0.5372 0.8431 0.0242
vn 0.5264 0.8325 0.1729
vn 0.4017 0.5403 0.7394
vn 0.2364 -0.9706 0.0451
vn 0.1938 -0.9439 0.2672
vn 0.0753 -0.6094 0.7893
vn 0.0053 -0.0901 0.9959
vn 0.0258 0.0154 0.9995
vn 0.0787 0.0363 0.9962
vn 0.7734 0.6336 0.0226
vn 0.7427 0.6132 0.2690
vn 0.3155 0.2912 0.9031
vn 0.7137 0.7001 0.0209
vn 0.7001 0.6835 0.2067
vn 0.4563 0.4502 0.7675
vn 0.2606 -0.9652 0.0240
vn 0.1846 -0.9724 0.1428
vn 0.0768 -0.6743 0.7345
vn 0.0846 -0.0723 0.9938
vn 0.1198 0.0652 0.9907
vn 0.8710 0.4911 0.0125
vn 0.8224 0.5362 0.1904
vn 0.4169 0.3051 0.8562
vn 0.8362 0.5479 0.0238
vn 0.8238 0.5401 0.1721
vn 0.5359 0.4095 0.7383
vn 0.9429 -0.3328 0.0152
vn 0.9036 -0.3753 0.2066
vn 0.6300 -0.4123 0.6581
vn 0.9993 -0.0251 0.0283
vn 0.9845 -0.0163 0.1748
vn 0.6395 -0.0081 0.7687
vn 0.7609 0.6480 0.0330
vn 0.7458 0.6493 0.1488
vn 0.5603 0.5012 0.6595
vn -0.9693 -0.2459 0.0054
vn -0.9330 -0.3065 0.1888
vn -0.6631 -0.3941 0.6364
vn -0.9799 -0.1975 0.0264
vn -0.9786 -0.1329 0.1569
vn -0.6676 -0.0517 0.7427
vn -0.9882 -0.1449 0.0496
vn -0.9619 -0.1047 0.2527
vn -0.6262 -0.0361 0.7788
vn -0.8722 -0.4892 0.0073
vn -0.8753 -0.4815 0.0443
vn -0.6726 -0.3960 0.6251
vn -0.9088 -0.4165 0.0241
vn -0.9267 -0.3351 0.1702
vn -0.6373 -0.1474 0.7564
vn -0.9284 -0.3712 0.0168
vn -0.8746 -0.3886 0.2898
vn -0.5179 -0.1777 0.8368
vn -0.9523 -0.3051 0.0009
vn -0.8990 -0.3102 0.3091
vn -0.3813 -0.2284 0.8958
vn -0.1024 -0.0273 0.9944
vn -0.0914 -0.0010 0.9958
vn -0.7664 -0.6421 0.0188
vn -0.7545 -0.6403 0.1439
vn -0.5243 -0.4671 0.7120
vn -0.8200 -0.5724 0.0085
vn -0.7794 -0.6013 0.1760
vn -0.4032 -0.3345 0.8518
vn -0.1082 -0.0632 0.9921
vn -0.0797 -0.0132 0.9967
vn -0.0387 -0.0179 0.9991
vn -0.5921 -0.8057 0.0166
vn -0.5687 -0.8083 0.1526
vn -0.4091 -0.6158 0.6734
vn -0.6894 -0.7241 0.0199
vn -0.6803 -0.7005 0.2155
vn -0.3382 -0.3408 0.8772
vn -0.0653 -0.0546 0.9964
vn -0.0210 -0.0152 0.9997
vn -0.5031 -0.8642 0.0089
vn -0.5022 -0.8307 0.2404
vn -0.2497 -0.5302 0.8103
vn -0.0512 -0.0755 0.9958
vn 0.0388 0.0178 0.9991
vn 0.0750 0.0032 0.9972
vn 0.0875 0.0011 0.9962
vn -0.9932 -0.1005 0.0590
vn -0.9497 -0.0806 0.3026
vn -0.5891 -0.0301 0.8075
vn -0.9960 -0.0654 0.0609
vn -0.9426 -0.0576 0.3288
vn -0.5645 -0.0228 0.8251
vn -0.9977 -0.0305 0.0599
vn -0.9401 -0.0293 0.3398
vn -0.5504 -0.0127 0.8348
vn -0.9982 0.0033 0.0594
vn -0.9397 0.0033 0.3419
vn -0.5462 0.0016 0.8377
vn -0.9975 0.0367 0.0602
vn -0.9403 0.0346 0.3386
vn -0.5522 0.0147 0.8336
vn -0.9955 0.0723 0.0609
vn -0.9436 0.0626 0.3252
vn -0.5684 0.0246 0.8224
vn -0.9918 0.1137 0.0579
vn -0.9515 0.0889 0.2945
vn -0.5958 0.0326 0.8025
vn -0.9856 0.1629 0.0449
vn -0.9647 0.1185 0.2352
vn -0.6378 0.0459 0.7688
vn -0.0868 -0.0010 0.9962
vn -0.0827 -0.0009 0.9966
vn -0.0797 -0.0006 0.9968
vn -0.0788 0.0001 0.9969
vn -0.0802 0.0007 0.9968
vn -0.0834 0.0009 0.9965
vn -0.0877 0.0010 0.9961
vn -0.0941 0.0055 0.9955
vn 0.0919 0.0003 0.9958
vn 0.0933 0.0001 0.9956
vn 0.0935 -0.0000 0.9956
vn 0.0934 -0.0000 0.9956
vn 0.0928 -0.0002 0.9957
vn 0.0904 -0.0006 0.9959
vn 0.6819 -0.7313 0.0113
vn 0.6889 -0.7216 0.0690
vn 0.5439 -0.5744 0.6117
vn 0.9953 -0.0950 0.0177
vn 0.9847 -0.0495 0.1668
vn 0.6515 0.0013 0.7587
vn 0.9614 0.2748 0.0172
vn 0.9681 0.2191 0.1216
vn 0.6832 0.1142 0.7212
vn 0.9140 0.4056 0.0053
vn 0.9100 0.4132 0.0352
vn 0.7023 0.3670 0.6100
vn -0.9770 0.2121 0.0211
vn -0.9798 0.1487 0.1336
vn -0.6834 0.0675 0.7270
vn -0.9650 0.2621 0.0041
vn -0.9234 0.3484 0.1613
vn -0.6772 0.4093 0.6114
vn -0.1128 0.0366 0.9929
vn -0.9446 0.3281 0.0127
vn -0.8883 0.3415 0.3069
vn -0.4121 0.2384 0.8794
vn -0.9186 0.3940 0.0305
vn -0.8948 0.3693 0.2510
vn -0.5315 0.1576 0.8323
vn -0.8968 0.4418 0.0229
vn -0.8979 0.4159 0.1442
vn -0.5955 0.3480 0.7241
vn -0.0042 0.0014 1.0000
vn -0.0455 0.0180 0.9988
vn -0.0900 0.0310 0.9955
vn -0.8533 0.5212 0.0127
vn -0.8248 0.5001 0.2636
vn -0.3194 0.2458 0.9152
vn -0.8084 0.5886 0.0075
vn -0.7989 0.5685 0.1964
vn -0.5425 0.2893 0.7886
vn -0.7533 0.6577 0.0019
vn -0.7763 0.6239 0.0901
vn -0.6360 0.4562 0.6224
vn -0.0413 0.0229 0.9989
vn -0.0849 0.0665 0.9942
vn -0.6824 0.7193 0.1301
vn -0.3815 0.4029 0.8320
vn -0.6046 0.7965 0.0066
vn -0.5571 0.8269 0.0767
vn -0.4133 0.6827 0.6027
vn 0.0833 -0.0018 0.9965
vn 0.0458 -0.0187 0.9988
vn 0.0031 -0.0010 1.0000
vn -0.0188 0.0211 0.9996
vn -0.0671 0.0997 0.9928
vn -0.5142 0.8574 0.0222
vn -0.4850 0.8544 0.1865
vn -0.2574 0.5815 0.7717
vn -0.3748 -0.9271 0.0022
vn -0.3514 -0.8876 0.2977
vn -0.2321 -0.3821 0.8945
vn -0.0182 -0.0390 0.9991
vn 0.0127 0.0127 0.9998
vn 0.0666 0.0367 0.9971
vn 0.7388 0.3868 0.5518
vn 0.1923 0.1262 0.9732
vn 0.9666 0.2563 0.0002
vn 0.9627 0.2686 0.0323
vn 0.8821 0.3841 0.2727
vn 0.4477 0.1657 0.8787
vn 0.9847 0.1742 0.0006
vn 0.9831 0.1742 0.0559
vn 0.9409 0.1596 0.2988
vn 0.5827 0.0586 0.8106
vn -0.0273 -0.1037 0.9942
vn 0.0412 0.0687 0.9968
vn 0.7375 0.6753 0.0008
vn 0.7365 0.6755 0.0354
vn 0.7151 0.6497 0.2581
vn 0.3341 0.3175 0.8874
vn 0.8512 0.5249 0.0009
vn 0.8548 0.5184 0.0246
vn 0.8783 0.4481 0.1668
vn 0.5455 0.3022 0.7818
vn 0.9218 0.3878 0.0003
vn 0.9222 0.3865 0.0093
vn 0.9133 0.4028 0.0606
vn 0.0114 -0.1005 0.9949
vn 0.0194 0.0425 0.9989
vn 0.4308 0.9025 0.0004
vn 0.4298 0.9021 0.0388
vn 0.4620 0.8291 0.3150
vn 0.2505 0.3344 0.9085
vn 0.6037 0.7972 0.0004
vn 0.6044 0.7959 0.0352
vn 0.5992 0.7789 0.1852
vn 0.4371 0.5058 0.7437
vn 0.0634 -0.1165 0.9912
vn 0.0155 -0.0225 0.9996
vn 0.0012 0.0817 0.9967
vn 0.1917 0.9814 0.0004
vn 0.1984 0.9787 0.0532
vn 0.2144 0.9190 0.3309
vn 0.0947 0.5221 0.8476
vn 0.4317 -0.9020 0.0004
vn 0.4390 -0.8984 0.0157
vn 0.5085 -0.8329 0.2185
vn 0.2995 -0.4000 0.8662
vn 0.0457 -0.0720 0.9964
vn 0.0139 0.0860 0.9962
vn -0.0411 0.9992 0.0006
vn -0.0413 0.9973 0.0613
vn -0.0618 0.9453 0.3202
vn -0.0177 0.5585 0.8293
vn 0.2649 -0.9643 0.0013
vn 0.2850 -0.9565 0.0620
vn 0.3635 -0.8773 0.3133
vn 0.3350 -0.5206 0.7853
vn 0.3413 -0.5528 0.7603
vn 0.2053 -0.1716 0.9636
vn 0.0727 0.0233 0.9971
vn -0.2674 0.9636 0.0003
vn -0.2794 0.9596 0.0329
vn -0.4165 0.8651 0.2794
vn -0.1580 0.3955 0.9048
vn -0.5009 0.8654 0.0150
vn -0.5140 0.8553 0.0651
vn -0.1668 -0.9860 0.0009
vn -0.1695 -0.9800 0.1041
vn -0.0496 -0.8564 0.5139
vn 0.1687 -0.4612 0.8711
vn 0.2019 -0.2475 0.9476
vn 0.0553 -0.2850 0.9569
vn 0.0419 -0.1337 0.9901
vn -0.4232 0.6439 0.6374
vn -0.0931 0.0952 0.9911
vn -0.6572 0.7537 0.0002
vn -0.6505 0.7588 0.0330
vn -0.5606 0.7964 0.2268
vn -0.2941 0.4931 0.8187
vn -0.4354 -0.8973 0.0728
vn -0.5920 -0.6284 0.5046
vn -0.5314 -0.2580 0.8069
vn -0.2789 -0.3632 0.8890
vn -0.3139 -0.1735 0.9335
vn -0.1306 -0.2590 0.9570
vn -0.1058 -0.1305 0.9858
vn -0.0636 0.0108 0.9979
vn -0.7931 0.6091 0.0003
vn -0.7918 0.6089 0.0477
vn -0.7282 0.5954 0.3395
vn -0.2954 0.2528 0.9213
vn -0.9203 0.3912 0.0008
vn -0.9183 0.3928 0.0488
vn -0.8860 0.3647 0.2862
vn -0.5357 0.1491 0.8312
vn -0.9869 0.1615 0.0008
vn -0.9875 0.1545 0.0317
vn -0.9746 0.1086 0.1960
vn -0.6547 0.0324 0.7552
vn -0.9789 -0.2042 0.0001
vn -0.9785 -0.2047 0.0246
vn -0.9652 -0.1572 0.2091
vn -0.6478 -0.0445 0.7605
vn 0.9962 0.0876 0.0004
vn 0.9953 0.0843 0.0479
vn 0.9668 0.0598 0.2485
vn 0.6260 0.0190 0.7796
vn 0.9995 0.0304 0.0001
vn 0.9988 0.0285 0.0399
vn 0.9749 0.0182 0.2217
vn 0.6410 0.0050 0.7676
vn 0.9993 0.0046 0.0372
vn 0.9767 0.0027 0.2145
vn 0.6443 0.0006 0.7648
vn 0.9993 -0.0000 0.0368
vn 0.9769 -0.0000 0.2138
vn 0.6445 -0.0000 0.7646
vn 0.9993 -0.0017 0.0369
vn 0.9768 -0.0010 0.2141
vn 0.6444 -0.0002 0.7647
vn 0.9992 -0.0139 0.0383
vn 0.9761 -0.0086 0.2173
vn 0.6431 -0.0022 0.7658
vn 0.9986 -0.0522 0.0001
vn 0.9978 -0.0497 0.0434
vn 0.9721 -0.0332 0.2323
vn 0.6354 -0.0098 0.7721
vn 0.9924 -0.1227 0.0003
vn 0.9913 -0.1208 0.0519
vn 0.9581 -0.0931 0.2710
vn 0.6105 -0.0318 0.7914
vn -0.6515 -0.7587 0.0008
vn -0.6543 -0.7558 0.0238
vn -0.5483 -0.6275 0.5529
vn -0.9876 -0.1572 0.0022
vn -0.9880 -0.1385 0.0681
vn -0.6992 -0.1040 0.7073
vn -0.9993 -0.0372 0.0035
vn -0.9940 -0.0309 0.1052
vn -0.7009 -0.0235 0.7128
vn -0.9949 0.1009 0.0031
vn -0.9918 0.0846 0.0955
vn -0.7005 0.0487 0.7120
vn -0.7475 0.6642 0.0077
vn -0.7337 0.6766 0.0623
vn -0.5854 0.5510 0.5947
vn -0.0244 -0.9989 0.0411
vn -0.0044 -0.7514 0.6598
vn -0.0454 -0.1345 0.9899
vn -0.0941 -0.0286 0.9951
vn -0.0844 0.0807 0.9932
vn -0.1877 0.9820 0.0209
vn -0.1332 0.9812 0.1399
vn -0.0544 0.6705 0.7399
vn -0.0791 -0.9969 0.0006
vn -0.0591 -0.9979 0.0276
vn 0.0562 -0.9885 0.1405
vn 0.1344 -0.7433 0.6553
vn 0.1134 -0.7701 0.6278
vn 0.1103 -0.2696 0.9566
vn 0.0089 -0.0555 0.9984
vn -0.0000 0.0944 0.9955
vn -0.0283 0.9991 0.0317
vn -0.0175 0.9809 0.1936
vn -0.0049 0.6570 0.7539
vn -0.3384 -0.9410 0.0024
vn -0.3385 -0.9380 0.0742
vn -0.2534 -0.9228 0.2902
vn -0.1226 -0.7367 0.6651
vn -0.0387 -0.2859 0.9575
vn -0.0000 -0.0687 0.9976
vn -0.0000 0.9995 0.0318
vn -0.0000 0.9803 0.1973
vn -0.0000 0.6542 0.7563
vn -0.7482 -0.6635 0.0014
vn -0.7573 -0.6505 0.0574
vn -0.6909 -0.6060 0.3943
vn -0.4464 -0.2038 0.8713
vn -0.3422 -0.5077 0.7907
vn -0.1212 -0.1302 0.9841
vn -0.0171 -0.0387 0.9991
vn -0.4315 -0.9021 0.0075
vn -0.4899 -0.8697 0.0600
vn -0.4742 -0.6744 0.5660
vn 0.9765 -0.2153 0.0004
vn 0.9738 -0.2222 0.0485
vn 0.9204 -0.2340 0.3132
vn 0.5368 -0.1055 0.8371
vn 0.9444 -0.3289 0.0002
vn 0.9437 -0.3294 0.0306
vn 0.8717 -0.4061 0.2741
vn 0.3628 -0.2502 0.8976
vn 0.0960 -0.0421 0.9945
vn 0.0351 -0.0225 0.9991
vn -0.0267 0.0507 0.9984
vn -0.4333 0.9011 0.0150
vn -0.4779 0.8464 0.2351
vn -0.2705 0.3742 0.8870
vn -0.3234 0.9463 0.0047
vn -0.3454 0.9363 0.0632
vn -0.3292 0.6891 0.6456
vn 0.8749 -0.4840 0.0163
vn 0.8579 -0.5044 0.0980
vn 0.5801 -0.4156 0.7006
vn 0.7840 -0.6206 0.0140
vn 0.7816 -0.6024 0.1620
vn 0.4596 -0.3372 0.8216
vn 0.0985 -0.1032 0.9898
vn 0.0191 -0.0339 0.9992
vn -0.0015 0.0045 1.0000
vn -0.0395 0.1138 0.9927
vn -0.2341 0.9719 0.0232
vn -0.1649 0.9767 0.1375
vn -0.0733 0.6795 0.7300
vn 0.6456 -0.7632 0.0268
vn 0.6599 -0.7456 0.0928
vn 0.5111 -0.5487 0.6615
vn 0.4395 -0.8982 0.0008
vn 0.4404 -0.8972 0.0329
vn 0.4708 -0.8543 0.2201
vn 0.2647 -0.4588 0.8482
vn 0.0041 -0.0791 0.9969
vn -0.0058 0.0939 0.9956
vn -0.1464 0.9881 0.0465
vn -0.1073 0.9648 0.2400
vn -0.0428 0.6349 0.7714
vn 0.1560 -0.9878 0.0014
vn 0.1576 -0.9869 0.0357
vn 0.1493 -0.9652 0.2148
vn 0.0686 -0.6156 0.7851
vn -0.0000 -0.0940 0.9956
vn -0.0007 0.0885 0.9961
vn -0.0560 0.9968 0.0564
vn -0.0438 0.9581 0.2830
vn -0.0171 0.6034 0.7972
vn -0.1903 -0.9817 0.0017
vn -0.1916 -0.9808 0.0373
vn -0.1896 -0.9586 0.2124
vn -0.0886 -0.5995 0.7954
vn -0.0002 -0.0933 0.9956
vn 0.0006 0.0881 0.9961
vn 0.0402 0.9976 0.0571
vn 0.0321 0.9576 0.2864
vn 0.0129 0.6010 0.7991
vn -0.6490 -0.7604 0.0251
vn -0.6631 -0.7415 0.1027
vn -0.5045 -0.5343 0.6783
vn -0.4599 -0.8879 0.0010
vn -0.4609 -0.8868 0.0339
vn -0.4828 -0.8472 0.2219
vn -0.2616 -0.4238 0.8672
vn -0.0058 -0.0717 0.9974
vn 0.0027 0.0921 0.9957
vn 0.1361 0.9895 0.0492
vn 0.0991 0.9632 0.2497
vn 0.0368 0.6287 0.7768
vn -0.8634 -0.5045 0.0097
vn -0.8456 -0.5207 0.1174
vn -0.5627 -0.4232 0.7101
vn -0.7749 -0.6319 0.0138
vn -0.7678 -0.6166 0.1741
vn -0.4279 -0.3338 0.8399
vn -0.0841 -0.0848 0.9928
vn -0.0168 -0.0262 0.9995
vn 0.0005 0.0015 1.0000
vn 0.0344 0.1073 0.9936
vn 0.2310 0.9726 0.0258
vn 0.1597 0.9759 0.1486
vn 0.0649 0.6715 0.7382
vn -0.7958 -0.6051 0.0234
vn -0.8017 -0.5706 0.1777
vn -0.5246 -0.3339 0.7831
vn -0.8579 -0.5134 0.0215
vn -0.8073 -0.5318 0.2559
vn -0.3399 -0.2842 0.8965
vn -0.0830 -0.0386 0.9958
vn -0.0263 -0.0170 0.9995
vn 0.0241 0.0461 0.9986
vn 0.4330 0.9013 0.0145
vn 0.4753 0.8457 0.2427
vn 0.2659 0.3596 0.8944
vn 0.3237 0.9461 0.0052
vn 0.3441 0.9363 0.0707
vn 0.3270 0.6803 0.6560
vn -0.0399 -0.1706 0.9845
vn -0.0745 -0.0569 0.9956
vn -0.0412 -0.0190 0.9990
vn -0.0003 -0.0000 1.0000
vn -0.0422 0.0195 0.9989
vn -0.0842 0.0029 0.9964
vn -0.0954 -0.0000 0.9954
vn -0.0955 -0.0000 0.9954
vn 0.0105 -0.1815 0.9833
vn 0.0170 -0.0621 0.9979
vn 0.0170 -0.0000 0.9999
vn 0.0485 -0.1478 0.9878
vn 0.1123 -0.0467 0.9926
vn 0.1223 -0.0000 0.9925
vn 0.9930 -0.1144 0.0286
vn 0.7179 -0.1111 0.6872
vn 0.9973 -0.0355 0.0648
vn 0.7308 -0.0304 0.6819
vn 0.9975 -0.0000 0.0700
vn 0.7318 -0.0000 0.6816
vn -0.0805 -0.0038 0.9967
vn -0.0400 -0.0187 0.9990
vn 0.1673 -0.9856 0.0223
vn 0.2057 -0.7471 0.6321
vn 0.0149 0.0925 0.9956
vn 0.0512 0.9982 0.0317
vn 0.0388 0.9805 0.1927
vn 0.0208 0.6590 0.7519
vn 0.1087 0.0706 0.9916
vn 0.2230 0.9746 0.0195
vn 0.1620 0.9787 0.1263
vn 0.0800 0.6733 0.7350
vn 0.9966 0.0573 0.0599
vn 0.7306 0.0351 0.6819
vn 0.7780 0.6282 0.0057
vn 0.7625 0.6457 0.0401
vn 0.6162 0.5370 0.5761
vn 0.2442 -0.9696 0.0186
vn 0.3536 -0.9031 0.2438
vn 0.1771 -0.4288 0.8859
vn -0.0275 -0.0786 0.9965
vn 0.0142 0.0169 0.9998
vn 0.0585 0.0930 0.9939
vn 0.5130 0.8581 0.0215
vn 0.4845 0.8524 0.1965
vn 0.2505 0.5734 0.7800
vn 0.2416 -0.9693 0.0455
vn 0.2283 -0.9288 0.2919
vn 0.1002 -0.5662 0.8182
vn 0.0019 -0.0860 0.9963
vn 0.0390 0.0184 0.9991
vn 0.0762 0.0576 0.9954
vn 0.6776 0.7217 0.1414
vn 0.3661 0.3916 0.8442
vn 0.5986 0.8011 0.0063
vn 0.5523 0.8292 0.0860
vn 0.4063 0.6764 0.6144
vn 0.2301 -0.9726 0.0343
vn 0.1751 -0.9631 0.2043
vn 0.0793 -0.6550 0.7515
vn 0.0552 -0.0788 0.9954
vn 0.0906 0.0295 0.9955
vn 0.8631 0.5050 0.0061
vn 0.8509 0.4332 0.2972
vn 0.3656 0.2359 0.9004
vn 0.8154 0.5789 0.0005
vn 0.7999 0.5654 0.2011
vn 0.5367 0.2805 0.7958
vn 0.7566 0.6539 0.0001
vn 0.7743 0.6249 0.0999
vn 0.6235 0.4541 0.6364
vn 0.2532 -0.9673 0.0110
vn 0.1950 -0.9771 0.0850
vn 0.1367 -0.6704 0.7293
vn 0.9677 0.2518 0.0148
vn 0.8996 0.3509 0.2599
vn 0.4024 0.1746 0.8986
vn 0.9349 0.3533 0.0344
vn 0.9128 0.3104 0.2655
vn 0.5508 0.1306 0.8243
vn 0.9062 0.4222 0.0220
vn 0.8703 0.4374 0.2265
vn 0.5827 0.4359 0.6858
vn 0.7996 -0.6005 0.0022
vn 0.7944 -0.6072 0.0169
vn 0.6422 -0.5059 0.5759
vn 0.9895 0.1412 0.0297
vn 0.7379 0.1904 0.6475
s 1
f 7//6 1//1 6//5
f 3//3 7//6 8//6
f 4//4 8//6 9//6
f 5//4 9//6 10//6
f 7//6 11//5 12//6
f 8//6 12//6 13//6
f 9//6 13//6 14//6
f 10//6 14//6 15//6
f 12//6 16//5 17//6
f 13//6 17//6 18//6
f 14//6 18//6 19//6
f 15//6 19//6 20//6
f 17//6 21//5 22//6
f 18//6 22//6 23//6
f 19//6 23//6 24//6
f 20//6 24//6 25//6
f 22//6 26//7 27//8
f 23//6 27//8 28//9
f 24//6 28//9 29//10
f 25//6 29//10 30//10
f 37//16 31//11 36//15
f 33//13 37//16 38//17
f 34//14 38//17 39//18
f 35//14 39//18 40//18
f 37//16 41//19 42//20
f 38//17 42//20 43//21
f 39//18 43//21 44//22
f 40//18 44//22 45//22
f 46//4 10//6 51//6
f 47//4 51//6 52//6
f 48//23 52//6 53//6
f 49//2 53//6 54//6
f 50//24 54//6 55//25
f 51//6 15//6 56//6
f 52//6 56//6 57//6
f 53//6 57//6 58//6
f 54//6 58//6 59//6
f 55//25 59//6 60//25
f 56//6 20//6 61//6
f 57//6 61//6 62//6
f 58//6 62//6 63//6
f 59//6 63//6 64//6
f 60//25 64//6 65//25
f 61//6 25//6 66//6
f 62//6 66//6 67//6
f 63//6 67//6 68//6
f 64//6 68//6 69//6
f 65//25 69//6 70//25
f 66//6 30//10 71//10
f 67//6 71//10 72//10
f 68//6 72//10 73//26
f 69//6 73//26 74//27
f 70//25 74//27 75//28
f 76//14 40//18 81//18
f 77//14 81//18 82//18
f 78//29 82//18 83//32
f 84//33 78//29 83//32
f 80//31 84//33 85//34
f 81//18 45//22 86//22
f 82//18 86//22 87//22
f 83//32 87//22 88//35
f 89//36 83//32 88//35
f 90//37 84//33 89//36
f 92//39 1//1 2//2
f 92//39 3//3 93//40
f 93//40 4//4 94//41
f 94//41 5//4 95//41
f 97//43 91//38 92//39
f 97//43 93//40 98//44
f 98//44 94//41 99//45
f 99//45 95//41 100//45
f 101//46 97//43 102//47
f 102//47 98//44 103//48
f 103//48 99//45 104//49
f 104//49 100//45 105//49
f 106//46 102//47 107//47
f 107//47 103//48 108//48
f 108//48 104//49 109//49
f 109//49 105//49 110//49
f 111//46 107//47 112//47
f 112//47 108//48 113//48
f 113//48 109//49 114//49
f 114//49 110//49 115//49
f 116//46 112//47 117//47
f 117//47 113//48 118//48
f 118//48 114//49 119//49
f 119//49 115//49 120//49
f 121//46 117//47 122//47
f 122//47 118//48 123//48
f 123//48 119//49 124//49
f 124//49 120//49 125//49
f 126//46 122//47 127//47
f 127//47 123//48 128//48
f 128//48 124//49 129//49
f 129//49 125//49 130//49
f 131//50 1//1 91//38
f 132//51 91//38 96//42
f 133//52 96//42 101//46
f 134//52 101//46 106//46
f 135//52 106//46 111//46
f 136//52 111//46 116//46
f 137//52 116//46 121//46
f 138//52 121//46 126//46
f 139//53 6//5 131//50
f 140//54 131//50 132//51
f 141//55 132//51 133//52
f 142//55 133//52 134//52
f 143//55 134//52 135//52
f 144//55 135//52 136//52
f 145//55 136//52 137//52
f 146//55 137//52 138//52
f 147//53 11//5 139//53
f 148//54 139//53 140//54
f 149//55 140//54 141//55
f 150//55 141//55 142//55
f 151//55 142//55 143//55
f 152//55 143//55 144//55
f 153//55 144//55 145//55
f 154//55 145//55 146//55
f 155//46 127//47 156//47
f 156//47 128//48 157//48
f 157//48 129//49 158//49
f 158//49 130//49 159//49
f 160//46 156//47 161//47
f 161//47 157//48 162//48
f 162//48 158//49 163//49
f 163//49 159//49 164//49
f 165//46 161//47 166//47
f 166//47 162//48 167//48
f 167//48 163//49 168//49
f 168//49 164//49 169//49
f 170//46 166//47 171//47
f 171//47 167//48 172//48
f 172//48 168//49 173//49
f 173//49 169//49 174//49
f 175//46 171//47 176//47
f 176//47 172//48 177//48
f 177//48 173//49 178//49
f 178//49 174//49 179//49
f 180//46 176//47 181//47
f 181//47 177//48 182//48
f 182//48 178//49 183//49
f 183//49 179//49 184//49
f 185//46 181//47 186//47
f 186//47 182//48 187//48
f 187//48 183//49 188//49
f 188//49 184//49 189//49
f 190//46 186//47 191//47
f 191//47 187//48 192//48
f 192//48 188//49 193//49
f 193//49 189//49 194//49
f 195//52 126//46 155//46
f 196//52 155//46 160//46
f 197//52 160//46 165//46
f 198//52 165//46 170//46
f 199//52 170//46 175//46
f 200//52 175//46 180//46
f 201//52 180//46 185//46
f 202//52 185//46 190//46
f 203//55 138//52 195//52
f 204//55 195//52 196//52
f 205//55 196//52 197//52
f 206//55 197//52 198//52
f 207//55 198//52 199//52
f 208//55 199//52 200//52
f 209//55 200//52 201//52
f 210//55 201//52 202//52
f 211//55 146//55 203//55
f 212//55 203//55 204//55
f 213//55 204//55 205//55
f 214//55 205//55 206//55
f 215//55 206//55 207//55
f 216//55 207//55 208//55
f 217//55 208//55 209//55
f 218//55 209//55 210//55
f 219//46 191//47 220//47
f 220//47 192//48 221//48
f 221//48 193//49 222//49
f 222//49 194//49 223//49
f 224//46 220//47 225//47
f 225//47 221//48 226//48
f 226//48 222//49 227//49
f 227//49 223//49 228//49
f 229//46 225//47 230//47
f 230//47 226//48 231//48
f 231//48 227//49 232//49
f 232//49 228//49 233//49
f 234//46 230//47 235//47
f 235//47 231//48 236//48
f 236//48 232//49 237//49
f 237//49 233//49 238//49
f 239//46 235//47 240//47
f 240//47 236//48 241//48
f 241//48 237//49 242//49
f 242//49 238//49 243//49
f 244//56 240//47 245//57
f 245//57 241//48 246//58
f 246//58 242//49 247//59
f 247//59 243//49 248//59
f 250//61 244//56 245//57
f 251//62 245//57 246//58
f 251//62 247//59 252//63
f 252//63 248//59 253//63
f 254//64 250//61 255//65
f 256//66 250//61 251//62
f 256//66 252//63 257//67
f 257//67 253//63 258//67
f 259//52 190//46 219//46
f 260//52 219//46 224//46
f 261//52 224//46 229//46
f 262//52 229//46 234//46
f 263//52 234//46 239//46
f 264//52 239//46 244//56
f 265//68 244//56 249//60
f 254//64 265//68 249//60
f 267//70 254//64 255//65
f 268//71 255//65 256//66
f 269//72 256//66 257//67
f 270//72 257//67 258//67
f 271//55 202//52 259//52
f 272//55 259//52 260//52
f 273//55 260//52 261//52
f 274//55 261//52 262//52
f 275//55 262//52 263//52
f 276//55 263//52 264//52
f 277//73 264//52 265//68
f 278//74 265//68 266//69
f 279//75 266//69 267//70
f 280//76 267//70 268//71
f 281//77 268//71 269//72
f 282//77 269//72 270//72
f 283//55 210//55 271//55
f 284//55 271//55 272//55
f 285//55 272//55 273//55
f 286//55 273//55 274//55
f 287//55 274//55 275//55
f 288//55 275//55 276//55
f 289//73 276//55 277//73
f 290//74 277//73 278//74
f 291//75 278//74 279//75
f 292//76 279//75 280//76
f 293//77 280//76 281//77
f 294//77 281//77 282//77
f 295//78 16//5 147//53
f 296//79 147//53 148//54
f 297//80 148//54 149//55
f 298//80 149//55 150//55
f 299//80 150//55 151//55
f 300//80 151//55 152//55
f 301//80 152//55 153//55
f 302//80 153//55 154//55
f 295//78 26//7 21//5
f 304//82 26//7 303//81
f 304//82 28//9 27//8
f 306//84 28//9 305//83
f 307//84 29//10 306//84
f 296//79 303//81 295//78
f 308//85 304//82 303//81
f 309//86 305//83 304//82
f 311//88 305//83 310//87
f 312//88 306//84 311//88
f 313//89 296//79 297//80
f 314//90 308//85 313//89
f 315//91 309//86 314//90
f 316//92 310//87 315//91
f 317//92 311//88 316//92
f 318//89 297//80 298//80
f 319//90 313//89 318//89
f 320//91 314//90 319//90
f 321//92 315//91 320//91
f 322//92 316//92 321//92
f 323//89 298//80 299//80
f 324//90 318//89 323//89
f 325//91 319//90 324//90
f 326//92 320//91 325//91
f 327//92 321//92 326//92
f 328//89 299//80 300//80
f 329//90 323//89 328//89
f 330//91 324//90 329//90
f 331//92 325//91 330//91
f 332//92 326//92 331//92
f 333//89 300//80 301//80
f 334//90 328//89 333//89
f 335//91 329//90 334//90
f 336//92 330//91 335//91
f 337//92 331//92 336//92
f 338//93 301//80 302//80
f 339//94 333//89 338//93
f 340//95 334//90 339//94
f 341//96 335//91 340//95
f 342//96 336//92 341//96
f 343//97 154//55 211//55
f 344//98 211//55 212//55
f 345//55 212//55 213//55
f 346//55 213//55 214//55
f 347//55 214//55 215//55
f 348//99 215//55 216//55
f 349//100 216//55 217//55
f 350//101 217//55 218//55
f 343//97 338//93 302//80
f 351//102 339//94 338//93
f 353//104 339//94 352//103
f 354//105 340//95 353//104
f 355//105 341//96 354//105
f 344//98 351//102 343//97
f 357//107 351//102 356//106
f 358//108 344//98 345//55
f 359//55 345//55 346//55
f 360//109 346//55 347//55
f 348//99 360//109 347//55
f 362//111 348//99 349//100
f 367//115 349//100 350//101
f 367//115 363//112 362//111
f 368//116 364//113 363//112
f 370//118 364//113 369//117
f 371//118 365//114 370//118
f 353//104 372//119 373//120
f 354//105 373//120 374//121
f 355//105 374//121 375//121
f 357//107 376//122 377//123
f 357//107 372//119 352//103
f 378//124 372//119 377//123
f 379//125 373//120 378//124
f 380//125 374//121 379//125
f 358//108 376//122 356//106
f 382//55 358//108 359//55
f 383//127 359//55 360//109
f 361//110 383//127 360//109
f 389//132 361//110 362//111
f 389//132 385//129 384//128
f 363//112 389//132 362//111
f 391//134 385//129 390//133
f 391//134 363//112 364//113
f 392//135 386//130 391//134
f 392//135 364//113 365//114
f 393//135 387//131 392//135
f 393//135 365//114 366//114
f 395//137 376//122 394//136
f 378//124 395//137 396//138
f 379//125 396//138 397//139
f 380//125 397//139 398//139
f 381//126 394//136 376//122
f 400//55 381//126 382//55
f 401//141 382//55 383//127
f 402//142 383//127 384//128
f 385//129 402//142 384//128
f 386//130 403//143 385//129
f 405//145 386//130 387//131
f 406//145 387//131 388//131
f 408//147 394//136 407//146
f 409//148 395//137 408//147
f 397//139 409//148 410//149
f 398//139 410//149 411//149
f 399//140 407//146 394//136
f 413//55 399//140 400//55
f 414//141 400//55 401//141
f 415//151 401//141 402//142
f 416//152 402//142 403//143
f 417//153 403//143 404//144
f 418//77 404//144 405//145
f 419//77 405//145 406//145
f 408//147 420//154 421//155
f 409//148 421//155 422//156
f 410//149 422//156 423//6
f 411//149 423//6 424//6
f 425//150 407//146 412//150
f 426//55 412//150 413//55
f 427//141 413//55 414//141
f 428//151 414//141 415//151
f 429//152 415//151 416//152
f 430//153 416//152 417//153
f 431//77 417//153 418//77
f 432//77 418//77 419//77
f 421//155 433//154 434//155
f 422//156 434//155 435//156
f 423//6 435//156 436//6
f 424//6 436//6 437//6
f 438//150 420//154 425//150
f 439//55 425//150 426//55
f 440//141 426//55 427//141
f 441//151 427//141 428//151
f 442//152 428//151 429//152
f 443//153 429//152 430//153
f 444//77 430//153 431//77
f 445//77 431//77 432//77
f 434//155 446//154 447//155
f 435//156 447//155 448//156
f 436//6 448//156 449//6
f 437//6 449//6 450//6
f 451//150 433//154 438//150
f 452//55 438//150 439//55
f 453//141 439//55 440//141
f 454//151 440//141 441//151
f 455//152 441//151 442//152
f 456//153 442//152 443//153
f 457//77 443//153 444//77
f 458//77 444//77 445//77
f 459//80 218//55 283//55
f 460//157 283//55 284//55
f 461//158 284//55 285//55
f 462//159 285//55 286//55
f 463//55 286//55 287//55
f 464//55 287//55 288//55
f 465//73 288//55 289//73
f 466//74 289//73 290//74
f 467//75 290//74 291//75
f 468//76 291//75 292//76
f 469//77 292//76 293//77
f 470//77 293//77 294//77
f 471//160 350//101 459//80
f 472//161 367//115 471//160
f 473//162 368//116 472//161
f 474//92 369//117 473//162
f 475//92 370//118 474//92
f 460//157 471//160 459//80
f 476//163 472//161 471//160
f 477//164 473//162 472//161
f 479//166 473//162 478//165
f 480//166 474//92 479//166
f 461//158 476//163 460//157
f 482//168 476//163 481//167
f 483//169 477//164 482//168
f 484//170 478//165 483//169
f 485//170 479//166 484//170
f 462//159 481//167 461//158
f 487//172 462//159 463//55
f 488//55 463//55 464//55
f 489//73 464//55 465//73
f 490//74 465//73 466//74
f 491//75 466//74 467//75
f 492//76 467//75 468//76
f 493//77 468//76 469//77
f 494//77 469//77 470//77
f 482//168 495//173 496//174
f 497//175 482//168 496//174
f 484//170 497//175 498//176
f 485//170 498//176 499//176
f 486//171 495//173 481//167
f 501//178 495//173 500//177
f 501//178 497//175 496//174
f 503//180 497//175 502//179
f 504//180 498//176 503//180
f 505//181 486//171 487//172
f 506//55 487//172 488//55
f 507//73 488//55 489//73
f 508//74 489//73 490//74
f 509//75 490//74 491//75
f 510//76 491//75 492//76
f 511//77 492//76 493//77
f 512//77 493//77 494//77
f 501//178 513//182 514//183
f 502//179 514//183 515//184
f 503//180 515//184 516//185
f 504//180 516//185 517//185
f 505//181 513//182 500//177
f 519//55 505//181 506//55
f 520//73 506//55 507//73
f 521//74 507//73 508//74
f 522//75 508//74 509//75
f 523//76 509//75 510//76
f 524//77 510//76 511//77
f 525//77 511//77 512//77
f 514//183 526//187 527//188
f 515//184 527//188 528//189
f 516//185 528//189 529//6
f 517//185 529//6 530//6
f 531//186 513//182 518//186
f 532//55 518//186 519//55
f 533//73 519//55 520//73
f 534//74 520//73 521//74
f 535//75 521//74 522//75
f 536//76 522//75 523//76
f 537//77 523//76 524//77
f 538//77 524//77 525//77
f 527//188 539//187 540//188
f 528//189 540//188 541//189
f 529//6 541//189 542//6
f 530//6 542//6 543//6
f 544//186 526//187 531//186
f 545//55 531//186 532//55
f 546//73 532//55 533//73
f 547//74 533//73 534//74
f 548//75 534//74 535//75
f 549//76 535//75 536//76
f 550//77 536//76 537//77
f 551//77 537//77 538//77
f 540//188 552//187 553//188
f 541//189 553//188 554//189
f 542//6 554//189 555//6
f 543//6 555//6 556//6
f 557//186 539//187 544//186
f 558//55 544//186 545//55
f 559//73 545//55 546//73
f 560//74 546//73 547//74
f 561//75 547//74 548//75
f 562//76 548//75 549//76
f 563//77 549//76 550//77
f 564//77 550//77 551//77
f 553//188 565//187 566//188
f 554//189 566//188 567//189
f 555//6 567//189 568//6
f 556//6 568//6 569//6
f 570//186 552//187 557//186
f 571//55 557//186 558//55
f 572//73 558//55 559//73
f 573//74 559//73 560//74
f 574//75 560//74 561//75
f 575//76 561//75 562//76
f 576//77 562//76 563//77
f 577//77 563//77 564//77
f 584//195 578//190 579//191
f 584//195 580//192 585//196
f 585//196 581//193 586//197
f 586//197 582//193 587//197
f 447//155 588//154 589//155
f 448//156 589//155 590//156
f 449//6 590//156 591//6
f 450//6 591//6 592//6
f 593//150 446//154 451//150
f 594//55 451//150 452//55
f 595//141 452//55 453//141
f 596//151 453//141 454//151
f 597//152 454//151 455//152
f 598//153 455//152 456//153
f 599//77 456//153 457//77
f 600//77 457//77 458//77
f 589//155 601//198 602//199
f 590//156 602//199 603//200
f 591//6 603//200 604//201
f 592//6 604//201 605//201
f 606//202 588//154 593//150
f 607//203 593//150 594//55
f 608//204 594//55 595//141
f 609//205 595//141 596//151
f 610//206 596//151 597//152
f 611//207 597//152 598//153
f 612//208 598//153 599//77
f 613//208 599//77 600//77
f 602//199 614//209 615//210
f 616//211 602//199 615//210
f 604//201 616//211 617//212
f 605//201 617//212 618//212
f 606//202 614//209 601//198
f 620//214 606//202 607//203
f 621//215 607//203 608//204
f 622//216 608//204 609//205
f 623//217 609//205 610//206
f 624//218 610//206 611//207
f 625//219 611//207 612//208
f 626//219 612//208 613//208
f 615//210 627//220 628//221
f 629//222 615//210 628//221
f 617//212 629//222 630//223
f 618//212 630//223 631//223
f 619//213 627//220 614//209
f 633//92 627//220 632//224
f 634//92 628//221 633//92
f 635//92 629//222 634//92
f 636//92 630//223 635//92
f 637//224 619//213 620//214
f 638//92 632//224 637//224
f 639//92 633//92 638//92
f 640//92 634//92 639//92
f 641//92 635//92 640//92
f 642//224 620//214 621//215
f 643//92 637//224 642//224
f 644//92 638//92 643//92
f 645//92 639//92 644//92
f 646//92 640//92 645//92
f 647//225 621//215 622//216
f 647//225 643//92 642//224
f 648//226 622//216 623//217
f 649//227 643//92 648//226
f 649//227 623//217 624//218
f 650//228 644//92 649//227
f 650//228 624//218 625//219
f 651//228 645//92 650//228
f 651//228 625//219 626//219
f 652//229 584//195 653//230
f 653//230 585//196 654//231
f 654//231 586//197 655//232
f 655//232 587//197 656//232
f 657//233 653//230 658//234
f 658//234 654//231 659//235
f 659//235 655//232 660//236
f 660//236 656//232 661//236
f 662//237 658//234 663//238
f 663//238 659//235 664//239
f 664//239 660//236 665//240
f 665//240 661//236 666//240
f 667//241 663//238 668//242
f 668//242 664//239 669//243
f 669//243 665//240 670//244
f 670//244 666//240 671//244
f 673//246 667//241 668//242
f 674//247 668//242 669//243
f 674//247 670//244 675//248
f 675//248 671//244 676//248
f 678//250 672//245 673//246
f 679//251 673//246 674//247
f 679//251 675//248 680//252
f 680//252 676//248 681//252
f 683//254 677//249 678//250
f 684//255 678//250 679//251
f 684//255 680//252 685//256
f 685//256 681//252 686//256
f 688//258 682//253 683//254
f 689//259 683//254 684//255
f 689//259 685//256 690//260
f 690//260 686//256 691//260
f 566//188 692//187 693//188
f 567//189 693//188 694//189
f 568//6 694//189 695//6
f 569//6 695//6 696//6
f 697//186 565//187 570//186
f 698//55 570//186 571//55
f 699//73 571//55 572//73
f 700//74 572//73 573//74
f 701//75 573//74 574//75
f 702//76 574//75 575//76
f 703//77 575//76 576//77
f 704//77 576//77 577//77
f 693//188 705//187 706//188
f 694//189 706//188 707//189
f 695//6 707//189 708//6
f 696//6 708//6 709//6
f 710//186 692//187 697//186
f 711//55 697//186 698//55
f 712//73 698//55 699//73
f 713//74 699//73 700//74
f 714//75 700//74 701//75
f 715//76 701//75 702//76
f 716//77 702//76 703//77
f 717//77 703//77 704//77
f 706//188 718//261 719//262
f 707//189 719//262 720//263
f 708//6 720//263 721//264
f 709//6 721//264 722//264
f 723//265 705//187 710//186
f 724//266 710//186 711//55
f 725//267 711//55 712//73
f 726//268 712//73 713//74
f 727//269 713//74 714//75
f 728//270 714//75 715//76
f 729//271 715//76 716//77
f 730//271 716//77 717//77
f 732//273 718//261 731//272
f 733//274 719//262 732//273
f 721//264 733//274 734//275
f 722//264 734//275 735//275
f 723//265 731//272 718//261
f 737//277 723//265 724//266
f 738//278 724//266 725//267
f 739//279 725//267 726//268
f 727//269 739//279 726//268
f 741//281 727//269 728//270
f 742//282 728//270 729//271
f 743//282 729//271 730//271
f 745//284 731//272 744//283
f 746//285 732//273 745//284
f 734//275 746//285 747//286
f 735//275 747//286 748//286
f 736//276 744//283 731//272
f 750//288 744//283 749//287
f 751//289 745//284 750//288
f 752//289 746//285 751//289
f 753//289 747//286 752//289
f 754//290 736//276 737//277
f 755//291 749//287 754//290
f 756//92 750//288 755//291
f 757//92 751//289 756//92
f 758//92 752//289 757//92
f 759//292 737//277 738//278
f 760//293 754//290 759//292
f 761//294 755//291 760//293
f 762//294 756//92 761//294
f 763//294 757//92 762//294
f 764//295 738//278 739//279
f 764//295 760//293 759//292
f 740//280 764//295 739//279
f 766//297 760//293 765//296
f 766//297 740//280 741//281
f 767//298 761//294 766//297
f 767//298 741//281 742//282
f 768//298 762//294 767//298
f 768//298 742//282 743//282
f 769//299 688//258 770//300
f 771//301 688//258 689//259
f 771//301 690//260 772//302
f 772//302 691//260 773//302
f 780//308 774//303 775//304
f 780//308 776//305 781//309
f 781//309 777//306 782//310
f 782//310 778//306 783//310
f 784//311 780//308 785//312
f 785//312 781//309 786//313
f 786//313 782//310 787//314
f 787//314 783//310 788//314
f 790//316 784//311 785//312
f 579//191 789//315 790//316
f 790//316 786//313 791//317
f 791//317 579//191 790//316
f 791//317 787//314 792//318
f 581//193 791//317 792//318
f 792//318 788//314 793//318
f 582//193 792//318 793//318
f 794//319 578//190 583//194
f 801//325 795//320 796//321
f 801//325 774//303 800//324
f 801//325 797//322 802//326
f 802//326 775//304 801//325
f 802//326 798//323 803//327
f 777//306 802//326 803//327
f 803//327 799//323 804//327
f 778//306 803//327 804//327
f 805//328 774//303 779//307
f 806//329 779//307 784//311
f 807//330 784//311 789//315
f 794//319 807//330 789//315
f 815//337 809//332 810//333
f 815//337 795//320 814//336
f 815//337 811//334 816//338
f 797//322 815//337 816//338
f 816//338 812//335 817//339
f 798//323 816//338 817//339
f 817//339 813//335 818//339
f 799//323 817//339 818//339
f 819//340 795//320 800//324
f 820//341 800//324 805//328
f 806//329 820//341 805//328
f 822//55 806//329 807//330
f 823//55 807//330 808//331
f 830//347 824//342 825//343
f 830//347 809//332 829//346
f 831//348 825//343 826//344
f 811//334 830//347 831//348
f 831//348 827//345 832//349
f 812//335 831//348 832//349
f 832//349 828//345 833//349
f 813//335 832//349 833//349
f 834//350 809//332 814//336
f 819//340 834//350 814//336
f 836//55 819//340 820//341
f 837//351 820//341 821//55
f 838//352 821//55 822//55
f 839//353 822//55 823//55
f 841//355 824//342 840//354
f 826//344 841//355 842//356
f 827//345 842//356 843//357
f 828//345 843//357 844//357
f 845//358 824//342 829//346
f 846//359 829//346 834//350
f 847//55 834//350 835//55
f 848//360 835//55 836//55
f 837//351 848//360 836//55
f 838//352 849//361 837//351
f 855//367 838//352 839//353
f 855//367 851//363 850//362
f 857//369 851//363 856//368
f 858//370 852//364 857//369
f 859//371 853//365 858//370
f 861//373 31//11 32//12
f 841//355 860//372 861//373
f 862//374 32//12 33//13
f 842//356 861//373 862//374
f 862//374 34//14 863//375
f 843//357 862//374 863//375
f 863//375 35//14 864//375
f 844//357 863//375 864//375
f 865//376 840//354 845//358
f 866//55 845//358 846//359
f 867//377 846//359 847//55
f 848//360 867//377 847//55
f 873//383 848//360 849//361
f 873//383 869//379 868//378
f 875//385 869//379 874//384
f 876//386 870//380 875//385
f 877//387 871//381 876//386
f 878//388 849//361 850//362
f 878//388 874//384 873//383
f 879//389 850//362 851//363
f 880//390 874//384 879//389
f 880//390 851//363 852//364
f 881//391 875//385 880//390
f 853//365 880//390 852//364
f 882//392 876//386 881//391
f 882//392 853//365 854//366
f 883//393 31//11 860//372
f 884//394 860//372 865//376
f 885//395 865//376 866//55
f 867//377 885//395 866//55
f 891//401 867//377 868//378
f 891//401 887//397 886//396
f 869//379 891//401 868//378
f 893//403 887//397 892//402
f 870//380 892//402 869//379
f 893//403 889//399 888//398
f 871//381 893//403 870//380
f 895//405 889//399 894//404
f 895//405 871//381 872//382
f 896//406 36//15 883//393
f 884//394 896//406 883//393
f 898//407 884//394 885//395
f 899//408 885//395 886//396
f 887//397 899//408 886//396
f 901//410 887//397 888//398
f 889//399 901//410 888//398
f 903//412 889//399 890//400
f 904//413 583//194 652//229
f 905//414 652//229 657//233
f 906//415 657//233 662//237
f 907//416 662//237 667//241
f 672//245 907//416 667//241
f 677//249 908//417 672//245
f 682//253 909//418 677//249
f 687//257 910//419 682//253
f 904//413 808//331 794//319
f 913//55 904//413 905//414
f 914//55 905//414 906//415
f 915//55 906//415 907//416
f 916//55 907//416 908//417
f 917//55 908//417 909//418
f 918//55 909//418 910//419
f 919//421 910//419 911//420
f 920//55 808//331 912//55
f 921//55 912//55 913//55
f 922//55 913//55 914//55
f 923//55 914//55 915//55
f 924//55 915//55 916//55
f 925//55 916//55 917//55
f 926//55 917//55 918//55
f 927//55 918//55 919//421
f 928//422 823//55 920//55
f 929//423 920//55 921//55
f 930//424 921//55 922//55
f 931//424 922//55 923//55
f 932//424 923//55 924//55
f 933//425 924//55 925//55
f 934//426 925//55 926//55
f 935//427 926//55 927//55
f 936//428 839//353 928//422
f 937//429 855//367 936//428
f 938//430 856//368 937//429
f 939//431 857//369 938//430
f 940//432 858//370 939//431
f 941//433 928//422 929//423
f 942//434 936//428 941//433
f 943//435 937//429 942//434
f 944//436 938//430 943//435
f 945//436 939//431 944//436
f 946//437 929//423 930//424
f 947//438 941//433 946//437
f 948//439 942//434 947//438
f 949//440 943//435 948//439
f 950//440 944//436 949//440
f 951//441 930//424 931//424
f 952//442 946//437 951//441
f 953//443 947//438 952//442
f 954//92 948//439 953//443
f 955//92 949//440 954//92
f 956//444 931//424 932//424
f 957//445 951//441 956//444
f 958//446 952//442 957//445
f 959//447 953//443 958//446
f 960//447 954//92 959//447
f 933//425 956//444 932//424
f 961//448 957//445 956//444
f 962//449 958//446 957//445
f 964//451 958//446 963//450
f 965//451 959//447 964//451
f 934//426 961//448 933//425
f 966//452 962//449 961//448
f 967//453 963//450 962//449
f 968//454 964//451 963//450
f 970//456 964//451 969//455
f 935//427 966//452 934//426
f 971//457 967//453 966//452
f 972//458 968//454 967//453
f 973//459 969//455 968//454
f 975//461 969//455 974//460
f 769//299 911//420 687//257
f 770//300 976//462 769//299
f 978//464 770//300 771//301
f 979//465 771//301 772//302
f 980//465 772//302 773//302
f 981//466 977//463 982//467
f 983//468 977//463 978//464
f 983//468 979//465 984//469
f 984//469 980//465 985//469
f 987//471 981//466 982//467
f 988//472 982//467 983//468
f 988//472 984//469 989//473
f 989//473 985//469 990//473
f 991//474 987//471 992//475
f 993//476 987//471 988//472
f 993//476 989//473 994//477
f 994//477 990//473 995//477
f 996//478 911//420 976//462
f 981//466 996//478 976//462
f 986//470 997//479 981//466
f 991//474 998//480 986//470
f 1000//482 991//474 992//475
f 1001//483 992//475 993//476
f 1002//484 993//476 994//477
f 1003//484 994//477 995//477
f 1004//485 1000//482 1005//486
f 1006//487 1000//482 1001//483
f 1006//487 1002//484 1007//488
f 1007//488 1003//484 1008//488
f 1009//55 919//421 996//478
f 1010//55 996//478 997//479
f 1011//489 997//479 998//480
f 1012//490 998//480 999//481
f 1004//485 1012//490 999//481
f 1014//492 1004//485 1005//486
f 1015//493 1005//486 1006//487
f 1016//494 1006//487 1007//488
f 1017//494 1007//488 1008//488
f 1018//495 1014//492 1019//496
f 1019//496 1015//493 1020//497
f 1020//497 1016//494 1021//498
f 1021//498 1017//494 1022//498
f 1023//499 927//55 1009//55
f 1024//500 1009//55 1010//55
f 1025//55 1010//55 1011//489
f 1026//55 1011//489 1012//490
f 1027//501 1012//490 1013//491
f 1018//495 1027//501 1013//491
f 1029//503 1018//495 1019//496
f 1020//497 1029//503 1019//496
f 1031//505 1020//497 1021//498
f 1032//505 1021//498 1022//498
f 1033//506 1029//503 1034//507
f 1034//507 1030//504 1035//508
f 1035//508 1031//505 1036//509
f 1036//509 1032//505 1037//509
f 1023//499 971//457 935//427
f 1039//511 971//457 1038//510
f 1039//511 973//459 972//458
f 1040//512 974//460 973//459
f 1042//513 974//460 1041//513
f 1043//514 1023//499 1024//500
f 1044//515 1024//500 1025//55
f 1045//516 1025//55 1026//55
f 1046//55 1026//55 1027//501
f 1047//517 1027//501 1028//502
f 1033//506 1047//517 1028//502
f 1049//519 1033//506 1034//507
f 1035//508 1049//519 1034//507
f 1051//521 1035//508 1036//509
f 1052//521 1036//509 1037//509
f 1053//522 1049//519 1054//523
f 1054//523 1050//520 1055//524
f 1055//524 1051//521 1056//525
f 1056//525 1052//521 1057//525
f 1039//511 1058//526 1059//527
f 1060//528 1039//511 1059//527
f 1041//513 1060//528 1061//529
f 1042//513 1061//529 1062//530
f 1043//514 1058//526 1038//510
f 1064//532 1058//526 1063//531
f 1064//532 1060//528 1059//527
f 1065//533 1061//529 1060//528
f 1067//535 1061//529 1066//534
f 1044//515 1063//531 1043//514
f 1069//537 1063//531 1068//536
f 1069//537 1065//533 1064//532
f 1070//538 1066//534 1065//533
f 1072//540 1066//534 1071//539
f 1045//516 1068//536 1044//515
f 1074//542 1045//516 1046//55
f 1075//543 1046//55 1047//517
f 1048//518 1075//543 1047//517
f 1053//522 1076//544 1048//518
f 1078//546 1053//522 1054//523
f 1055//524 1078//546 1054//523
f 1080//548 1055//524 1056//525
f 1081//548 1056//525 1057//525
f 1069//537 1082//549 1083//550
f 1070//538 1083//550 1084//551
f 1071//539 1084//551 1085//552
f 1072//540 1085//552 1086//552
f 1073//541 1082//549 1068//536
f 1088//554 1082//549 1087//553
f 1089//555 1083//550 1088//554
f 1090//556 1084//551 1089//555
f 1091//557 1085//552 1090//556
f 1074//542 1087//553 1073//541
f 1093//55 1074//542 1075//543
f 1094//559 1075//543 1076//544
f 1077//545 1094//559 1076//544
f 1078//546 1095//560 1077//545
f 1079//547 1096//561 1078//546
f 1098//563 1079//547 1080//548
f 1099//563 1080//548 1081//548
f 1088//554 1100//564 1101//565
f 1102//566 1088//554 1101//565
f 1103//567 1089//555 1102//566
f 1091//557 1103//567 1104//568
f 1092//558 1100//564 1087//553
f 1106//55 1092//558 1093//55
f 1107//570 1093//55 1094//559
f 1095//560 1107//570 1094//559
f 1096//561 1108//571 1095//560
f 1097//562 1109//572 1096//561
f 1111//574 1097//562 1098//563
f 1112//574 1098//563 1099//563
f 95//41 46//4 1113//41
f 1113//41 47//4 1114//41
f 1114//41 48//23 1115//575
f 1116//576 48//23 49//2
f 1116//576 50//24 1117//577
f 100//45 1113//41 1118//45
f 1118//45 1114//41 1119//45
f 1119//45 1115//575 1120//578
f 1121//579 1115//575 1116//576
f 1121//579 1117//577 1122//580
f 105//49 1118//45 1123//49
f 1123//49 1119//45 1124//49
f 1124//49 1120//578 1125//581
f 1125//581 1121//579 1126//582
f 1126//582 1122//580 1127//583
f 110//49 1123//49 1128//49
f 1128//49 1124//49 1129//49
f 1129//49 1125//581 1130//581
f 1130//581 1126//582 1131//582
f 1131//582 1127//583 1132//583
f 115//49 1128//49 1133//49
f 1133//49 1129//49 1134//49
f 1134//49 1130//581 1135//581
f 1135//581 1131//582 1136//582
f 1136//582 1132//583 1137//583
f 120//49 1133//49 1138//49
f 1138//49 1134//49 1139//49
f 1139//49 1135//581 1140//581
f 1140//581 1136//582 1141//582
f 1141//582 1137//583 1142//583
f 125//49 1138//49 1143//49
f 1143//49 1139//49 1144//49
f 1144//49 1140//581 1145//581
f 1145//581 1141//582 1146//582
f 1146//582 1142//583 1147//583
f 130//49 1143//49 1148//49
f 1148//49 1144//49 1149//49
f 1149//49 1145//581 1150//581
f 1150//581 1146//582 1151//582
f 1151//582 1147//583 1152//583
f 1153//584 50//24 55//25
f 1154//585 1117//577 1153//584
f 1127//583 1154//585 1155//586
f 1132//583 1155//586 1156//586
f 1137//583 1156//586 1157//586
f 1142//583 1157//586 1158//586
f 1147//583 1158//586 1159//586
f 1152//583 1159//586 1160//586
f 1153//584 60//25 1161//587
f 1154//585 1161//587 1162//588
f 1155//586 1162//588 1163//589
f 1156//586 1163//589 1164//589
f 1157//586 1164//589 1165//589
f 1158//586 1165//589 1166//589
f 1159//586 1166//589 1167//589
f 1160//586 1167//589 1168//589
f 1161//587 65//25 1169//587
f 1162//588 1169//587 1170//588
f 1163//589 1170//588 1171//589
f 1164//589 1171//589 1172//589
f 1165//589 1172//589 1173//589
f 1166//589 1173//589 1174//589
f 1167//589 1174//589 1175//589
f 1168//589 1175//589 1176//589
f 159//49 1148//49 1177//49
f 1177//49 1149//49 1178//49
f 1178//49 1150//581 1179//581
f 1179//581 1151//582 1180//582
f 1180//582 1152//583 1181//583
f 164//49 1177//49 1182//49
f 1182//49 1178//49 1183//49
f 1183//49 1179//581 1184//581
f 1184//581 1180//582 1185//582
f 1185//582 1181//583 1186//583
f 169//49 1182//49 1187//49
f 1187//49 1183//49 1188//49
f 1188//49 1184//581 1189//581
f 1189//581 1185//582 1190//582
f 1190//582 1186//583 1191//583
f 174//49 1187//49 1192//49
f 1192//49 1188//49 1193//49
f 1193//49 1189//581 1194//581
f 1194//581 1190//582 1195//582
f 1195//582 1191//583 1196//583
f 179//49 1192//49 1197//49
f 1197//49 1193//49 1198//49
f 1198//49 1194//581 1199//581
f 1199//581 1195//582 1200//582
f 1200//582 1196//583 1201//583
f 184//49 1197//49 1202//49
f 1202//49 1198//49 1203//49
f 1203//49 1199//581 1204//581
f 1204//581 1200//582 1205//582
f 1205//582 1201//583 1206//583
f 189//49 1202//49 1207//49
f 1207//49 1203//49 1208//49
f 1208//49 1204//581 1209//581
f 1209//581 1205//582 1210//582
f 1210//582 1206//583 1211//583
f 194//49 1207//49 1212//49
f 1212//49 1208//49 1213//49
f 1213//49 1209//581 1214//581
f 1214//581 1210//582 1215//582
f 1215//582 1211//583 1216//583
f 1181//583 1160//586 1217//586
f 1186//583 1217//586 1218//586
f 1191//583 1218//586 1219//586
f 1196//583 1219//586 1220//586
f 1201//583 1220//586 1221//586
f 1206//583 1221//586 1222//586
f 1211//583 1222//586 1223//586
f 1216//583 1223//586 1224//586
f 1217//586 1168//589 1225//589
f 1218//586 1225//589 1226//589
f 1219//586 1226//589 1227//589
f 1220//586 1227//589 1228//589
f 1221//586 1228//589 1229//589
f 1222//586 1229//589 1230//589
f 1223//586 1230//589 1231//589
f 1224//586 1231//589 1232//589
f 1225//589 1176//589 1233//589
f 1226//589 1233//589 1234//589
f 1227//589 1234//589 1235//589
f 1228//589 1235//589 1236//589
f 1229//589 1236//589 1237//589
f 1230//589 1237//589 1238//589
f 1231//589 1238//589 1239//589
f 1232//589 1239//589 1240//589
f 223//49 1212//49 1241//49
f 1241//49 1213//49 1242//49
f 1242//49 1214//581 1243//581
f 1243//581 1215//582 1244//582
f 1244//582 1216//583 1245//583
f 228//49 1241//49 1246//49
f 1246//49 1242//49 1247//49
f 1247//49 1243//581 1248//581
f 1248//581 1244//582 1249//582
f 1249//582 1245//583 1250//583
f 233//49 1246//49 1251//49
f 1251//49 1247//49 1252//49
f 1252//49 1248//581 1253//581
f 1253//581 1249//582 1254//582
f 1254//582 1250//583 1255//583
f 238//49 1251//49 1256//49
f 1256//49 1252//49 1257//49
f 1257//49 1253//581 1258//581
f 1258//581 1254//582 1259//582
f 1259//582 1255//583 1260//583
f 243//49 1256//49 1261//49
f 1261//49 1257//49 1262//49
f 1262//49 1258//581 1263//581
f 1263//581 1259//582 1264//582
f 1264//582 1260//583 1265//583
f 248//59 1261//49 1266//59
f 1266//59 1262//49 1267//59
f 1267//59 1263//581 1268//590
f 1268//590 1264//582 1269//591
f 1269//591 1265//583 1270//592
f 253//63 1266//59 1271//63
f 1271//63 1267//59 1272//63
f 1272//63 1268//590 1273//593
f 1273//593 1269//591 1274//594
f 1274//594 1270//592 1275//595
f 258//67 1271//63 1276//67
f 1276//67 1272//63 1277//67
f 1277//67 1273//593 1278//596
f 1278//596 1274//594 1279//597
f 1280//598 1274//594 1275//595
f 1245//583 1224//586 1281//586
f 1250//583 1281//586 1282//586
f 1255//583 1282//586 1283//586
f 1260//583 1283//586 1284//586
f 1265//583 1284//586 1285//586
f 1270//592 1285//586 1286//586
f 1275//595 1286//586 1287//599
f 1288//72 258//67 1276//67
f 1289//72 1276//67 1277//67
f 1290//600 1277//67 1278//596
f 1279//597 1290//600 1278//596
f 1280//598 1291//601 1279//597
f 1280//598 1287//599 1292//602
f 1281//586 1232//589 1293//589
f 1282//586 1293//589 1294//589
f 1283//586 1294//589 1295//589
f 1284//586 1295//589 1296//589
f 1285//586 1296//589 1297//589
f 1286//586 1297//589 1298//589
f 1287//599 1298//589 1299//603
f 1300//77 270//72 1288//72
f 1301//77 1288//72 1289//72
f 1302//604 1289//72 1290//600
f 1303//605 1290//600 1291//601
f 1304//606 1291//601 1292//602
f 1292//602 1299//603 1304//606
f 1293//589 1240//589 1305//589
f 1294//589 1305//589 1306//589
f 1295//589 1306//589 1307//589
f 1296//589 1307//589 1308//589
f 1297//589 1308//589 1309//589
f 1298//589 1309//589 1310//589
f 1299//603 1310//589 1311//603
f 1312//77 282//77 1300//77
f 1313//77 1300//77 1301//77
f 1314//604 1301//77 1302//604
f 1315//605 1302//604 1303//605
f 1316//606 1303//605 1304//606
f 1304//606 1311//603 1316//606
f 1169//587 70//25 1317//607
f 1170//588 1317//607 1318//608
f 1171//589 1318//608 1319//609
f 1172//589 1319//609 1320//609
f 1173//589 1320//609 1321//609
f 1174//589 1321//609 1322//609
f 1175//589 1322//609 1323//609
f 1176//589 1323//609 1324//609
f 1325//84 30//10 307//84
f 1326//84 71//10 1325//84
f 1327//610 72//10 1326//84
f 1328//611 73//26 1327//610
f 1328//611 75//28 74//27
f 1317//607 75//28 1329//612
f 1330//88 307//84 312//88
f 1331//88 1325//84 1330//88
f 1332//613 1326//84 1331//88
f 1333//614 1327//610 1332//613
f 1334//615 1328//611 1333//614
f 1318//608 1329//612 1334//615
f 1335//92 312//88 317//92
f 1336//92 1330//88 1335//92
f 1337//616 1331//88 1336//92
f 1338//617 1332//613 1337//616
f 1339//618 1333//614 1338//617
f 1319//609 1334//615 1339//618
f 1340//92 317//92 322//92
f 1341//92 1335//92 1340//92
f 1342//616 1336//92 1341//92
f 1343//617 1337//616 1342//616
f 1344//618 1338//617 1343//617
f 1320//609 1339//618 1344//618
f 1345//92 322//92 327//92
f 1346//92 1340//92 1345//92
f 1347//616 1341//92 1346//92
f 1348//617 1342//616 1347//616
f 1349//618 1343//617 1348//617
f 1321//609 1344//618 1349//618
f 1350//92 327//92 332//92
f 1351//92 1345//92 1350//92
f 1352//616 1346//92 1351//92
f 1353//617 1347//616 1352//616
f 1354//618 1348//617 1353//617
f 1322//609 1349//618 1354//618
f 1355//92 332//92 337//92
f 1356//92 1350//92 1355//92
f 1357//616 1351//92 1356//92
f 1358//617 1352//616 1357//616
f 1359//618 1353//617 1358//617
f 1323//609 1354//618 1359//618
f 1360//96 337//92 342//96
f 1361//96 1355//92 1360//96
f 1362//619 1356//92 1361//96
f 1363//620 1357//616 1362//619
f 1364//621 1358//617 1363//620
f 1324//609 1359//618 1364//621
f 1233//589 1324//609 1365//622
f 1234//589 1365//622 1366//623
f 1235//589 1366//623 1367//589
f 1236//589 1367//589 1368//589
f 1237//589 1368//589 1369//589
f 1238//589 1369//589 1370//624
f 1239//589 1370//624 1371//625
f 1240//589 1371//625 1372//626
f 1373//105 342//96 355//105
f 1374//105 1360//96 1373//105
f 1375//627 1361//96 1374//105
f 1375//627 1363//620 1362//619
f 1377//629 1363//620 1376//628
f 1365//622 1364//621 1377//629
f 1378//630 1377//629 1376//628
f 1366//623 1377//629 1379//631
f 1380//632 1366//623 1379//631
f 1368//589 1380//632 1381//589
f 1369//589 1381//589 1382//633
f 1370//624 1382//633 1383//634
f 1388//637 1370//624 1383//634
f 1389//118 366//114 371//118
f 1390//118 1384//114 1389//118
f 1391//638 1385//114 1390//118
f 1392//639 1386//635 1391//638
f 1393//640 1387//636 1392//639
f 1393//640 1371//625 1388//637
f 1373//105 375//121 1394//121
f 1374//105 1394//121 1395//121
f 1375//627 1395//121 1396//641
f 1397//642 1375//627 1396//641
f 1398//125 375//121 380//125
f 1399//125 1394//121 1398//125
f 1400//643 1395//121 1399//125
f 1400//643 1397//642 1396//641
f 1378//630 1397//642 1401//644
f 1402//645 1378//630 1401//644
f 1380//632 1402//645 1403//646
f 1381//589 1403//646 1404//589
f 1382//633 1404//589 1405//647
f 1383//634 1405//647 1410//650
f 1411//135 388//131 393//135
f 1411//135 366//114 1384//114
f 1412//135 1406//131 1411//135
f 1412//135 1384//114 1385//114
f 1413//651 1407//131 1412//135
f 1413//651 1385//114 1386//635
f 1413//651 1409//649 1408//648
f 1387//636 1413//651 1386//635
f 1415//653 1409//649 1414//652
f 1415//653 1387//636 1388//637
f 1415//653 1383//634 1410//650
f 1398//125 398//139 1416//139
f 1399//125 1416//139 1417//139
f 1400//643 1417//139 1418//654
f 1419//655 1400//643 1418//654
f 1402//645 1419//655 1420//656
f 1403//646 1420//656 1421//657
f 1404//589 1421//657 1422//589
f 1405//647 1422//589 1423//658
f 1424//145 388//131 1406//131
f 1425//145 1406//131 1407//131
f 1426//659 1407//131 1408//648
f 1427//660 1408//648 1409//649
f 1428//661 1409//649 1410//650
f 1428//661 1405//647 1423//658
f 1416//139 411//149 1429//149
f 1417//139 1429//149 1430//149
f 1418//654 1430//149 1431//662
f 1419//655 1431//662 1432//663
f 1420//656 1432//663 1433//664
f 1421//657 1433//664 1434//665
f 1422//589 1434//665 1435//589
f 1423//658 1435//589 1436//658
f 1437//77 406//145 1424//145
f 1438//77 1424//145 1425//145
f 1439//666 1425//145 1426//659
f 1440//667 1426//659 1427//660
f 1441//668 1427//660 1428//661
f 1428//661 1436//658 1441//668
f 1429//149 424//6 1442//6
f 1430//149 1442//6 1443//6
f 1431//662 1443//6 1444//669
f 1432//663 1444//669 1445//670
f 1433//664 1445//670 1446//671
f 1434//665 1446//671 1447//665
f 1435//589 1447//665 1448//589
f 1436//658 1448//589 1449//658
f 1450//77 419//77 1437//77
f 1451//77 1437//77 1438//77
f 1452//666 1438//77 1439//666
f 1453//667 1439//666 1440//667
f 1454//668 1440//667 1441//668
f 1441//668 1449//658 1454//668
f 1442//6 437//6 1455//6
f 1443//6 1455//6 1456//6
f 1444//669 1456//6 1457//669
f 1445//670 1457//669 1458//670
f 1446//671 1458//670 1459//671
f 1447//665 1459//671 1460//665
f 1448//589 1460//665 1461//589
f 1449//658 1461//589 1462//658
f 1463//77 432//77 1450//77
f 1464//77 1450//77 1451//77
f 1465//666 1451//77 1452//666
f 1466//667 1452//666 1453//667
f 1467//668 1453//667 1454//668
f 1454//668 1462//658 1467//668
f 1455//6 450//6 1468//6
f 1456//6 1468//6 1469//6
f 1457//669 1469//6 1470//669
f 1458//670 1470//669 1471//670
f 1459//671 1471//670 1472//671
f 1460//665 1472//671 1473//665
f 1461//589 1473//665 1474//589
f 1462//658 1474//589 1475//658
f 1476//77 445//77 1463//77
f 1477//77 1463//77 1464//77
f 1478//666 1464//77 1465//666
f 1479//667 1465//666 1466//667
f 1480//668 1466//667 1467//668
f 1467//668 1475//658 1480//668
f 1305//589 1372//626 1481//609
f 1306//589 1481//609 1482//672
f 1307//589 1482//672 1483//673
f 1308//589 1483//673 1484//674
f 1309//589 1484//674 1485//589
f 1310//589 1485//589 1486//589
f 1311//603 1486//589 1487//603
f 1488//77 294//77 1312//77
f 1489//77 1312//77 1313//77
f 1490//604 1313//77 1314//604
f 1491//605 1314//604 1315//605
f 1492//606 1315//605 1316//606
f 1316//606 1487//603 1492//606
f 1493//92 371//118 475//92
f 1494//92 1389//118 1493//92
f 1495//675 1390//118 1494//92
f 1495//675 1392//639 1391//638
f 1496//676 1393//640 1392//639
f 1497//677 1372//626 1393//640
f 1498//166 475//92 480//166
f 1499//166 1493//92 1498//166
f 1500//678 1494//92 1499//166
f 1501//679 1495//675 1500//678
f 1502//680 1496//676 1501//679
f 1482//672 1497//677 1502//680
f 1503//170 480//166 485//170
f 1504//170 1498//166 1503//170
f 1505//681 1499//166 1504//170
f 1505//681 1501//679 1500//678
f 1506//682 1502//680 1501//679
f 1483//673 1502//680 1507//683
f 1484//674 1507//683 1508//684
f 1509//685 1484//674 1508//684
f 1486//589 1509//685 1510//589
f 1487//603 1510//589 1511//603
f 1512//77 470//77 1488//77
f 1513//77 1488//77 1489//77
f 1514//604 1489//77 1490//604
f 1515//605 1490//604 1491//605
f 1516//606 1491//605 1492//606
f 1492//606 1511//603 1516//606
f 1503//170 499//176 1517//176
f 1504//170 1517//176 1518//176
f 1505//681 1518//176 1519//686
f 1506//682 1519//686 1520//687
f 1521//688 1506//682 1520//687
f 1522//180 499//176 504//180
f 1523//180 1517//176 1522//180
f 1524//689 1518//176 1523//180
f 1525//690 1519//686 1524//689
f 1525//690 1521//688 1520//687
f 1508//684 1521//688 1526//691
f 1527//692 1508//684 1526//691
f 1510//589 1527//692 1528//589
f 1511//603 1528//589 1529//603
f 1530//77 494//77 1512//77
f 1531//77 1512//77 1513//77
f 1532//604 1513//77 1514//604
f 1533//605 1514//604 1515//605
f 1534//606 1515//605 1516//606
f 1516//606 1529//603 1534//606
f 1522//180 517//185 1535//185
f 1523//180 1535//185 1536//185
f 1524//689 1536//185 1537//693
f 1538//694 1524//689 1537//693
f 1539//695 1525//690 1538//694
f 1527//692 1539//695 1540//696
f 1528//589 1540//696 1541//589
f 1529//603 1541//589 1542//603
f 1543//77 512//77 1530//77
f 1544//77 1530//77 1531//77
f 1545//604 1531//77 1532//604
f 1546//605 1532//604 1533//605
f 1547//606 1533//605 1534//606
f 1534//606 1542//603 1547//606
f 1535//185 530//6 1548//6
f 1536//185 1548//6 1549//6
f 1537//693 1549//6 1550//697
f 1538//694 1550//697 1551//698
f 1539//695 1551//698 1552//699
f 1540//696 1552//699 1553//696
f 1541//589 1553//696 1554//589
f 1542//603 1554//589 1555//603
f 1556//77 525//77 1543//77
f 1557//77 1543//77 1544//77
f 1558//604 1544//77 1545//604
f 1559//605 1545//604 1546//605
f 1560//606 1546//605 1547//606
f 1547//606 1555//603 1560//606
f 1548//6 543//6 1561//6
f 1549//6 1561//6 1562//6
f 1550//697 1562//6 1563//697
f 1551//698 1563//697 1564//698
f 1552//699 1564//698 1565//699
f 1553//696 1565//699 1566//696
f 1554//589 1566//696 1567//589
f 1555//603 1567//589 1568//603
f 1569//77 538//77 1556//77
f 1570//77 1556//77 1557//77
f 1571//604 1557//77 1558//604
f 1572//605 1558//604 1559//605
f 1573//606 1559//605 1560//606
f 1560//606 1568//603 1573//606
f 1561//6 556//6 1574//6
f 1562//6 1574//6 1575//6
f 1563//697 1575//6 1576//697
f 1564//698 1576//697 1577//698
f 1565//699 1577//698 1578//699
f 1566//696 1578//699 1579//696
f 1567//589 1579//696 1580//589
f 1568//603 1580//589 1581//603
f 1582//77 551//77 1569//77
f 1583//77 1569//77 1570//77
f 1584//604 1570//77 1571//604
f 1585//605 1571//604 1572//605
f 1586//606 1572//605 1573//606
f 1573//606 1581//603 1586//606
f 1574//6 569//6 1587//6
f 1575//6 1587//6 1588//6
f 1576//697 1588//6 1589//697
f 1577//698 1589//697 1590//698
f 1578//699 1590//698 1591//699
f 1579//696 1591//699 1592//696
f 1580//589 1592//696 1593//589
f 1581//603 1593//589 1594//603
f 1595//77 564//77 1582//77
f 1596//77 1582//77 1583//77
f 1597//604 1583//77 1584//604
f 1598//605 1584//604 1585//605
f 1599//606 1585//605 1586//606
f 1586//606 1594//603 1599//606
f 587//197 1600//193 1605//197
f 1605//197 1601//193 1606//197
f 1606//197 1602//700 1607//703
f 1608//704 1602//700 1603//701
f 1608//704 1604//702 1609//705
f 1468//6 592//6 1610//6
f 1469//6 1610//6 1611//6
f 1470//669 1611//6 1612//669
f 1471//670 1612//669 1613//670
f 1472//671 1613//670 1614//671
f 1473//665 1614//671 1615//665
f 1474//589 1615//665 1616//589
f 1475//658 1616//589 1617//658
f 1618//77 458//77 1476//77
f 1619//77 1476//77 1477//77
f 1620//666 1477//77 1478//666
f 1621//667 1478//666 1479//667
f 1622//668 1479//667 1480//668
f 1480//668 1617//658 1622//668
f 1610//6 605//201 1623//201
f 1611//6 1623//201 1624//201
f 1612//669 1624//201 1625//706
f 1613//670 1625//706 1626//707
f 1614//671 1626//707 1627//708
f 1615//665 1627//708 1628//709
f 1616//589 1628//709 1629//710
f 1617//658 1629//710 1630//711
f 1631//208 600//77 1618//77
f 1632//208 1618//77 1619//77
f 1633//712 1619//77 1620//666
f 1634//713 1620//666 1621//667
f 1635//714 1621//667 1622//668
f 1622//668 1630//711 1635//714
f 1623//201 618//212 1636//212
f 1624//201 1636//212 1637//212
f 1625//706 1637//212 1638//715
f 1626//707 1638//715 1639//716
f 1640//717 1626//707 1639//716
f 1628//709 1640//717 1641//718
f 1629//710 1641//718 1642//719
f 1630//711 1642//719 1643//720
f 1644//219 613//208 1631//208
f 1645//219 1631//208 1632//208
f 1646//721 1632//208 1633//712
f 1634//713 1646//721 1633//712
f 1635//714 1647//722 1634//713
f 1648//723 1630//711 1643//720
f 1636//212 631//223 1649//223
f 1637//212 1649//223 1650//223
f 1638//715 1650//223 1651//724
f 1639//716 1651//724 1652//221
f 1653//725 1639//716 1652//221
f 1654//92 631//223 636//92
f 1655//92 1649//223 1654//92
f 1656//92 1650//223 1655//92
f 1657//92 1651//724 1656//92
f 1657//92 1653//725 1652//221
f 1641//718 1653//725 1658//726
f 1659//92 636//92 641//92
f 1660//92 1654//92 1659//92
f 1661//92 1655//92 1660//92
f 1662//92 1656//92 1661//92
f 1663//726 1657//92 1662//92
f 1642//719 1658//726 1663//726
f 1664//92 641//92 646//92
f 1665//92 1659//92 1664//92
f 1666//92 1660//92 1665//92
f 1667//92 1661//92 1666//92
f 1668//726 1662//92 1667//92
f 1643//720 1663//726 1668//726
f 1669//228 646//92 651//228
f 1669//228 626//219 1644//219
f 1670//228 1664//92 1669//228
f 1670//228 1644//219 1645//219
f 1671//727 1665//92 1670//228
f 1671//727 1645//219 1646//721
f 1672//728 1666//92 1671//727
f 1647//722 1671//727 1646//721
f 1673//729 1667//92 1672//728
f 1648//723 1672//728 1647//722
f 1673//729 1643//720 1668//726
f 656//232 1605//197 1674//232
f 1674//232 1606//197 1675//232
f 1675//232 1607//703 1676//730
f 1677//731 1607//703 1608//704
f 1678//732 1608//704 1609//705
f 661//236 1674//232 1679//236
f 1679//236 1675//232 1680//236
f 1680//236 1676//730 1681//733
f 1682//734 1676//730 1677//731
f 1683//735 1677//731 1678//732
f 666//240 1679//236 1684//240
f 1684//240 1680//236 1685//240
f 1685//240 1681//733 1686//736
f 1687//737 1681//733 1682//734
f 1688//738 1682//734 1683//735
f 671//244 1684//240 1689//244
f 1689//244 1685//240 1690//244
f 1690//244 1686//736 1691//739
f 1692//740 1686//736 1687//737
f 1693//741 1687//737 1688//738
f 676//248 1689//244 1694//248
f 1694//248 1690//244 1695//248
f 1695//248 1691//739 1696//742
f 1696//742 1692//740 1697//743
f 1697//743 1693//741 1698//744
f 681//252 1694//248 1699//252
f 1699//252 1695//248 1700//252
f 1700//252 1696//742 1701//745
f 1701//745 1697//743 1702//746
f 1702//746 1698//744 1703//747
f 686//256 1699//252 1704//256
f 1704//256 1700//252 1705//256
f 1705//256 1701//745 1706//748
f 1706//748 1702//746 1707//749
f 1707//749 1703//747 1708//750
f 691//260 1704//256 1709//260
f 1709//260 1705//256 1710//260
f 1710//260 1706//748 1711//751
f 1711//751 1707//749 1712//752
f 1712//752 1708//750 1713//753
f 1587//6 696//6 1714//6
f 1588//6 1714//6 1715//6
f 1589//697 1715//6 1716//697
f 1590//698 1716//697 1717//698
f 1591//699 1717//698 1718//699
f 1592//696 1718//699 1719//696
f 1593//589 1719//696 1720//589
f 1594//603 1720//589 1721//603
f 1722//77 577//77 1595//77
f 1723//77 1595//77 1596//77
f 1724//604 1596//77 1597//604
f 1725//605 1597//604 1598//605
f 1726//606 1598//605 1599//606
f 1599//606 1721//603 1726//606
f 1714//6 709//6 1727//6
f 1715//6 1727//6 1728//6
f 1716//697 1728//6 1729//697
f 1717//698 1729//697 1730//698
f 1718//699 1730//698 1731//699
f 1719//696 1731//699 1732//696
f 1720//589 1732//696 1733//589
f 1721//603 1733//589 1734//603
f 1735//77 704//77 1722//77
f 1736//77 1722//77 1723//77
f 1737//604 1723//77 1724//604
f 1738//605 1724//604 1725//605
f 1739//606 1725//605 1726//606
f 1726//606 1734//603 1739//606
f 1727//6 722//264 1740//264
f 1728//6 1740//264 1741//264
f 1729//697 1741//264 1742//754
f 1730//698 1742//754 1743//755
f 1731//699 1743//755 1744//756
f 1732//696 1744//756 1745//757
f 1733//589 1745//757 1746//758
f 1734//603 1746//758 1747//759
f 1748//271 717//77 1735//77
f 1749//271 1735//77 1736//77
f 1750//760 1736//77 1737//604
f 1751//761 1737//604 1738//605
f 1752//762 1738//605 1739//606
f 1739//606 1747//759 1752//762
f 1740//264 735//275 1753//275
f 1741//264 1753//275 1754//275
f 1742//754 1754//275 1755//763
f 1743//755 1755//763 1756//764
f 1744//756 1756//764 1757//765
f 1745//757 1757//765 1758//766
f 1746//758 1758//766 1759//767
f 1747//759 1759//767 1760//768
f 1761//282 730//271 1748//271
f 1762//282 1748//271 1749//271
f 1763//769 1749//271 1750//760
f 1751//761 1763//769 1750//760
f 1765//771 1751//761 1752//762
f 1765//771 1747//759 1760//768
f 1753//275 748//286 1766//286
f 1754//275 1766//286 1767//286
f 1755//763 1767//286 1768//772
f 1756//764 1768//772 1769//773
f 1757//765 1769//773 1770//774
f 1771//289 748//286 753//289
f 1772//289 1766//286 1771//289
f 1773//289 1767//286 1772//289
f 1774//775 1768//772 1773//289
f 1774//775 1770//774 1769//773
f 1758//766 1770//774 1775//776
f 1776//92 753//289 758//92
f 1777//92 1771//289 1776//92
f 1778//92 1772//289 1777//92
f 1779//777 1773//289 1778//92
f 1780//778 1774//775 1779//777
f 1759//767 1775//776 1780//778
f 1781//294 758//92 763//294
f 1782//294 1776//92 1781//294
f 1783//294 1777//92 1782//294
f 1784//779 1778//92 1783//294
f 1785//780 1779//777 1784//779
f 1760//768 1780//778 1785//780
f 1786//298 763//294 768//298
f 1786//298 743//282 1761//282
f 1787//298 1781//294 1786//298
f 1787//298 1761//282 1762//282
f 1788//781 1782//294 1787//298
f 1788//781 1762//282 1763//769
f 1789//782 1783//294 1788//781
f 1764//770 1788//781 1763//769
f 1790//783 1784//779 1789//782
f 1790//783 1764//770 1765//771
f 1790//783 1760//768 1785//780
f 773//302 1709//260 1791//302
f 1791//302 1710//260 1792//302
f 1792//302 1711//751 1793//784
f 1793//784 1712//752 1794//785
f 1795//786 1712//752 1713//753
f 783//310 1796//306 1801//310
f 1801//310 1797//306 1802//310
f 1802//310 1798//787 1803//790
f 1804//791 1798//787 1799//788
f 1804//791 1800//789 1805//792
f 788//314 1801//310 1806//314
f 1806//314 1802//310 1807//314
f 1807//314 1803//790 1808//793
f 1809//794 1803//790 1804//791
f 1810//795 1804//791 1805//792
f 793//318 1806//314 1811//318
f 1600//193 793//318 1811//318
f 1811//318 1807//314 1812//318
f 1601//193 1811//318 1812//318
f 1812//318 1808//793 1813//796
f 1602//700 1812//318 1813//796
f 1814//797 1808//793 1809//794
f 1603//701 1813//796 1814//797
f 1814//797 1810//795 1815//798
f 1815//798 1603//701 1814//797
f 1816//799 1604//702 1815//798
f 804//327 1817//323 1822//327
f 1796//306 804//327 1822//327
f 1822//327 1818//323 1823//327
f 1797//306 1822//327 1823//327
f 1823//327 1819//800 1824//803
f 1798//787 1823//327 1824//803
f 1825//804 1819//800 1820//801
f 1799//788 1824//803 1825//804
f 1825//804 1821//802 1826//805
f 1800//789 1825//804 1826//805
f 1827//806 1800//789 1826//805
f 1828//807 1805//792 1827//806
f 1829//808 1810//795 1828//807
f 1816//799 1829//808 1830//809
f 818//339 1831//335 1836//339
f 1817//323 818//339 1836//339
f 1836//339 1832//335 1837//339
f 1818//323 1836//339 1837//339
f 1837//339 1833//810 1838//813
f 1819//800 1837//339 1838//813
f 1839//814 1833//810 1834//811
f 1839//814 1819//800 1838//813
f 1839//814 1835//812 1840//815
f 1821//802 1839//814 1840//815
f 1841//816 1821//802 1840//815
f 1842//817 1826//805 1841//816
f 1828//807 1842//817 1843//589
f 1829//808 1843//589 1844//589
f 1830//809 1844//589 1845//589
f 833//349 1846//345 1851//349
f 1831//335 833//349 1851//349
f 1851//349 1847//345 1852//349
f 1832//335 1851//349 1852//349
f 1852//349 1848//818 1853//821
f 1833//810 1852//349 1853//821
f 1853//821 1849//819 1854//822
f 1854//822 1833//810 1853//821
f 1854//822 1850//820 1855//823
f 1835//812 1854//822 1855//823
f 1856//824 1835//812 1855//823
f 1841//816 1856//824 1857//589
f 1842//817 1857//589 1858//589
f 1843//589 1858//589 1859//825
f 1844//589 1859//825 1860//826
f 1845//589 1860//826 1861//827
f 1846//345 844//357 1862//357
f 1847//345 1862//357 1863//357
f 1848//818 1863//357 1864//828
f 1865//829 1848//818 1864//828
f 1850//820 1865//829 1866//830
f 1867//831 1850//820 1866//830
f 1868//832 1855//823 1867//831
f 1857//589 1868//832 1869//589
f 1858//589 1869//589 1870//833
f 1859//825 1870//833 1871//834
f 1860//826 1871//834 1876//838
f 1877//371 854//366 859//371
f 1878//839 1872//366 1877//371
f 1878//839 1874//836 1873//835
f 1879//840 1875//837 1874//836
f 1881//842 1875//837 1880//841
f 1881//842 1860//826 1876//838
f 864//375 76//14 1882//375
f 1862//357 864//375 1882//375
f 1882//375 77//14 1883//375
f 1863//357 1882//375 1883//375
f 1883//375 78//29 1884//843
f 1864//828 1883//375 1884//843
f 1884//843 79//30 1885//844
f 1885//844 1864//828 1884//843
f 1885//844 80//31 1886//845
f 1886//845 1865//829 1885//844
f 1887//846 1866//830 1886//845
f 1868//832 1887//846 1888//589
f 1869//589 1888//589 1889//847
f 1870//833 1889//847 1894//851
f 1895//387 872//382 877//387
f 1896//852 1890//382 1895//387
f 1896//852 1892//849 1891//848
f 1897//853 1893//850 1892//849
f 1899//855 1893//850 1898//854
f 1899//855 1870//833 1894//851
f 1900//392 877//387 882//392
f 1900//392 854//366 1872//366
f 1901//856 1895//387 1900//392
f 1901//856 1872//366 1873//835
f 1901//856 1897//853 1896//852
f 1902//857 1873//835 1874//836
f 1902//857 1898//854 1897//853
f 1875//837 1902//857 1874//836
f 1904//859 1898//854 1903//858
f 1876//838 1903//858 1875//837
f 1904//859 1871//834 1899//855
f 1905//860 80//31 85//34
f 1906//861 1886//845 1905//860
f 1888//589 1906//861 1907//862
f 1889//847 1907//862 1912//866
f 1913//405 890//400 895//405
f 1913//405 872//382 1890//382
f 1914//867 1908//400 1913//405
f 1914//867 1890//382 1891//848
f 1915//868 1909//863 1914//867
f 1915//868 1891//848 1892//849
f 1915//868 1911//865 1910//864
f 1916//869 1892//849 1893//850
f 1917//870 1911//865 1916//869
f 1917//870 1893//850 1894//851
f 1917//870 1889//847 1912//866
f 1918//871 85//34 90//37
f 1906//861 1918//871 1919//589
f 1907//862 1919//589 1920//872
f 1921//412 890//400 1908//400
f 1922//873 1908//400 1909//863
f 1923//874 1909//863 1910//864
f 1911//865 1923//874 1910//864
f 1925//876 1911//865 1912//866
f 1925//876 1907//862 1920//872
f 1926//877 1609//705 1816//799
f 1927//878 1678//732 1926//877
f 1928//879 1683//735 1927//878
f 1929//880 1688//738 1928//879
f 1698//744 1929//880 1930//881
f 1703//747 1930//881 1931//882
f 1708//750 1931//882 1932//883
f 1713//753 1932//883 1933//884
f 1926//877 1830//809 1934//589
f 1927//878 1934//589 1935//589
f 1928//879 1935//589 1936//589
f 1929//880 1936//589 1937//589
f 1930//881 1937//589 1938//589
f 1931//882 1938//589 1939//589
f 1932//883 1939//589 1940//589
f 1941//885 1932//883 1940//589
f 1934//589 1845//589 1942//589
f 1935//589 1942//589 1943//589
f 1936//589 1943//589 1944//589
f 1937//589 1944//589 1945//589
f 1938//589 1945//589 1946//589
f 1939//589 1946//589 1947//589
f 1940//589 1947//589 1948//589
f 1941//885 1948//589 1949//589
f 1942//589 1861//827 1950//886
f 1943//589 1950//886 1951//887
f 1944//589 1951//887 1952//888
f 1945//589 1952//888 1953//888
f 1946//589 1953//888 1954//888
f 1947//589 1954//888 1955//889
f 1948//589 1955//889 1956//890
f 1949//589 1956//890 1957//891
f 1958//432 859//371 940//432
f 1959//892 1877//371 1958//432
f 1959//892 1879//840 1878//839
f 1960//893 1880//841 1879//840
f 1961//894 1881//842 1880//841
f 1962//895 1861//827 1881//842
f 1963//436 940//432 945//436
f 1964//436 1958//432 1963//436
f 1964//436 1960//893 1959//892
f 1965//896 1961//894 1960//893
f 1966//897 1962//895 1961//894
f 1967//898 1950//886 1962//895
f 1968//440 945//436 950//440
f 1969//440 1963//436 1968//440
f 1970//899 1964//436 1969//440
f 1970//899 1966//897 1965//896
f 1971//900 1967//898 1966//897
f 1972//901 1951//887 1967//898
f 1973//92 950//440 955//92
f 1974//92 1968//440 1973//92
f 1975//902 1969//440 1974//92
f 1976//903 1970//899 1975//902
f 1977//904 1971//900 1976//903
f 1953//888 1972//901 1977//904
f 1978//447 955//92 960//447
f 1979//447 1973//92 1978//447
f 1980//905 1974//92 1979//447
f 1981//906 1975//902 1980//905
f 1982//907 1976//903 1981//906
f 1954//888 1977//904 1982//907
f 1983//451 960//447 965//451
f 1984//451 1978//447 1983//451
f 1985//908 1979//447 1984//451
f 1986//909 1980//905 1985//908
f 1987//910 1981//906 1986//909
f 1955//889 1982//907 1987//910
f 1988//456 965//451 970//456
f 1989//911 1983//451 1988//456
f 1990//912 1984//451 1989//911
f 1991//913 1985//908 1990//912
f 1992//914 1986//909 1991//913
f 1956//890 1987//910 1992//914
f 1993//461 970//456 975//461
f 1994//915 1988//456 1993//461
f 1995//916 1989//911 1994//915
f 1996//917 1990//912 1995//916
f 1997//918 1991//913 1996//917
f 1957//891 1992//914 1997//918
f 1998//465 773//302 1791//302
f 1999//465 1791//302 1792//302
f 2000//919 1792//302 1793//784
f 1794//785 2000//919 1793//784
f 2002//921 1794//785 1795//786
f 1795//786 1933//884 2002//921
f 985//469 1998//465 2003//469
f 2003//469 1999//465 2004//469
f 2004//469 2000//919 2005//922
f 2005//922 2001//920 2006//923
f 2007//924 2001//920 2002//921
f 990//473 2003//469 2008//473
f 2008//473 2004//469 2009//473
f 2009//473 2005//922 2010//925
f 2010//925 2006//923 2011//926
f 2011//926 2007//924 2012//927
f 995//477 2008//473 2013//477
f 2013//477 2009//473 2014//477
f 2014//477 2010//925 2015//928
f 2015//928 2011//926 2016//929
f 2017//930 2011//926 2012//927
f 2018//931 1933//884 1941//885
f 2007//924 2018//931 2019//932
f 2012//927 2019//932 2020//933
f 2021//484 995//477 2013//477
f 2022//484 2013//477 2014//477
f 2023//934 2014//477 2015//928
f 2016//929 2023//934 2015//928
f 2017//930 2024//935 2016//929
f 2017//930 2020//933 2025//936
f 1008//488 2021//484 2026//488
f 2026//488 2022//484 2027//488
f 2027//488 2023//934 2028//937
f 2028//937 2024//935 2029//938
f 2030//939 2024//935 2025//936
f 2018//931 1949//589 2031//589
f 2019//932 2031//589 2032//589
f 2033//940 2019//932 2032//589
f 2034//941 2020//933 2033//940
f 2035//494 1008//488 2026//488
f 2036//494 2026//488 2027//488
f 2037//942 2027//488 2028//937
f 2029//938 2037//942 2028//937
f 2030//939 2038//943 2029//938
f 2030//939 2034//941 2039//944
f 1022//498 2035//494 2040//498
f 2040//498 2036//494 2041//498
f 2041//498 2037//942 2042//945
f 2043//946 2037//942 2038//943
f 2044//947 2038//943 2039//944
f 2031//589 1957//891 2045//948
f 2032//589 2045//948 2046//949
f 2033//940 2046//949 2047//589
f 2034//941 2047//589 2048//589
f 2049//950 2034//941 2048//589
f 2050//505 1022//498 2040//498
f 2051//505 2040//498 2041//498
f 2052//951 2041//498 2042//945
f 2053//952 2042//945 2043//946
f 2044//947 2053//952 2043//946
f 2044//947 2049//950 2054//953
f 1037//509 2050//505 2055//509
f 2055//509 2051//505 2056//509
f 2056//509 2052//951 2057//954
f 2058//955 2052//951 2053//952
f 2059//956 2053//952 2054//953
f 2060//513 975//461 1042//513
f 2061//513 1993//461 2060//513
f 2062//957 1994//915 2061//513
f 2063//958 1995//916 2062//957
f 2063//958 1997//918 1996//917
f 2045//948 1997//918 2064//959
f 2065//960 2045//948 2064//959
f 2066//961 2046//949 2065//960
f 2048//589 2066//961 2067//962
f 2049//950 2067//962 2068//589
f 2069//963 2049//950 2068//589
f 2070//521 1037//509 2055//509
f 2071//521 2055//509 2056//509
f 2072//964 2056//509 2057//954
f 2073//965 2057//954 2058//955
f 2059//956 2073//965 2058//955
f 2059//956 2069//963 2074//966
f 1057//525 2070//521 2075//525
f 2075//525 2071//521 2076//525
f 2076//525 2072//964 2077//967
f 2078//968 2072//964 2073//965
f 2079//969 2073//965 2074//966
f 2060//513 1062//530 2080//530
f 2061//513 2080//530 2081//970
f 2082//971 2061//513 2081//970
f 2063//958 2082//971 2083//972
f 2084//973 2063//958 2083//972
f 2085//535 1062//530 1067//535
f 2086//974 2080//530 2085//535
f 2087//975 2081//970 2086//974
f 2088//976 2082//971 2087//975
f 2088//976 2084//973 2083//972
f 2065//960 2084//973 2089//977
f 2090//540 1067//535 1072//540
f 2091//978 2085//535 2090//540
f 2092//979 2086//974 2091//978
f 2093//980 2087//975 2092//979
f 2093//980 2089//977 2088//976
f 2066//961 2089//977 2094//981
f 2067//962 2094//981 2095//982
f 2068//589 2095//982 2096//983
f 2069//963 2096//983 2097//984
f 2074//966 2097//984 2098//985
f 2099//548 1057//525 2075//525
f 2100//548 2075//525 2076//525
f 2101//986 2076//525 2077//967
f 2102//987 2077//967 2078//968
f 2079//969 2102//987 2078//968
f 2079//969 2098//985 2103//988
f 2090//540 1086//552 2104//552
f 2091//978 2104//552 2105//552
f 2106//989 2091//978 2105//552
f 2107//990 2092//979 2106//989
f 2108//991 2093//980 2107//990
f 2109//557 1086//552 1091//557
f 2110//992 2104//552 2109//557
f 2110//992 2106//989 2105//552
f 2111//993 2107//990 2106//989
f 2112//994 2108//991 2107//990
f 2095//982 2108//991 2113//995
f 2096//983 2113//995 2114//996
f 2097//984 2114//996 2115//589
f 2116//997 2097//984 2115//589
f 2117//563 1081//548 2099//548
f 2118//563 2099//548 2100//548
f 2119//998 2100//548 2101//986
f 2120//999 2101//986 2102//987
f 2121//1000 2102//987 2103//988
f 2103//988 2116//997 2121//1000
f 2109//557 1104//568 2122//568
f 2110//992 2122//568 2123//1001
f 2111//993 2123//1001 2124//1002
f 2112//994 2124//1002 2125//1003
f 2126//1004 2112//994 2125//1003
f 2114//996 2126//1004 2127//1005
f 2115//589 2127//1005 2128//589
f 2116//997 2128//589 2129//1006
f 2130//574 1099//563 2117//563
f 2131//574 2117//563 2118//563
f 2132//1007 2118//563 2119//998
f 2133//1008 2119//998 2120//999
f 2134//1009 2120//999 2121//1000
f 2121//1000 2129//1006 2134//1009
f 42//20 2135//1010 2136//1011
f 43//21 2136//1011 2137//1012
f 44//22 2137//1012 2138//1013
f 45//22 2138//1013 2139//1013
f 2141//1015 2135//1010 2140//1014
f 2142//1016 2136//1011 2141//1015
f 2138//1013 2142//1016 2143//1017
f 2139//1013 2143//1017 2144//1017
f 2146//1019 2140//1014 2145//1018
f 2147//1020 2141//1015 2146//1019
f 2143//1017 2147//1020 2148//1021
f 2144//1017 2148//1021 2149//1021
f 2146//1019 2150//1022 2151//1023
f 2152//1024 2146//1019 2151//1023
f 2148//1021 2152//1024 2153//1025
f 2149//1021 2153//1025 2154//1025
f 2161//1031 2155//1026 2160//1030
f 2157//1028 2161//1031 2162//1032
f 2158//1029 2162//1032 2163//1033
f 2159//1029 2163//1033 2164//1033
f 2161//1031 2165//1034 2166//1035
f 2162//1032 2166//1035 2167//1036
f 2163//1033 2167//1036 2168//1037
f 2164//1033 2168//1037 2169//1037
f 2171//1039 2165//1034 2170//1038
f 2172//1040 2166//1035 2171//1039
f 2168//1037 2172//1040 2173//1041
f 2169//1037 2173//1041 2174//1041
f 2171//1039 2175//1042 2176//1043
f 2177//1044 2171//1039 2176//1043
f 2173//1041 2177//1044 2178//1045
f 2174//1041 2178//1045 2179//1045
f 2186//6 2180//1046 2185//5
f 2182//1048 2186//6 2187//6
f 2183//1048 2187//6 2188//6
f 2184//1048 2188//6 2189//6
f 2186//6 2190//5 2191//6
f 2187//6 2191//6 2192//6
f 2188//6 2192//6 2193//6
f 2189//6 2193//6 2194//6
f 2191//6 2195//1049 2196//6
f 2192//6 2196//6 2197//6
f 2193//6 2197//6 2198//6
f 2194//6 2198//6 2199//6
f 2196//6 2200//1050 2201//6
f 2197//6 2201//6 2202//6
f 2198//6 2202//6 2203//6
f 2199//6 2203//6 2204//6
f 2201//6 2205//1051 2206//1052
f 2202//6 2206//1052 2207//1052
f 2203//6 2207//1052 2208//1052
f 2204//6 2208//1052 2209//1052
f 86//22 2139//1013 2210//1013
f 87//22 2210//1013 2211//1013
f 88//35 2211//1013 2212//1053
f 2213//1054 88//35 2212//1053
f 2214//1055 89//36 2213//1054
f 2210//1013 2144//1017 2215//1017
f 2211//1013 2215//1017 2216//1017
f 2212//1053 2216//1017 2217//1056
f 2213//1054 2217//1056 2218//1057
f 2214//1055 2218//1057 2219//1058
f 2215//1017 2149//1021 2220//1021
f 2216//1017 2220//1021 2221//1021
f 2217//1056 2221//1021 2222//1059
f 2218//1057 2222//1059 2223//1060
f 2219//1058 2223//1060 2224//1061
f 2220//1021 2154//1025 2225//1025
f 2221//1021 2225//1025 2226//1025
f 2222//1059 2226//1025 2227//1062
f 2223//1060 2227//1062 2228//1063
f 2229//1064 2223//1060 2228//1063
f 2230//1029 2164//1033 2235//1033
f 2231//1029 2235//1033 2236//1033
f 2232//1065 2236//1033 2237//1068
f 2238//1069 2232//1065 2237//1068
f 2234//1067 2238//1069 2239//1070
f 2235//1033 2169//1037 2240//1037
f 2236//1033 2240//1037 2241//1037
f 2237//1068 2241//1037 2242//1071
f 2243//1072 2237//1068 2242//1071
f 2244//1073 2238//1069 2243//1072
f 2240//1037 2174//1041 2245//1041
f 2241//1037 2245//1041 2246//1041
f 2242//1071 2246//1041 2247//1074
f 2243//1072 2247//1074 2248//1075
f 2244//1073 2248//1075 2249//1076
f 2245//1041 2179//1045 2250//1045
f 2246//1041 2250//1045 2251//1045
f 2247//1074 2251//1045 2252//1077
f 2248//1075 2252//1077 2253//1078
f 2254//1079 2248//1075 2253//1078
f 2255//1048 2189//6 2260//6
f 2256//1048 2260//6 2261//6
f 2257//1048 2261//6 2262//6
f 2258//1080 2262//6 2263//6
f 2259//1081 2263//6 2264//25
f 2260//6 2194//6 2265//6
f 2261//6 2265//6 2266//6
f 2262//6 2266//6 2267//6
f 2263//6 2267//6 2268//6
f 2264//25 2268//6 2269//25
f 2265//6 2199//6 2270//6
f 2266//6 2270//6 2271//6
f 2267//6 2271//6 2272//6
f 2268//6 2272//6 2273//6
f 2269//25 2273//6 2274//1082
f 2270//6 2204//6 2275//6
f 2271//6 2275//6 2276//6
f 2272//6 2276//6 2277//6
f 2273//6 2277//6 2278//6
f 2274//1082 2278//6 2279//1083
f 2275//6 2209//1052 2280//1052
f 2276//6 2280//1052 2281//1052
f 2277//6 2281//1052 2282//1052
f 2278//6 2282//1052 2283//1052
f 2284//1084 2278//6 2283//1052
f 2285//1085 41//19 896//406
f 2286//55 896//406 897//55
f 2287//1086 897//55 898//407
f 2288//1087 898//407 899//408
f 2289//1088 899//408 900//409
f 2290//1089 900//409 901//410
f 2291//1090 901//410 902//411
f 2292//1091 902//411 903//412
f 2285//1085 2140//1014 2135//1010
f 2294//55 2285//1085 2286//55
f 2295//1093 2286//55 2287//1086
f 2288//1087 2295//1093 2287//1086
f 2289//1088 2296//1094 2288//1087
f 2298//1096 2289//1088 2290//1089
f 2291//1090 2298//1096 2290//1089
f 2300//1098 2291//1090 2292//1091
f 2301//1099 2298//1096 2302//1100
f 2302//1100 2299//1097 2303//1101
f 2303//1101 2300//1098 2304//1102
f 2293//1092 2145//1018 2140//1014
f 2306//1104 2293//1092 2294//55
f 2307//1105 2294//55 2295//1093
f 2296//1094 2307//1105 2295//1093
f 2309//1107 2296//1094 2297//1095
f 2310//1108 2309//1107 2311//1109
f 2301//1099 2309//1107 2297//1095
f 2312//1110 2301//1099 2302//1100
f 2303//1101 2312//1110 2302//1100
f 2314//1112 2303//1101 2304//1102
f 2305//1103 2150//1022 2145//1018
f 2316//1114 2150//1022 2315//1113
f 2317//1115 2151//1023 2316//1114
f 2318//1116 2152//1024 2317//1115
f 2319//1116 2153//1025 2318//1116
f 2320//1117 2305//1103 2306//1104
f 2321//55 2306//1104 2307//1105
f 2322//1118 2307//1105 2308//1106
f 2310//1108 2322//1118 2308//1106
f 2324//1120 2310//1108 2311//1109
f 2312//1110 2324//1120 2311//1109
f 2313//1111 2325//1121 2312//1110
f 2327//1123 2313//1111 2314//1112
f 2328//1124 2324//1120 2329//1125
f 2330//1126 2324//1120 2325//1121
f 2331//1127 2325//1121 2326//1122
f 2331//1127 2327//1123 2332//1128
f 2334//1130 2328//1124 2329//1125
f 2335//1131 2329//1125 2330//1126
f 2336//1132 2330//1126 2331//1127
f 2336//1132 2332//1128 2337//1133
f 2338//1134 2334//1130 2339//1135
f 2340//1136 2334//1130 2335//1131
f 2341//1137 2335//1131 2336//1132
f 2341//1137 2337//1133 2342//1138
f 2344//1140 2315//1113 2343//1139
f 2345//1141 2316//1114 2344//1140
f 2318//1116 2345//1141 2346//1142
f 2319//1116 2346//1142 2347//1142
f 2320//1117 2343//1139 2315//1113
f 2349//1144 2320//1117 2321//55
f 2350//55 2321//55 2322//1118
f 2351//1145 2322//1118 2323//1119
f 2328//1124 2351//1145 2323//1119
f 2333//1129 2352//1146 2328//1124
f 2338//1134 2353//1147 2333//1129
f 2355//1149 2338//1134 2339//1135
f 2356//1150 2339//1135 2340//1136
f 2357//1150 2340//1136 2341//1137
f 2358//1150 2341//1137 2342//1138
f 2344//1140 2359//1151 2360//1152
f 2361//1153 2344//1140 2360//1152
f 2346//1142 2361//1153 2362//1154
f 2347//1142 2362//1154 2363//1154
f 2348//1143 2359//1151 2343//1139
f 2365//1156 2359//1151 2364//1155
f 2366//1157 2360//1152 2365//1156
f 2367//1158 2361//1153 2366//1157
f 2368//1158 2362//1154 2367//1158
f 2349//1144 2364//1155 2348//1143
f 2370//55 2349//1144 2350//55
f 2371//55 2350//55 2351//1145
f 2372//1160 2351//1145 2352//1146
f 2353//1147 2372//1160 2352//1146
f 2378//1165 2353//1147 2354//1148
f 2379//1166 2373//1161 2378//1165
f 2355//1149 2378//1165 2354//1148
f 2379//1166 2375//1163 2374//1162
f 2380//1167 2355//1149 2356//1150
f 2381//1167 2375//1163 2380//1167
f 2381//1167 2356//1150 2357//1150
f 2382//1167 2376//1164 2381//1167
f 2382//1167 2357//1150 2358//1150
f 2365//1156 2383//1168 2384//1169
f 2385//1170 2365//1156 2384//1169
f 2367//1158 2385//1170 2386//1171
f 2368//1158 2386//1171 2387//1171
f 2369//1159 2383//1168 2364//1155
f 2389//1173 2383//1168 2388//1172
f 2389//1173 2385//1170 2384//1169
f 2391//1175 2385//1170 2390//1174
f 2392//1175 2386//1171 2391//1175
f 2393//1176 2369//1159 2370//55
f 2394//1177 2370//55 2371//55
f 2395//1178 2371//55 2372//1160
f 2396//1179 2372//1160 2373//1161
f 2374//1162 2396//1179 2373//1161
f 2398//1181 2374//1162 2375//1163
f 2399//1164 2375//1163 2376//1164
f 2400//1164 2376//1164 2377//1164
f 2389//1173 2401//1182 2402//1183
f 2390//1174 2402//1183 2403//1184
f 2391//1175 2403//1184 2404//1185
f 2392//1175 2404//1185 2405//1185
f 2393//1176 2401//1182 2388//1172
f 2406//1186 2402//1183 2401//1182
f 2407//1187 2403//1184 2402//1183
f 2409//1189 2403//1184 2408//1188
f 2410//1189 2404//1185 2409//1189
f 2394//1177 2406//1186 2393//1176
f 2412//1191 2406//1186 2411//1190
f 2412//1191 2408//1188 2407//1187
f 2414//1193 2408//1188 2413//1192
f 2415//1193 2409//1189 2414//1193
f 2416//1194 2394//1177 2395//1178
f 2417//1195 2395//1178 2396//1179
f 2418//1196 2396//1179 2397//1180
f 2419//1197 2397//1180 2398//1181
f 2420//1198 2398//1181 2399//1164
f 2421//1198 2399//1164 2400//1164
f 2423//1200 1100//564 2422//1199
f 2424//1201 1101//565 2423//1200
f 2425//1202 1102//566 2424//1201
f 1104//568 2425//1202 2426//1203
f 1105//569 2422//1199 1100//564
f 2428//55 1105//569 1106//55
f 2429//1205 1106//55 1107//570
f 1108//571 2429//1205 1107//570
f 1109//572 2430//1206 1108//571
f 1110//573 2431//1207 1109//572
f 2433//1209 1110//573 1111//574
f 2434//1209 1111//574 1112//574
f 2423//1200 2435//1210 2436//1211
f 2424//1201 2436//1211 2437//1212
f 2425//1202 2437//1212 2438//1213
f 2426//1203 2438//1213 2439//1214
f 2440//1215 2422//1199 2427//1204
f 2441//55 2427//1204 2428//55
f 2442//1216 2428//55 2429//1205
f 2443//1217 2429//1205 2430//1206
f 2444//1218 2430//1206 2431//1207
f 2445//1219 2431//1207 2432//1208
f 2446//1220 2432//1208 2433//1209
f 2447//1220 2433//1209 2434//1209
f 2454//1227 2448//1221 2449//1222
f 2454//1227 2435//1210 2453//1226
f 2455//1228 2449//1222 2450//1223
f 2437//1212 2454//1227 2455//1228
f 2456//1229 2450//1223 2451//1224
f 2438//1213 2455//1228 2456//1229
f 2456//1229 2452//1225 2457//1230
f 2439//1214 2456//1229 2457//1230
f 2458//1231 2435//1210 2440//1215
f 2459//55 2440//1215 2441//55
f 2460//1232 2441//55 2442//1216
f 2461//1233 2442//1216 2443//1217
f 2462//1234 2443//1217 2444//1218
f 2463//1235 2444//1218 2445//1219
f 2464//1236 2445//1219 2446//1220
f 2465//1236 2446//1220 2447//1220
f 2472//1243 2466//1237 2467//1238
f 2472//1243 2468//1239 2473//1244
f 2473//1244 2469//1240 2474//1245
f 2474//1245 2470//1241 2475//1246
f 2477//1248 2471//1242 2472//1243
f 2477//1248 2448//1221 2476//1247
f 2477//1248 2473//1244 2478//1249
f 2478//1249 2449//1222 2477//1248
f 2478//1249 2474//1245 2479//1250
f 2479//1250 2450//1223 2478//1249
f 2479//1250 2475//1246 2480//1251
f 2452//1225 2479//1250 2480//1251
f 2481//1252 2448//1221 2453//1226
f 2482//359 2453//1226 2458//1231
f 2483//1253 2458//1231 2459//55
f 2460//1232 2483//1253 2459//55
f 2485//1255 2460//1232 2461//1233
f 2486//1256 2461//1233 2462//1234
f 2487//1257 2462//1234 2463//1235
f 2488//1258 2463//1235 2464//1236
f 2489//1258 2464//1236 2465//1236
f 2467//1238 2490//1259 2491//1260
f 2468//1239 2491//1260 2492//1261
f 2469//1240 2492//1261 2493//1262
f 2470//1241 2493//1262 2494//1262
f 2495//1263 2466//1237 2471//1242
f 2496//1264 2471//1242 2476//1247
f 2497//1265 2476//1247 2481//1252
f 2498//55 2481//1252 2482//359
f 2499//1266 2482//359 2483//1253
f 2500//1267 2483//1253 2484//1254
f 2505//1271 2484//1254 2485//1255
f 2505//1271 2501//1268 2500//1267
f 2486//1256 2505//1271 2485//1255
f 2506//1272 2502//1269 2501//1268
f 2507//1273 2486//1256 2487//1257
f 2508//1274 2502//1269 2507//1273
f 2508//1274 2487//1257 2488//1258
f 2509//1274 2503//1270 2508//1274
f 2509//1274 2488//1258 2489//1258
f 2511//1276 2490//1259 2510//1275
f 2512//1277 2491//1260 2511//1276
f 2493//1262 2512//1277 2513//1278
f 2494//1262 2513//1278 2514//1278
f 2495//1263 2510//1275 2490//1259
f 2496//1264 2515//1279 2495//1263
f 2517//55 2496//1264 2497//1265
f 2518//1280 2497//1265 2498//55
f 2499//1266 2518//1280 2498//55
f 2524//1285 2499//1266 2500//1267
f 2524//1285 2520//1282 2519//1281
f 2501//1268 2524//1285 2500//1267
f 2525//1286 2521//1283 2520//1282
f 2526//1287 2501//1268 2502//1269
f 2527//1288 2521//1283 2526//1287
f 2527//1288 2502//1269 2503//1270
f 2528//1288 2522//1284 2527//1288
f 2528//1288 2503//1270 2504//1270
f 2530//1290 2510//1275 2529//1289
f 2531//1291 2511//1276 2530//1290
f 2513//1278 2531//1291 2532//1292
f 2514//1278 2532//1292 2533//1292
f 2515//1279 2529//1289 2510//1275
f 2535//1294 2515//1279 2516//55
f 2536//1295 2516//55 2517//55
f 2518//1280 2536//1295 2517//55
f 2542//1300 2518//1280 2519//1281
f 2542//1300 2538//1297 2537//1296
f 2520//1282 2542//1300 2519//1281
f 2544//1302 2538//1297 2543//1301
f 2544//1302 2520//1282 2521//1283
f 2545//1303 2539//1298 2544//1302
f 2545//1303 2521//1283 2522//1284
f 2546//1303 2540//1299 2545//1303
f 2546//1303 2522//1284 2523//1284
f 2548//1305 2529//1289 2547//1304
f 2549//1306 2530//1290 2548//1305
f 2532//1292 2549//1306 2550//1307
f 2533//1292 2550//1307 2551//1307
f 2534//1293 2547//1304 2529//1289
f 2535//1294 2552//1308 2534//1293
f 2554//1310 2535//1294 2536//1295
f 2559//1314 2536//1295 2537//1296
f 2559//1314 2555//1311 2554//1310
f 2538//1297 2559//1314 2537//1296
f 2561//1316 2555//1311 2560//1315
f 2539//1298 2560//1315 2538//1297
f 2562//1317 2556//1312 2561//1316
f 2562//1317 2539//1298 2540//1299
f 2563//1317 2557//1313 2562//1317
f 2563//1317 2540//1299 2541//1299
f 2565//1319 2411//1190 2564//1318
f 2413//1192 2565//1319 2566//1320
f 2414//1193 2566//1320 2567//1321
f 2415//1193 2567//1321 2568//1321
f 2416//1194 2564//1318 2411//1190
f 2570//1323 2564//1318 2569//1322
f 2570//1323 2566//1320 2565//1319
f 2572//1325 2566//1320 2571//1324
f 2573//1325 2567//1321 2572//1325
f 2574//1326 2416//1194 2417//1195
f 2574//1326 2570//1323 2569//1322
f 2418//1196 2574//1326 2417//1195
f 2575//1327 2571//1324 2570//1323
f 2576//1328 2418//1196 2419//1197
f 2577//1329 2571//1324 2576//1328
f 2577//1329 2419//1197 2420//1198
f 2578//1329 2572//1325 2577//1329
f 2578//1329 2420//1198 2421//1198
f 2585//1335 2579//1330 2580//1331
f 2585//1335 2581//1332 2586//1336
f 2586//1336 2582//1333 2587//1337
f 2587//1337 2583//1333 2588//1337
f 2589//1338 2585//1335 2590//1339
f 2590//1339 2586//1336 2591//1340
f 2591//1340 2587//1337 2592//1341
f 2592//1341 2588//1337 2593//1341
f 2600//1347 2594//1342 2595//1343
f 2600//1347 2596//1344 2601//1348
f 2601//1348 2597//1345 2602//1349
f 2602//1349 2598//1345 2603//1349
f 2604//1350 2600//1347 2605//1351
f 2605//1351 2601//1348 2606//1352
f 2606//1352 2602//1349 2607//1353
f 2607//1353 2603//1349 2608//1353
f 2610//1355 2604//1350 2605//1351
f 2580//1331 2609//1354 2610//1355
f 2610//1355 2606//1352 2611//1356
f 2611//1356 2580//1331 2610//1355
f 2611//1356 2607//1353 2612//1357
f 2582//1333 2611//1356 2612//1357
f 2612//1357 2608//1353 2613//1357
f 2583//1333 2612//1357 2613//1357
f 2614//1358 2579//1330 2584//1334
f 2615//1359 2584//1334 2589//1338
f 2622//1365 2616//1360 2617//1361
f 2622//1365 2594//1342 2621//1364
f 2622//1365 2618//1362 2623//1366
f 2623//1366 2595//1343 2622//1365
f 2623//1366 2619//1363 2624//1367
f 2597//1345 2623//1366 2624//1367
f 2624//1367 2620//1363 2625//1367
f 2598//1345 2624//1367 2625//1367
f 2626//1368 2594//1342 2599//1346
f 2627//1369 2599//1346 2604//1350
f 2628//1370 2604//1350 2609//1354
f 2614//1358 2628//1370 2609//1354
f 2630//55 2614//1358 2615//1359
f 2637//1376 2631//1371 2632//1372
f 2637//1376 2616//1360 2636//1375
f 2637//1376 2633//1373 2638//1377
f 2618//1362 2637//1376 2638//1377
f 2638//1377 2634//1374 2639//1378
f 2619//1363 2638//1377 2639//1378
f 2639//1378 2635//1374 2640//1378
f 2620//1363 2639//1378 2640//1378
f 2641//1379 2616//1360 2621//1364
f 2642//1380 2621//1364 2626//1368
f 2627//1369 2642//1380 2626//1368
f 2644//55 2627//1369 2628//1370
f 2645//55 2628//1370 2629//55
f 2646//55 2629//55 2630//55
f 2632//1372 2647//1381 2648//1382
f 2633//1373 2648//1382 2649//1383
f 2634//1374 2649//1383 2650//1384
f 2635//1374 2650//1384 2651//1384
f 2652//1385 2631//1371 2636//1375
f 2653//359 2636//1375 2641//1379
f 2654//55 2641//1379 2642//1380
f 2655//55 2642//1380 2643//55
f 2656//1386 2643//55 2644//55
f 2657//1387 2644//55 2645//55
f 2658//1388 2645//55 2646//55
f 2659//1389 2590//1339 2660//1390
f 2660//1390 2591//1340 2661//1391
f 2661//1391 2592//1341 2662//1392
f 2662//1392 2593//1341 2663//1392
f 2664//1393 2660//1390 2665//1394
f 2665//1394 2661//1391 2666//1395
f 2666//1395 2662//1392 2667//1396
f 2667//1396 2663//1392 2668//1396
f 2669//1397 2665//1394 2670//1398
f 2670//1398 2666//1395 2671//1399
f 2671//1399 2667//1396 2672//1400
f 2672//1400 2668//1396 2673//1400
f 2674//1401 2670//1398 2675//1402
f 2675//1402 2671//1399 2676//1403
f 2676//1403 2672//1400 2677//1404
f 2677//1404 2673//1400 2678//1404
f 2680//1406 2674//1401 2675//1402
f 2681//1407 2675//1402 2676//1403
f 2681//1407 2677//1404 2682//1408
f 2682//1408 2678//1404 2683//1408
f 2685//1410 2679//1405 2680//1406
f 2686//1411 2680//1406 2681//1407
f 2686//1411 2682//1408 2687//1412
f 2687//1412 2683//1408 2688//1412
f 2690//1414 2684//1409 2685//1410
f 2691//1415 2685//1410 2686//1411
f 2691//1415 2687//1412 2692//1416
f 2692//1416 2688//1412 2693//1416
f 2695//1418 2689//1413 2690//1414
f 2696//1419 2690//1414 2691//1415
f 2696//1419 2692//1416 2697//1420
f 2697//1420 2693//1416 2698//1420
f 2699//1421 2589//1338 2659//1389
f 2700//1422 2659//1389 2664//1393
f 2701//1423 2664//1393 2669//1397
f 2702//1424 2669//1397 2674//1401
f 2679//1405 2702//1424 2674//1401
f 2684//1409 2703//1425 2679//1405
f 2689//1413 2704//1426 2684//1409
f 2694//1417 2705//1427 2689//1413
f 2707//55 2615//1359 2699//1421
f 2708//55 2699//1421 2700//1422
f 2709//55 2700//1422 2701//1423
f 2710//55 2701//1423 2702//1424
f 2711//55 2702//1424 2703//1425
f 2712//55 2703//1425 2704//1426
f 2713//55 2704//1426 2705//1427
f 2714//55 2705//1427 2706//1428
f 2715//55 2630//55 2707//55
f 2716//55 2707//55 2708//55
f 2717//55 2708//55 2709//55
f 2718//55 2709//55 2710//55
f 2719//55 2710//55 2711//55
f 2720//55 2711//55 2712//55
f 2721//55 2712//55 2713//55
f 2722//55 2713//55 2714//55
f 2723//1429 2646//55 2715//55
f 2724//1430 2715//55 2716//55
f 2725//1431 2716//55 2717//55
f 2726//1431 2717//55 2718//55
f 2727//1431 2718//55 2719//55
f 2728//1432 2719//55 2720//55
f 2729//1433 2720//55 2721//55
f 2730//1434 2721//55 2722//55
f 2548//1305 2731//1435 2732//1436
f 2733//1437 2548//1305 2732//1436
f 2550//1307 2733//1437 2734//1438
f 2551//1307 2734//1438 2735//1438
f 2552//1308 2731//1435 2547//1304
f 2737//1440 2731//1435 2736//1439
f 2737//1440 2733//1437 2732//1436
f 2739//1442 2733//1437 2738//1441
f 2740//1442 2734//1438 2739//1442
f 2741//1443 2552//1308 2553//1309
f 2742//1444 2736//1439 2741//1443
f 2743//1445 2737//1440 2742//1444
f 2744//1446 2738//1441 2743//1445
f 2745//1446 2739//1442 2744//1446
f 2746//1447 2553//1309 2554//1310
f 2746//1447 2742//1444 2741//1443
f 2555//1311 2746//1447 2554//1310
f 2748//1449 2742//1444 2747//1448
f 2556//1312 2747//1448 2555//1311
f 2749//1450 2743//1445 2748//1449
f 2749//1450 2556//1312 2557//1313
f 2750//1450 2744//1446 2749//1450
f 2750//1450 2557//1313 2558//1313
f 2752//1452 2694//1417 2695//1418
f 2753//1453 2695//1418 2696//1419
f 2753//1453 2697//1420 2754//1454
f 2754//1454 2698//1420 2755//1454
f 2756//1455 2752//1452 2757//1456
f 2758//1457 2752//1452 2753//1453
f 2758//1457 2754//1454 2759//1458
f 2759//1458 2755//1454 2760//1458
f 2751//1451 2706//1428 2694//1417
f 2756//1455 2761//1459 2751//1451
f 2757//1456 2762//1460 2756//1455
f 2764//1462 2757//1456 2758//1457
f 2765//1463 2758//1457 2759//1458
f 2766//1463 2759//1458 2760//1458
f 2767//1464 2763//1461 2768//1465
f 2769//1466 2763//1461 2764//1462
f 2769//1466 2765//1463 2770//1467
f 2770//1467 2766//1463 2771//1467
f 2772//1468 2768//1465 2773//1469
f 2774//1470 2768//1465 2769//1466
f 2774//1470 2770//1467 2775//1471
f 2775//1471 2771//1467 2776//1471
f 2777//1472 2706//1428 2761//1459
f 2778//1473 2761//1459 2762//1460
f 2767//1464 2778//1473 2762//1460
f 2772//1468 2779//1474 2767//1464
f 2781//1476 2772//1468 2773//1469
f 2782//1477 2773//1469 2774//1470
f 2783//1478 2774//1470 2775//1471
f 2784//1478 2775//1471 2776//1471
f 2785//1479 2781//1476 2786//1480
f 2787//1481 2781//1476 2782//1477
f 2787//1481 2783//1478 2788//1482
f 2788//1482 2784//1478 2789//1482
f 2791//1484 2785//1479 2786//1480
f 2792//1485 2786//1480 2787//1481
f 2792//1485 2788//1482 2793//1486
f 2793//1486 2789//1482 2794//1486
f 2795//55 2714//55 2777//1472
f 2796//55 2777//1472 2778//1473
f 2797//55 2778//1473 2779//1474
f 2798//1487 2779//1474 2780//1475
f 2785//1479 2798//1487 2780//1475
f 2790//1483 2799//1488 2785//1479
f 2801//1490 2790//1483 2791//1484
f 2802//1491 2791//1484 2792//1485
f 2803//1491 2792//1485 2793//1486
f 2804//1491 2793//1486 2794//1486
f 2805//1492 2801//1490 2806//1493
f 2806//1493 2802//1491 2807//1494
f 2807//1494 2803//1491 2808//1495
f 2808//1495 2804//1491 2809//1495
f 2810//1496 2722//55 2795//55
f 2811//1497 2795//55 2796//55
f 2812//1498 2796//55 2797//55
f 2813//55 2797//55 2798//1487
f 2814//1499 2798//1487 2799//1488
f 2800//1489 2814//1499 2799//1488
f 2805//1492 2815//1500 2800//1489
f 2806//1493 2816//1501 2805//1492
f 2807//1494 2817//1502 2806//1493
f 2819//1504 2807//1494 2808//1495
f 2820//1504 2808//1495 2809//1495
f 2821//1505 2156//1027 2822//1506
f 2822//1506 2647//1381 2821//1505
f 2823//1507 2156//1027 2157//1028
f 2649//1383 2822//1506 2823//1507
f 2823//1507 2158//1029 2824//1508
f 2650//1384 2823//1507 2824//1508
f 2824//1508 2159//1029 2825//1508
f 2651//1384 2824//1508 2825//1508
f 2826//1509 2647//1381 2652//1385
f 2827//55 2652//1385 2653//359
f 2828//1510 2653//359 2654//55
f 2829//1511 2654//55 2655//55
f 2656//1386 2829//1511 2655//55
f 2832//1514 2656//1386 2657//1387
f 2832//1514 2831//1513 2830//1512
f 2837//1519 2657//1387 2658//1388
f 2838//1520 2832//1514 2837//1519
f 2838//1520 2834//1516 2833//1515
f 2840//1522 2834//1516 2839//1521
f 2841//1523 2835//1517 2840//1522
f 2842//1524 2155//1026 2821//1505
f 2826//1509 2842//1524 2821//1505
f 2844//55 2826//1509 2827//55
f 2845//1525 2827//55 2828//1510
f 2846//1526 2828//1510 2829//1511
f 2851//1531 2829//1511 2830//1512
f 2851//1531 2847//1527 2846//1526
f 2831//1513 2851//1531 2830//1512
f 2853//1533 2847//1527 2852//1532
f 2854//1534 2848//1528 2853//1533
f 2855//1535 2849//1529 2854//1534
f 2856//1536 2831//1513 2833//1515
f 2856//1536 2853//1533 2852//1532
f 2834//1516 2856//1536 2833//1515
f 2858//1538 2853//1533 2857//1537
f 2835//1517 2857//1537 2834//1516
f 2859//1539 2854//1534 2858//1538
f 2859//1539 2835//1517 2836//1518
f 2860//1540 2160//1030 2842//1524
f 2861//55 2842//1524 2843//55
f 2862//1541 2843//55 2844//55
f 2845//1525 2862//1541 2844//55
f 2868//1547 2845//1525 2846//1526
f 2868//1547 2864//1543 2863//1542
f 2847//1527 2868//1547 2846//1526
f 2870//1549 2864//1543 2869//1548
f 2848//1528 2869//1548 2847//1527
f 2870//1549 2866//1545 2865//1544
f 2849//1529 2870//1549 2848//1528
f 2872//1551 2866//1545 2871//1550
f 2872//1551 2849//1529 2850//1530
f 2860//1540 2170//1038 2165//1034
f 2874//1553 2860//1540 2861//55
f 2875//1554 2861//55 2862//1541
f 2876//1555 2862//1541 2863//1542
f 2864//1543 2876//1555 2863//1542
f 2878//1557 2864//1543 2865//1544
f 2879//1558 2865//1544 2866//1545
f 2880//1559 2866//1545 2867//1546
f 2873//1552 2175//1042 2170//1038
f 2882//1561 2175//1042 2881//1560
f 2883//1562 2176//1043 2882//1561
f 2884//1563 2177//1044 2883//1562
f 2885//1564 2178//1045 2884//1563
f 2874//1553 2881//1560 2873//1552
f 2887//1566 2874//1553 2875//1554
f 2888//1567 2875//1554 2876//1555
f 2889//1568 2876//1555 2877//1556
f 2890//1569 2877//1556 2878//1557
f 2891//1570 2878//1557 2879//1558
f 2892//1571 2879//1558 2880//1559
f 2882//1561 2893//1572 2894//1573
f 2895//1574 2882//1561 2894//1573
f 2896//1575 2883//1562 2895//1574
f 2885//1564 2896//1575 2897//1576
f 2886//1565 2893//1572 2881//1560
f 2899//1578 2893//1572 2898//1577
f 2900//1579 2886//1565 2887//1566
f 2888//1567 2900//1579 2887//1566
f 2889//1568 2901//1580 2888//1567
f 2903//1582 2889//1568 2890//1569
f 2891//1570 2903//1582 2890//1569
f 2905//1584 2891//1570 2892//1571
f 2906//1585 2903//1582 2907//1586
f 2907//1586 2904//1583 2908//1587
f 2908//1587 2905//1584 2909//1587
f 2895//1574 2910//1588 2911//1589
f 2912//1590 2895//1574 2911//1589
f 2897//1576 2912//1590 2913//1591
f 2899//1578 2914//1592 2915//1593
f 2899//1578 2910//1588 2894//1573
f 2900//1579 2914//1592 2898//1577
f 2917//1595 2914//1592 2916//1594
f 2901//1580 2916//1594 2900//1579
f 2919//1597 2901//1580 2902//1581
f 2920//1598 2919//1597 2921//1599
f 2906//1585 2919//1597 2902//1581
f 2922//1600 2906//1585 2907//1586
f 2908//1587 2922//1600 2907//1586
f 2924//1602 2908//1587 2909//1587
f 2925//1603 2181//1047 2926//1604
f 2927//1605 2181//1047 2182//1048
f 2927//1605 2910//1588 2926//1604
f 2927//1605 2183//1048 2928//1606
f 2912//1590 2927//1605 2928//1606
f 2928//1606 2184//1048 2929//1606
f 2913//1591 2928//1606 2929//1606
f 2930//1607 2926//1604 2931//1608
f 2931//1608 2910//1588 2915//1593
f 2933//1610 2930//1607 2931//1608
f 2933//1610 2916//1594 2932//1609
f 2917//1595 2931//1608 2915//1593
f 2934//1611 2916//1594 2918//1596
f 2920//1598 2934//1611 2918//1596
f 2936//1613 2920//1598 2921//1599
f 2922//1600 2936//1613 2921//1599
f 2923//1601 2937//1614 2922//1600
f 2939//1616 2923//1601 2924//1602
f 2940//1617 2936//1613 2941//1618
f 2942//1619 2936//1613 2937//1614
f 2943//1620 2937//1614 2938//1615
f 2943//1620 2939//1616 2944//1621
f 2946//1623 2940//1617 2941//1618
f 2947//1624 2941//1618 2942//1619
f 2948//1625 2942//1619 2943//1620
f 2948//1625 2944//1621 2949//1626
f 2951//1628 2945//1622 2946//1623
f 2951//1628 2947//1624 2952//1629
f 2952//1629 2948//1625 2953//1630
f 2953//1630 2949//1626 2954//1337
f 2955//1631 2658//1388 2723//1429
f 2956//1632 2837//1519 2955//1631
f 2957//1633 2838//1520 2956//1632
f 2958//1634 2839//1521 2957//1633
f 2959//1635 2840//1522 2958//1634
f 2960//1636 2723//1429 2724//1430
f 2961//1637 2955//1631 2960//1636
f 2962//1638 2956//1632 2961//1637
f 2963//1639 2957//1633 2962//1638
f 2964//1640 2958//1634 2963//1639
f 2965//1641 2724//1430 2725//1431
f 2966//1642 2960//1636 2965//1641
f 2967//1643 2961//1637 2966//1642
f 2968//1644 2962//1638 2967//1643
f 2969//1644 2963//1639 2968//1644
f 2970//1645 2725//1431 2726//1431
f 2971//1646 2965//1641 2970//1645
f 2972//1647 2966//1642 2971//1646
f 2973//92 2967//1643 2972//1647
f 2974//92 2968//1644 2973//92
f 2975//1648 2726//1431 2727//1431
f 2976//1649 2970//1645 2975//1648
f 2977//1650 2971//1646 2976//1649
f 2978//1651 2972//1647 2977//1650
f 2979//1651 2973//92 2978//1651
f 2728//1432 2975//1648 2727//1431
f 2980//1652 2976//1649 2975//1648
f 2981//1653 2977//1650 2976//1649
f 2983//1655 2977//1650 2982//1654
f 2984//1655 2978//1651 2983//1655
f 2729//1433 2980//1652 2728//1432
f 2985//1656 2981//1653 2980//1652
f 2986//1657 2982//1654 2981//1653
f 2987//1658 2983//1655 2982//1654
f 2989//1660 2983//1655 2988//1659
f 2730//1434 2985//1656 2729//1433
f 2990//1661 2986//1657 2985//1656
f 2991//1662 2987//1658 2986//1657
f 2992//1663 2988//1659 2987//1658
f 2994//1665 2988//1659 2993//1664
f 3001//1671 2995//1666 2996//1667
f 3001//1671 2997//1668 3002//1672
f 3002//1672 2998//1669 3003//1673
f 3003//1673 2999//1669 3004//1673
f 3006//1675 3000//1670 3001//1671
f 3006//1675 3002//1672 3007//1676
f 3007//1676 3003//1673 3008//1677
f 3008//1677 3004//1673 3009//1677
f 3011//1679 3005//1674 3006//1675
f 3012//1680 3006//1675 3007//1676
f 3012//1680 3008//1677 3013//1681
f 3013//1681 3009//1677 3014//1681
f 3015//1682 3011//1679 3016//1683
f 3016//1683 3012//1680 3017//1684
f 3017//1684 3013//1681 3018//1685
f 3018//1685 3014//1681 3019//1685
f 3021//1687 2995//1666 3020//1686
f 3022//1688 2996//1667 3021//1687
f 2998//1669 3022//1688 3023//1688
f 2999//1669 3023//1688 3024//1688
f 3025//1689 2995//1666 3000//1670
f 3026//1690 3000//1670 3005//1674
f 3010//1678 3026//1690 3005//1674
f 3015//1682 3027//1691 3010//1678
f 3029//1693 3015//1682 3016//1683
f 3017//1684 3029//1693 3016//1683
f 3031//1695 3017//1684 3018//1685
f 3032//1695 3018//1685 3019//1685
f 3021//1687 3033//1696 3034//1697
f 3035//1698 3021//1687 3034//1697
f 3023//1688 3035//1698 3036//1699
f 3024//1688 3036//1699 3037//1700
f 3025//1689 3033//1696 3020//1686
f 3039//1702 3033//1696 3038//1701
f 3040//1703 3025//1689 3026//1690
f 3041//1704 3026//1690 3027//1691
f 3042//1705 3027//1691 3028//1692
f 3029//1693 3042//1705 3028//1692
f 3030//1694 3043//1706 3029//1693
f 3045//1708 3030//1694 3031//1695
f 3046//1708 3031//1695 3032//1695
f 3035//1698 3047//1709 3048//1710
f 3036//1699 3048//1710 3049//1711
f 3037//1700 3049//1711 3050//1712
f 3039//1702 3051//1713 3052//1714
f 3039//1702 3047//1709 3034//1697
f 3040//1703 3051//1713 3038//1701
f 3054//1704 3040//1703 3041//1704
f 3055//1716 3041//1704 3042//1705
f 3056//1717 3042//1705 3043//1706
f 3057//1718 3043//1706 3044//1707
f 3058//77 3044//1707 3045//1708
f 3059//77 3045//1708 3046//1708
f 3060//1719 2951//1628 3061//1720
f 3062//1721 2951//1628 2952//1629
f 3062//1721 3047//1709 3061//1720
f 3063//1722 2952//1629 2953//1630
f 3049//1711 3062//1721 3063//1722
f 3063//1722 2954//1337 3064//1723
f 3050//1712 3063//1722 3064//1723
f 3066//1725 3060//1719 3061//1720
f 3066//1725 3051//1713 3065//1724
f 3066//1725 3047//1709 3052//1714
f 3067//1726 3051//1713 3053//1715
f 3068//1704 3053//1715 3054//1704
f 3069//1716 3054//1704 3055//1716
f 3070//1717 3055//1716 3056//1717
f 3071//1718 3056//1717 3057//1718
f 3072//77 3057//1718 3058//77
f 3073//77 3058//77 3059//77
f 2810//1496 2990//1661 2730//1434
f 3079//1731 2991//1662 2990//1661
f 3080//1732 2992//1663 2991//1662
f 3081//1733 2993//1664 2992//1663
f 3083//1735 2993//1664 3082//1734
f 2811//1497 3079//1731 2810//1496
f 3085//1737 3079//1731 3084//1736
f 3085//1737 3081//1733 3080//1732
f 3086//1738 3082//1734 3081//1733
f 3088//1740 3082//1734 3087//1739
f 3089//1741 2811//1497 2812//1498
f 3090//1742 2812//1498 2813//55
f 3091//55 2813//55 2814//1499
f 3092//1743 2814//1499 2815//1500
f 2816//1501 3092//1743 2815//1500
f 3094//1745 2816//1501 2817//1502
f 2818//1503 3094//1745 2817//1502
f 3096//1747 2818//1503 2819//1504
f 3097//1747 2819//1504 2820//1504
f 3098//1748 3094//1745 3099//1749
f 3099//1749 3095//1746 3100//1750
f 3100//1750 3096//1747 3101//1751
f 3101//1751 3097//1747 3102//1751
f 3085//1737 3103//1752 3104//1753
f 3105//1754 3085//1737 3104//1753
f 3087//1739 3105//1754 3106//1755
f 3088//1740 3106//1755 3107//1755
f 3089//1741 3103//1752 3084//1736
f 3109//1757 3103//1752 3108//1756
f 3110//1758 3104//1753 3109//1757
f 3111//1759 3105//1754 3110//1758
f 3112//1759 3106//1755 3111//1759
f 3090//1742 3108//1756 3089//1741
f 3114//1761 3090//1742 3091//55
f 3115//1762 3091//55 3092//1743
f 3116//1763 3092//1743 3093//1744
f 3098//1748 3116//1763 3093//1744
f 3118//1765 3098//1748 3099//1749
f 3100//1750 3118//1765 3099//1749
f 3120//1767 3100//1750 3101//1751
f 3121//1767 3101//1751 3102//1751
f 3109//1757 3122//1768 3123//1769
f 3124//1770 3109//1757 3123//1769
f 3111//1759 3124//1770 3125//1771
f 3112//1759 3125//1771 3126//1771
f 3113//1760 3122//1768 3108//1756
f 3128//1773 3122//1768 3127//1772
f 3128//1773 3124//1770 3123//1769
f 3130//1775 3124//1770 3129//1774
f 3131//1776 3125//1771 3130//1775
f 3114//1761 3127//1772 3113//1760
f 3133//55 3114//1761 3115//1762
f 3134//1778 3115//1762 3116//1763
f 3117//1764 3134//1778 3116//1763
f 3118//1765 3135//1779 3117//1764
f 3119//1766 3136//1780 3118//1765
f 3138//1782 3119//1766 3120//1767
f 3139//1782 3120//1767 3121//1767
f 3141//1784 3127//1772 3140//1783
f 3129//1774 3141//1784 3142//1785
f 3143//1786 3129//1774 3142//1785
f 3131//1776 3143//1786 3144//1787
f 3132//1777 3140//1783 3127//1772
f 3146//55 3132//1777 3133//55
f 3147//1789 3133//55 3134//1778
f 3135//1779 3147//1789 3134//1778
f 3136//1780 3148//1790 3135//1779
f 3137//1781 3149//1791 3136//1780
f 3151//1793 3137//1781 3138//1782
f 3152//1793 3138//1782 3139//1782
f 3141//1784 3153//1794 3154//1795
f 3142//1785 3154//1795 3155//1796
f 3143//1786 3155//1796 3156//1797
f 3144//1787 3156//1797 3157//1798
f 3158//1799 3140//1783 3145//1788
f 3159//55 3145//1788 3146//55
f 3160//1800 3146//55 3147//1789
f 3148//1790 3160//1800 3147//1789
f 3149//1791 3161//1801 3148//1790
f 3150//1792 3162//1802 3149//1791
f 3164//1804 3150//1792 3151//1793
f 3165//1804 3151//1793 3152//1793
f 3172//1810 3166//1805 3167//1806
f 3172//1810 3153//1794 3171//1809
f 3172//1810 3168//1807 3173//1811
f 3155//1796 3172//1810 3173//1811
f 3174//1812 3168//1807 3169//1808
f 3156//1797 3173//1811 3174//1812
f 3174//1812 3170//1808 3175//1813
f 3157//1798 3174//1812 3175//1813
f 3176//1814 3153//1794 3158//1799
f 3177//55 3158//1799 3159//55
f 3178//1815 3159//55 3160//1800
f 3179//1816 3160//1800 3161//1801
f 3180//1817 3161//1801 3162//1802
f 3181//1818 3162//1802 3163//1803
f 3182//1819 3163//1803 3164//1804
f 3183//1819 3164//1804 3165//1804
f 3190//1825 3184//1820 3185//1821
f 3190//1825 3166//1805 3189//1824
f 3191//1826 3185//1821 3186//1822
f 3168//1807 3190//1825 3191//1826
f 3191//1826 3187//1823 3192//1827
f 3192//1827 3168//1807 3191//1826
f 3192//1827 3188//1823 3193//1827
f 3170//1808 3192//1827 3193//1827
f 3194//1828 3166//1805 3171//1809
f 3195//1829 3171//1809 3176//1814
f 3196//1830 3176//1814 3177//55
f 3178//1815 3196//1830 3177//55
f 3198//1832 3178//1815 3179//1816
f 3199//1833 3179//1816 3180//1817
f 3200//1834 3180//1817 3181//1818
f 3201//1835 3181//1818 3182//1819
f 3202//1835 3182//1819 3183//1819
f 3203//1836 3075//1728 3204//1837
f 3204//1837 3076//1729 3205//1838
f 3205//1838 3077//1730 3206//1839
f 3206//1839 3078//1730 3207//1839
f 3209//1841 3203//1836 3204//1837
f 3209//1841 3184//1820 3208//1840
f 3209//1841 3205//1838 3210//1842
f 3210//1842 3185//1821 3209//1841
f 3211//1843 3205//1838 3206//1839
f 3187//1823 3210//1842 3211//1843
f 3211//1843 3207//1839 3212//1843
f 3188//1823 3211//1843 3212//1843
f 3213//1844 3184//1820 3189//1824
f 3214//1845 3189//1824 3194//1828
f 3195//1829 3214//1845 3194//1828
f 3216//1846 3195//1829 3196//1830
f 3197//1831 3216//1846 3196//1830
f 3222//1851 3197//1831 3198//1832
f 3222//1851 3218//1848 3217//1847
f 3199//1833 3222//1851 3198//1832
f 3223//1852 3219//1849 3218//1848
f 3224//1853 3199//1833 3200//1834
f 3225//1854 3219//1849 3224//1853
f 3225//1854 3200//1834 3201//1835
f 3226//1854 3220//1850 3225//1854
f 3226//1854 3201//1835 3202//1835
f 3227//1855 2180//1046 2925//1603
f 3228//1856 2925//1603 2930//1607
f 3229//1857 2930//1607 2932//1609
f 2934//1611 3229//1857 2932//1609
f 3231//1859 2934//1611 2935//1612
f 2940//1617 3231//1859 2935//1612
f 2945//1622 3232//1860 2940//1617
f 2950//1627 3233//1861 2945//1622
f 3235//53 2185//5 3227//1855
f 3236//54 3227//1855 3228//1856
f 3237//55 3228//1856 3229//1857
f 3238//55 3229//1857 3230//1858
f 3239//55 3230//1858 3231//1859
f 3240//55 3231//1859 3232//1860
f 3241//55 3232//1860 3233//1861
f 3242//55 3233//1861 3234//1862
f 3243//1863 2190//5 3235//53
f 3244//1864 3235//53 3236//54
f 3245//1865 3236//54 3237//55
f 3246//1865 3237//55 3238//55
f 3247//1865 3238//55 3239//55
f 3248//1865 3239//55 3240//55
f 3249//1865 3240//55 3241//55
f 3250//1865 3241//55 3242//55
f 3251//1866 2195//1049 3243//1863
f 3252//1867 3243//1863 3244//1864
f 3253//1868 3244//1864 3245//1865
f 3254//1868 3245//1865 3246//1865
f 3255//1868 3246//1865 3247//1865
f 3256//1868 3247//1865 3248//1865
f 3257//1868 3248//1865 3249//1865
f 3258//1868 3249//1865 3250//1865
f 3251//1866 2205//1051 2200//1050
f 3260//1870 2205//1051 3259//1869
f 3261//1871 2206//1052 3260//1870
f 3262//1871 2207//1052 3261//1871
f 3263//1871 2208//1052 3262//1871
f 3252//1867 3259//1869 3251//1866
f 3265//1873 3259//1869 3264//1872
f 3266//1874 3260//1870 3265//1873
f 3267//1874 3261//1871 3266//1874
f 3268//1874 3262//1871 3267//1874
f 3269//1875 3252//1867 3253//1868
f 3270//1876 3264//1872 3269//1875
f 3271//92 3265//1873 3270//1876
f 3272//92 3266//1874 3271//92
f 3273//92 3267//1874 3272//92
f 3274//1875 3253//1868 3254//1868
f 3275//1876 3269//1875 3274//1875
f 3276//92 3270//1876 3275//1876
f 3277//92 3271//92 3276//92
f 3278//92 3272//92 3277//92
f 3279//1875 3254//1868 3255//1868
f 3280//1876 3274//1875 3279//1875
f 3281//92 3275//1876 3280//1876
f 3282//92 3276//92 3281//92
f 3283//92 3277//92 3282//92
f 3284//1875 3255//1868 3256//1868
f 3285//1876 3279//1875 3284//1875
f 3286//92 3280//1876 3285//1876
f 3287//92 3281//92 3286//92
f 3288//92 3282//92 3287//92
f 3289//1875 3256//1868 3257//1868
f 3290//1876 3284//1875 3289//1875
f 3291//92 3285//1876 3290//1876
f 3292//92 3286//92 3291//92
f 3293//92 3287//92 3292//92
f 3294//1875 3257//1868 3258//1868
f 3295//1876 3289//1875 3294//1875
f 3296//92 3290//1876 3295//1876
f 3297//92 3291//92 3296//92
f 3298//92 3292//92 3297//92
f 3299//1877 2950//1627 3060//1719
f 3300//1878 3060//1719 3065//1724
f 3067//1726 3300//1878 3065//1724
f 3302//1704 3067//1726 3068//1704
f 3303//1716 3068//1704 3069//1716
f 3304//1717 3069//1716 3070//1717
f 3305//1718 3070//1717 3071//1718
f 3306//77 3071//1718 3072//77
f 3307//77 3072//77 3073//77
f 3075//1728 3308//1879 3309//1880
f 3076//1729 3309//1880 3310//1881
f 3077//1730 3310//1881 3311//1881
f 3078//1730 3311//1881 3312//1881
f 3313//55 3234//1862 3299//1877
f 3314//55 3299//1877 3300//1878
f 3315//55 3300//1878 3301//55
f 3316//1704 3301//55 3302//1704
f 3317//1716 3302//1704 3303//1716
f 3318//1717 3303//1716 3304//1717
f 3319//1718 3304//1717 3305//1718
f 3320//77 3305//1718 3306//77
f 3321//77 3306//77 3307//77
f 3322//1865 3242//55 3313//55
f 3323//1865 3313//55 3314//55
f 3324//1865 3314//55 3315//55
f 3325//1882 3315//55 3316//1704
f 3326//1883 3316//1704 3317//1716
f 3327//1884 3317//1716 3318//1717
f 3328//1885 3318//1717 3319//1718
f 3329//1886 3319//1718 3320//77
f 3330//1886 3320//77 3321//77
f 3331//1868 3250//1865 3322//1865
f 3332//1868 3322//1865 3323//1865
f 3333//1868 3323//1865 3324//1865
f 3334//1887 3324//1865 3325//1882
f 3335//1888 3325//1882 3326//1883
f 3336//1889 3326//1883 3327//1884
f 3337//1890 3327//1884 3328//1885
f 3338//1891 3328//1885 3329//1886
f 3339//1891 3329//1886 3330//1886
f 3340//1875 3258//1868 3331//1868
f 3341//1876 3294//1875 3340//1875
f 3342//92 3295//1876 3341//1876
f 3343//92 3296//92 3342//92
f 3344//92 3297//92 3343//92
f 3345//1875 3331//1868 3332//1868
f 3346//1876 3340//1875 3345//1875
f 3347//92 3341//1876 3346//1876
f 3348//92 3342//92 3347//92
f 3349//92 3343//92 3348//92
f 3350//1875 3332//1868 3333//1868
f 3351//1876 3345//1875 3350//1875
f 3352//92 3346//1876 3351//1876
f 3353//92 3347//92 3352//92
f 3354//92 3348//92 3353//92
f 3355//1892 3333//1868 3334//1887
f 3356//1893 3350//1875 3355//1892
f 3357//1894 3351//1876 3356//1893
f 3358//1894 3352//92 3357//1894
f 3359//1894 3353//92 3358//1894
f 3360//1895 3334//1887 3335//1888
f 3360//1895 3356//1893 3355//1892
f 3336//1889 3360//1895 3335//1888
f 3362//1897 3356//1893 3361//1896
f 3362//1897 3336//1889 3337//1890
f 3363//1898 3357//1894 3362//1897
f 3363//1898 3337//1890 3338//1891
f 3364//1898 3358//1894 3363//1898
f 3364//1898 3338//1891 3339//1891
f 3203//1836 3308//1879 3074//1727
f 3366//1900 3308//1879 3365//1899
f 3367//1901 3309//1880 3366//1900
f 3368//1292 3310//1881 3367//1901
f 3369//1292 3311//1881 3368//1292
f 3370//1902 3203//1836 3208//1840
f 3213//1844 3370//1902 3208//1840
f 3372//55 3213//1844 3214//1845
f 3373//1903 3214//1845 3215//55
f 3216//1846 3373//1903 3215//55
f 3375//1905 3216//1846 3217//1847
f 3218//1848 3375//1905 3217//1847
f 3377//1907 3218//1848 3219//1849
f 3378//1908 3219//1849 3220//1850
f 3379//1908 3220//1850 3221//1850
f 3381//1910 3365//1899 3380//1909
f 3382//1911 3366//1900 3381//1910
f 3368//1292 3382//1911 3383//1292
f 3369//1292 3383//1292 3384//1292
f 3370//1902 3380//1909 3365//1899
f 3386//55 3370//1902 3371//55
f 3387//1913 3371//55 3372//55
f 3388//1914 3372//55 3373//1903
f 3389//1915 3373//1903 3374//1904
f 3394//1918 3374//1904 3375//1905
f 3394//1918 3390//1916 3389//1915
f 3395//1919 3375//1905 3376//1906
f 3396//1920 3390//1916 3395//1919
f 3396//1920 3376//1906 3377//1907
f 3397//1921 3391//1917 3396//1920
f 3397//1921 3377//1907 3378//1908
f 3398//1921 3392//1917 3397//1921
f 3398//1921 3378//1908 3379//1908
f 3400//1923 3380//1909 3399//1922
f 3401//1924 3381//1910 3400//1923
f 3383//1292 3401//1924 3402//1292
f 3384//1292 3402//1292 3403//1292
f 3385//1912 3399//1922 3380//1909
f 3405//1926 3385//1912 3386//55
f 3387//1913 3405//1926 3386//55
f 3411//1931 3387//1913 3388//1914
f 3411//1931 3407//1928 3406//1927
f 3413//1933 3407//1928 3412//1932
f 3414//1934 3408//1929 3413//1933
f 3415//1934 3409//1930 3414//1934
f 3416//1935 3388//1914 3389//1915
f 3417//1936 3411//1931 3416//1935
f 3390//1916 3416//1935 3389//1915
f 3418//1937 3412//1932 3417//1936
f 3418//1937 3390//1916 3391//1917
f 3419//1938 3413//1933 3418//1937
f 3419//1938 3391//1917 3392//1917
f 3420//1938 3414//1934 3419//1938
f 3420//1938 3392//1917 3393//1917
f 3422//1940 3399//1922 3421//1939
f 3423//1941 3400//1923 3422//1940
f 3402//1292 3423//1941 3424//1942
f 3403//1292 3424//1942 3425//1942
f 3404//1925 3421//1939 3399//1922
f 3431//1947 3404//1925 3405//1926
f 3432//1948 3426//1943 3431//1947
f 3433//1949 3427//1944 3432//1948
f 3434//1950 3428//1945 3433//1949
f 3435//1950 3429//1946 3434//1950
f 3436//1951 3405//1926 3406//1927
f 3436//1951 3432//1948 3431//1947
f 3437//1952 3406//1927 3407//1928
f 3438//1953 3432//1948 3437//1952
f 3408//1929 3437//1952 3407//1928
f 3439//1954 3433//1949 3438//1953
f 3439//1954 3408//1929 3409//1930
f 3440//1954 3434//1950 3439//1954
f 3440//1954 3409//1930 3410//1930
f 3422//1940 3441//1955 3442//1956
f 3443//1957 3422//1940 3442//1956
f 3424//1942 3443//1957 3444//1958
f 3425//1942 3444//1958 3445//1958
f 3446//1959 3421//1939 3426//1943
f 3446//1959 3442//1956 3441//1955
f 3427//1944 3446//1959 3426//1943
f 3448//1961 3442//1956 3447//1960
f 3428//1945 3447//1960 3427//1944
f 3449//1961 3443//1957 3448//1961
f 3449//1961 3428//1945 3429//1946
f 3450//1961 3444//1958 3449//1961
f 3450//1961 3429//1946 3430//1946
f 3451//1962 90//37 2214//1055
f 1919//589 3451//1962 3452//589
f 1920//872 3452//589 3453//1963
f 3454//1091 903//412 1921//412
f 3455//1964 1921//412 1922//873
f 1923//874 3455//1964 1922//873
f 1924//875 3456//1965 1923//874
f 1925//876 3457//1966 1924//875
f 3458//1967 1920//872 3453//1963
f 3451//1962 2219//1058 3459//1968
f 3452//589 3459//1968 3460//589
f 3453//1963 3460//589 3461//1969
f 3462//1098 2292//1091 3454//1091
f 3463//1970 3454//1091 3455//1964
f 3464//1971 3455//1964 3456//1965
f 3457//1966 3464//1971 3456//1965
f 3466//1973 3457//1966 3458//1967
f 3458//1967 3461//1969 3466//1973
f 2304//1102 3462//1098 3467//1102
f 3467//1102 3463//1970 3468//1974
f 3469//1975 3463//1970 3464//1971
f 3470//1976 3464//1971 3465//1972
f 3459//1968 2224//1061 3471//1977
f 3472//1978 3459//1968 3471//1977
f 3461//1969 3472//1978 3473//1979
f 3466//1973 3474//1980 3465//1972
f 3466//1973 3473//1979 3475//1981
f 3476//1112 2304//1102 3467//1102
f 3477//1982 3467//1102 3468//1974
f 3478//1983 3468//1974 3469//1975
f 3470//1976 3478//1983 3469//1975
f 3470//1976 3474//1980 3479//1984
f 3480//1985 3474//1980 3475//1981
f 3481//1116 2154//1025 2319//1116
f 3482//1116 2225//1025 3481//1116
f 3483//1986 2226//1025 3482//1116
f 3483//1986 2228//1063 2227//1062
f 3484//1987 2229//1064 2228//1063
f 3471//1977 2229//1064 3485//1988
f 3486//1989 3471//1977 3485//1988
f 3473//1979 3486//1989 3487//589
f 3488//1990 3473//1979 3487//589
f 3489//1123 2314//1112 3476//1112
f 3490//1991 3476//1112 3477//1982
f 3491//1992 3477//1982 3478//1983
f 3492//1993 3478//1983 3479//1984
f 3480//1985 3492//1993 3479//1984
f 3480//1985 3488//1990 3493//1994
f 2332//1128 3489//1123 3494//1128
f 3494//1128 3490//1991 3495//1995
f 3495//1995 3491//1992 3496//1996
f 3496//1996 3492//1993 3497//1997
f 3498//1998 3492//1993 3493//1994
f 2337//1133 3494//1128 3499//1133
f 3499//1133 3495//1995 3500//1999
f 3500//1999 3496//1996 3501//2000
f 3501//2000 3497//1997 3502//2001
f 3502//2001 3498//1998 3503//2002
f 2342//1138 3499//1133 3504//1138
f 3504//1138 3500//1999 3505//1137
f 3505//1137 3501//2000 3506//2003
f 3506//2003 3502//2001 3507//2004
f 3508//2005 3502//2001 3503//2002
f 3481//1116 2347//1142 3509//1142
f 3482//1116 3509//1142 3510//1142
f 3483//1986 3510//1142 3511//2006
f 3484//1987 3511//2006 3512//2007
f 3485//1988 3512//2007 3513//2008
f 3486//1989 3513//2008 3514//2009
f 3487//589 3514//2009 3515//2010
f 3488//1990 3515//2010 3516//589
f 3517//2011 3488//1990 3516//589
f 3498//1998 3517//2011 3518//2012
f 3503//2002 3518//2012 3519//2013
f 3520//1150 2342//1138 3504//1138
f 3521//1150 3504//1138 3505//1137
f 3522//1150 3505//1137 3506//2003
f 3523//2014 3506//2003 3507//2004
f 3508//2005 3523//2014 3507//2004
f 3508//2005 3519//2013 3524//2015
f 3509//1142 2363//1154 3525//1154
f 3510//1142 3525//1154 3526//1154
f 3511//2006 3526//1154 3527//2016
f 3512//2007 3527//2016 3528//2017
f 3529//2018 3512//2007 3528//2017
f 3530//1158 2363//1154 2368//1158
f 3531//1158 3525//1154 3530//1158
f 3532//2019 3526//1154 3531//1158
f 3532//2019 3528//2017 3527//2016
f 3533//2020 3529//2018 3528//2017
f 3514//2009 3529//2018 3534//2021
f 3515//2010 3534//2021 3535//2022
f 3516//589 3535//2022 3536//589
f 3517//2011 3536//589 3537//589
f 3518//2012 3537//589 3538//2023
f 3519//2013 3538//2023 3543//2026
f 3544//1167 2377//1164 2382//1167
f 3544//1167 2358//1150 3520//1150
f 3545//1167 3539//1164 3544//1167
f 3545//1167 3520//1150 3521//1150
f 3546//1167 3540//1164 3545//1167
f 3546//1167 3521//1150 3522//1150
f 3547//2027 3541//2024 3546//1167
f 3547//2027 3522//1150 3523//2014
f 3547//2027 3543//2026 3542//2025
f 3548//2028 3523//2014 3524//2015
f 3548//2028 3519//2013 3543//2026
f 3530//1158 2387//1171 3549//1171
f 3531//1158 3549//1171 3550//1171
f 3532//2019 3550//1171 3551//2029
f 3533//2020 3551//2029 3552//2030
f 3553//2031 3533//2020 3552//2030
f 3554//1175 2387//1171 2392//1175
f 3555//1175 3549//1171 3554//1175
f 3556//2032 3550//1171 3555//1175
f 3557//2033 3551//2029 3556//2032
f 3557//2033 3553//2031 3552//2030
f 3535//2022 3553//2031 3558//2034
f 3559//2035 3535//2022 3558//2034
f 3537//589 3559//2035 3560//2036
f 3538//2023 3560//2036 3561//2037
f 3562//1164 2377//1164 3539//1164
f 3563//1164 3539//1164 3540//1164
f 3564//2038 3540//1164 3541//2024
f 3542//2025 3564//2038 3541//2024
f 3566//2040 3542//2025 3543//2026
f 3566//2040 3538//2023 3561//2037
f 3554//1175 2405//1185 3567//1185
f 3555//1175 3567//1185 3568//1185
f 3556//2032 3568//1185 3569//2041
f 3570//2042 3556//2032 3569//2041
f 3571//2043 3557//2033 3570//2042
f 3572//1189 2405//1185 2410//1189
f 3573//1189 3567//1185 3572//1189
f 3574//2044 3568//1185 3573//1189
f 3575//2045 3569//2041 3574//2044
f 3576//2046 3570//2042 3575//2045
f 3559//2035 3571//2043 3576//2046
f 3577//1193 2410//1189 2415//1193
f 3578//1193 3572//1189 3577//1193
f 3579//2047 3573//1189 3578//1193
f 3580//2048 3574//2044 3579//2047
f 3580//2048 3576//2046 3575//2045
f 3560//2036 3576//2046 3581//2049
f 3582//2050 3560//2036 3581//2049
f 3583//1198 2400//1164 3562//1164
f 3584//1198 3562//1164 3563//1164
f 3585//2051 3563//1164 3564//2038
f 3565//2039 3585//2051 3564//2038
f 3566//2040 3586//2052 3565//2039
f 3587//2053 3561//2037 3582//2050
f 2122//568 2426//1203 3588//1203
f 2123//1001 3588//1203 3589//2054
f 2124//1002 3589//2054 3590//2055
f 2125//1003 3590//2055 3591//2056
f 2126//1004 3591//2056 3592//2057
f 2127//1005 3592//2057 3593//2058
f 2128//589 3593//2058 3594//589
f 2129//1006 3594//589 3595//2059
f 3596//1209 1112//574 2130//574
f 3597//1209 2130//574 2131//574
f 3598//2060 2131//574 2132//1007
f 3599//2061 2132//1007 2133//1008
f 3600//2062 2133//1008 2134//1009
f 2134//1009 3595//2059 3600//2062
f 3588//1203 2439//1214 3601//1214
f 3589//2054 3601//1214 3602//2063
f 3603//2064 3589//2054 3602//2063
f 3604//2065 3590//2055 3603//2064
f 3605//2066 3591//2056 3604//2065
f 3606//2067 3592//2057 3605//2066
f 3594//589 3606//2067 3607//589
f 3595//2059 3607//589 3608//2068
f 3609//1220 2434//1209 3596//1209
f 3610//1220 3596//1209 3597//1209
f 3611//2069 3597//1209 3598//2060
f 3599//2061 3611//2069 3598//2060
f 3600//2062 3612//2070 3599//2061
f 3613//2071 3595//2059 3608//2068
f 2457//1230 3614//1225 3619//1230
f 3601//1214 2457//1230 3619//1230
f 3619//1230 3615//2072 3620//2076
f 3602//2063 3619//1230 3620//2076
f 3620//2076 3616//2073 3621//2077
f 3621//2077 3602//2063 3620//2076
f 3621//2077 3617//2074 3622//2078
f 3622//2078 3603//2064 3621//2077
f 3622//2078 3618//2075 3623//2079
f 3605//2066 3622//2078 3623//2079
f 3624//2080 3605//2066 3623//2079
f 3607//589 3624//2080 3625//589
f 3608//2068 3625//589 3626//2081
f 3627//1236 2447//1220 3609//1220
f 3628//1236 3609//1220 3610//1220
f 3629//2082 3610//1220 3611//2069
f 3612//2070 3629//2082 3611//2069
f 3613//2071 3630//2083 3612//2070
f 3631//2084 3608//2068 3626//2081
f 2475//1246 3632//1241 3637//1246
f 3637//1246 3633//2085 3638//2089
f 3639//2090 3633//2085 3634//2086
f 3640//2091 3634//2086 3635//2087
f 3640//2091 3636//2088 3641//2092
f 2480//1251 3637//1246 3642//1251
f 3614//1225 2480//1251 3642//1251
f 3642//1251 3638//2089 3643//2093
f 3615//2072 3642//1251 3643//2093
f 3644//2094 3638//2089 3639//2090
f 3616//2073 3643//2093 3644//2094
f 3645//2095 3639//2090 3640//2091
f 3617//2074 3644//2094 3645//2095
f 3645//2095 3641//2092 3646//2096
f 3618//2075 3645//2095 3646//2096
f 3647//2097 3618//2075 3646//2096
f 3648//832 3623//2079 3647//2097
f 3625//589 3648//832 3649//2098
f 3626//2081 3649//2098 3650//2099
f 3651//1258 2465//1236 3627//1236
f 3652//1258 3627//1236 3628//1236
f 3653//2100 3628//1236 3629//2082
f 3630//2083 3653//2100 3629//2082
f 3631//2084 3654//2101 3630//2083
f 3655//2102 3626//2081 3650//2099
f 3632//1241 2494//1262 3656//1262
f 3633//2085 3656//1262 3657//1262
f 3634//2086 3657//1262 3658//2103
f 3659//2104 3634//2086 3658//2103
f 3660//2105 3635//2087 3659//2104
f 3661//2106 3636//2088 3660//2105
f 3662//2107 3641//2092 3661//2106
f 3663//2108 3646//2096 3662//2107
f 3648//832 3663//2108 3664//589
f 3649//2098 3664//589 3665//2109
f 3670//2112 3649//2098 3665//2109
f 3671//1274 2504//1270 2509//1274
f 3671//1274 2489//1258 3651//1258
f 3672//1274 3666//1270 3671//1274
f 3672//1274 3651//1258 3652//1258
f 3673//2113 3667//1270 3672//1274
f 3673//2113 3652//1258 3653//2100
f 3674//2114 3668//2110 3673//2113
f 3654//2101 3673//2113 3653//2100
f 3675//2115 3669//2111 3674//2114
f 3675//2115 3654//2101 3655//2102
f 3675//2115 3650//2099 3670//2112
f 3656//1262 2514//1278 3676//1278
f 3657//1262 3676//1278 3677//1278
f 3658//2103 3677//1278 3678//2116
f 3659//2104 3678//2116 3679//2117
f 3660//2105 3679//2117 3680//2118
f 3661//2106 3680//2118 3681//2119
f 3662//2107 3681//2119 3682//589
f 3663//2108 3682//589 3683//589
f 3664//589 3683//589 3684//2120
f 3665//2109 3684//2120 3689//2123
f 3690//1288 2523//1284 2528//1288
f 3690//1288 2504//1270 3666//1270
f 3691//1288 3685//1284 3690//1288
f 3691//1288 3666//1270 3667//1270
f 3692//2124 3686//1284 3691//1288
f 3692//2124 3667//1270 3668//2110
f 3693//2125 3687//2121 3692//2124
f 3669//2111 3692//2124 3668//2110
f 3694//2126 3688//2122 3693//2125
f 3694//2126 3669//2111 3670//2112
f 3694//2126 3665//2109 3689//2123
f 3676//1278 2533//1292 3695//1292
f 3677//1278 3695//1292 3696//1292
f 3678//2116 3696//1292 3697//2127
f 3679//2117 3697//2127 3698//2128
f 3680//2118 3698//2128 3699//2129
f 3681//2119 3699//2129 3700//2130
f 3682//589 3700//2130 3701//2131
f 3683//589 3701//2131 3702//2132
f 3684//2120 3702//2132 3707//2135
f 3708//1303 2541//1299 2546//1303
f 3708//1303 2523//1284 3685//1284
f 3709//1303 3703//1299 3708//1303
f 3709//1303 3685//1284 3686//1284
f 3710//2136 3704//1299 3709//1303
f 3710//2136 3686//1284 3687//2121
f 3710//2136 3706//2134 3705//2133
f 3688//2122 3710//2136 3687//2121
f 3712//2138 3706//2134 3711//2137
f 3712//2138 3688//2122 3689//2123
f 3712//2138 3684//2120 3707//2135
f 3695//1292 2551//1307 3713//1307
f 3696//1292 3713//1307 3714//1307
f 3697//2127 3714//1307 3715//2139
f 3698//2128 3715//2139 3716//2140
f 3699//2129 3716//2140 3717//2141
f 3700//2130 3717//2141 3718//2142
f 3701//2131 3718//2142 3719//2143
f 3724//2146 3701//2131 3719//2143
f 3725//1317 2558//1313 2563//1317
f 3725//1317 2541//1299 3703//1299
f 3726//1317 3720//1313 3725//1317
f 3726//1317 3703//1299 3704//1299
f 3727//2147 3721//1313 3726//1317
f 3727//2147 3704//1299 3705//2133
f 3727//2147 3723//2145 3722//2144
f 3728//2148 3705//2133 3706//2134
f 3729//2149 3723//2145 3728//2148
f 3729//2149 3706//2134 3707//2135
f 3729//2149 3702//2132 3724//2146
f 3577//1193 2568//1321 3730//1321
f 3578//1193 3730//1321 3731//1321
f 3579//2047 3731//1321 3732//2150
f 3733//2151 3579//2047 3732//2150
f 3581//2049 3733//2151 3734//2152
f 3735//1325 2568//1321 2573//1325
f 3736//1325 3730//1321 3735//1325
f 3737//2153 3731//1321 3736//1325
f 3738//2154 3732//2150 3737//2153
f 3738//2154 3734//2152 3733//2151
f 3582//2050 3734//2152 3739//2155
f 3740//1329 2573//1325 2578//1329
f 3740//1329 2421//1198 3583//1198
f 3741//1329 3735//1325 3740//1329
f 3741//1329 3583//1198 3584//1198
f 3742//2156 3736//1325 3741//1329
f 3742//2156 3584//1198 3585//2051
f 3743//2157 3737//2153 3742//2156
f 3586//2052 3742//2156 3585//2051
f 3744//2158 3738//2154 3743//2157
f 3744//2158 3586//2052 3587//2053
f 3744//2158 3582//2050 3739//2155
f 2588//1337 3745//1333 3750//1337
f 3750//1337 3746//1333 3751//1337
f 3751//1337 3747//2159 3752//2162
f 3753//2163 3747//2159 3748//2160
f 3753//2163 3749//2161 3754//2164
f 2593//1341 3750//1337 3755//1341
f 3755//1341 3751//1337 3756//1341
f 3756//1341 3752//2162 3757//2165
f 3758//2166 3752//2162 3753//2163
f 3759//2167 3753//2163 3754//2164
f 2603//1349 3760//1345 3765//1349
f 3765//1349 3761//1345 3766//1349
f 3766//1349 3762//2168 3767//2171
f 3768//2172 3762//2168 3763//2169
f 3768//2172 3764//2170 3769//2173
f 2608//1353 3765//1349 3770//1353
f 3770//1353 3766//1349 3771//1353
f 3771//1353 3767//2171 3772//2174
f 3773//2175 3767//2171 3768//2172
f 3774//2176 3768//2172 3769//2173
f 2613//1357 3770//1353 3775//1357
f 3745//1333 2613//1357 3775//1357
f 3775//1357 3771//1353 3776//1357
f 3746//1333 3775//1357 3776//1357
f 3776//1357 3772//2174 3777//2177
f 3747//2159 3776//1357 3777//2177
f 3778//2178 3772//2174 3773//2175
f 3748//2160 3777//2177 3778//2178
f 3778//2178 3774//2176 3779//2179
f 3779//2179 3748//2160 3778//2178
f 3780//2180 3749//2161 3779//2179
f 3781//2181 3754//2164 3780//2180
f 2625//1367 3782//1363 3787//1367
f 3760//1345 2625//1367 3787//1367
f 3787//1367 3783//1363 3788//1367
f 3761//1345 3787//1367 3788//1367
f 3788//1367 3784//2182 3789//2185
f 3762//2168 3788//1367 3789//2185
f 3790//2186 3784//2182 3785//2183
f 3763//2169 3789//2185 3790//2186
f 3790//2186 3786//2184 3791//2187
f 3764//2170 3790//2186 3791//2187
f 3792//2188 3764//2170 3791//2187
f 3793//2189 3769//2173 3792//2188
f 3794//2190 3774//2176 3793//2189
f 3780//2180 3794//2190 3795//589
f 3781//2181 3795//589 3796//589
f 2640//1378 3797//1374 3802//1378
f 3782//1363 2640//1378 3802//1378
f 3802//1378 3798//1374 3803//1378
f 3783//1363 3802//1378 3803//1378
f 3803//1378 3799//2191 3804//2194
f 3784//2182 3803//1378 3804//2194
f 3805//2195 3799//2191 3800//2192
f 3805//2195 3784//2182 3804//2194
f 3805//2195 3801//2193 3806//2196
f 3786//2184 3805//2195 3806//2196
f 3807//2197 3786//2184 3806//2196
f 3808//2198 3791//2187 3807//2197
f 3793//2189 3808//2198 3809//589
f 3794//2190 3809//589 3810//589
f 3795//589 3810//589 3811//589
f 3796//589 3811//589 3812//589
f 3797//1374 2651//1384 3813//1384
f 3798//1374 3813//1384 3814//1384
f 3799//2191 3814//1384 3815//2199
f 3816//2200 3799//2191 3815//2199
f 3817//2201 3800//2192 3816//2200
f 3818//2202 3801//2193 3817//2201
f 3819//832 3806//2196 3818//2202
f 3808//2198 3819//832 3820//589
f 3809//589 3820//589 3821//589
f 3810//589 3821//589 3822//2203
f 3811//589 3822//2203 3823//2204
f 3812//589 3823//2204 3824//2205
f 2663//1392 3755//1341 3825//1392
f 3825//1392 3756//1341 3826//1392
f 3826//1392 3757//2165 3827//2206
f 3828//2207 3757//2165 3758//2166
f 3829//2208 3758//2166 3759//2167
f 2668//1396 3825//1392 3830//1396
f 3830//1396 3826//1392 3831//1396
f 3831//1396 3827//2206 3832//2209
f 3833//2210 3827//2206 3828//2207
f 3834//2211 3828//2207 3829//2208
f 2673//1400 3830//1396 3835//1400
f 3835//1400 3831//1396 3836//1400
f 3836//1400 3832//2209 3837//2212
f 3838//2213 3832//2209 3833//2210
f 3839//2214 3833//2210 3834//2211
f 2678//1404 3835//1400 3840//1404
f 3840//1404 3836//1400 3841//1404
f 3841//1404 3837//2212 3842//2215
f 3843//2216 3837//2212 3838//2213
f 3844//2217 3838//2213 3839//2214
f 2683//1408 3840//1404 3845//1408
f 3845//1408 3841//1404 3846//1408
f 3846//1408 3842//2215 3847//2218
f 3847//2218 3843//2216 3848//2219
f 3848//2219 3844//2217 3849//2220
f 2688//1412 3845//1408 3850//1412
f 3850//1412 3846//1408 3851//1412
f 3851//1412 3847//2218 3852//2221
f 3852//2221 3848//2219 3853//2222
f 3853//2222 3849//2220 3854//2223
f 2693//1416 3850//1412 3855//1416
f 3855//1416 3851//1412 3856//1416
f 3856//1416 3852//2221 3857//2224
f 3857//2224 3853//2222 3858//2225
f 3858//2225 3854//2223 3859//2226
f 2698//1420 3855//1416 3860//1420
f 3860//1420 3856//1416 3861//1420
f 3861//1420 3857//2224 3862//2227
f 3862//2227 3858//2225 3863//2228
f 3863//2228 3859//2226 3864//2229
f 3865//2230 3759//2167 3781//2181
f 3866//2231 3829//2208 3865//2230
f 3867//2232 3834//2211 3866//2231
f 3868//2233 3839//2214 3867//2232
f 3849//2220 3868//2233 3869//2234
f 3854//2223 3869//2234 3870//2235
f 3859//2226 3870//2235 3871//2236
f 3864//2229 3871//2236 3872//2237
f 3865//2230 3796//589 3873//589
f 3866//2231 3873//589 3874//589
f 3867//2232 3874//589 3875//589
f 3868//2233 3875//589 3876//589
f 3869//2234 3876//589 3877//589
f 3870//2235 3877//589 3878//589
f 3871//2236 3878//589 3879//589
f 3872//2237 3879//589 3880//589
f 3873//589 3812//589 3881//589
f 3874//589 3881//589 3882//589
f 3875//589 3882//589 3883//589
f 3876//589 3883//589 3884//589
f 3877//589 3884//589 3885//589
f 3878//589 3885//589 3886//589
f 3879//589 3886//589 3887//589
f 3880//589 3887//589 3888//589
f 3881//589 3824//2205 3889//2238
f 3882//589 3889//2238 3890//2239
f 3883//589 3890//2239 3891//2240
f 3884//589 3891//2240 3892//2240
f 3885//589 3892//2240 3893//2240
f 3886//589 3893//2240 3894//2241
f 3887//589 3894//2241 3895//2242
f 3888//589 3895//2242 3896//2243
f 3713//1307 2735//1438 3897//1438
f 3714//1307 3897//1438 3898//1438
f 3715//2139 3898//1438 3899//2244
f 3716//2140 3899//2244 3900//2245
f 3901//2246 3716//2140 3900//2245
f 3902//1442 2735//1438 2740//1442
f 3903//1442 3897//1438 3902//1442
f 3904//2247 3898//1438 3903//1442
f 3905//2248 3899//2244 3904//2247
f 3905//2248 3901//2246 3900//2245
f 3718//2142 3901//2246 3906//2249
f 3907//1446 2740//1442 2745//1446
f 3908//1446 3902//1442 3907//1446
f 3909//2250 3903//1442 3908//1446
f 3909//2250 3905//2248 3904//2247
f 3910//2251 3906//2249 3905//2248
f 3911//2252 3718//2142 3906//2249
f 3912//1450 2745//1446 2750//1450
f 3912//1450 2558//1313 3720//1313
f 3913//1450 3907//1446 3912//1450
f 3913//1450 3720//1313 3721//1313
f 3914//2253 3908//1446 3913//1450
f 3914//2253 3721//1313 3722//2144
f 3914//2253 3910//2251 3909//2250
f 3915//2254 3722//2144 3723//2145
f 3916//2255 3910//2251 3915//2254
f 3916//2255 3723//2145 3724//2146
f 3916//2255 3719//2143 3911//2252
f 2755//1454 3860//1420 3917//1454
f 3917//1454 3861//1420 3918//1454
f 3918//1454 3862//2227 3919//2256
f 3919//2256 3863//2228 3920//2257
f 3920//2257 3864//2229 3921//2258
f 2760//1458 3917//1454 3922//1458
f 3922//1458 3918//1454 3923//1458
f 3923//1458 3919//2256 3924//2259
f 3924//2259 3920//2257 3925//2260
f 3926//2261 3920//2257 3921//2258
f 3921//2258 3872//2237 3927//2262
f 3928//1463 2760//1458 3922//1458
f 3929//1463 3922//1458 3923//1458
f 3930//2263 3923//1458 3924//2259
f 3925//2260 3930//2263 3924//2259
f 3932//2265 3925//2260 3926//2261
f 3926//2261 3927//2262 3932//2265
f 2771//1467 3928//1463 3933//1467
f 3933//1467 3929//1463 3934//1467
f 3934//1467 3930//2263 3935//2266
f 3935//2266 3931//2264 3936//2267
f 3937//2268 3931//2264 3932//2265
f 2776//1471 3933//1467 3938//1471
f 3938//1471 3934//1467 3939//1471
f 3939//1471 3935//2266 3940//2269
f 3940//2269 3936//2267 3941//2270
f 3942//2271 3936//2267 3937//2268
f 3943//2272 3872//2237 3880//589
f 3944//2273 3927//2262 3943//2272
f 3937//2268 3944//2273 3945//2274
f 3946//1478 2776//1471 3938//1471
f 3947//1478 3938//1471 3939//1471
f 3948//2275 3939//1471 3940//2269
f 3941//2270 3948//2275 3940//2269
f 3942//2271 3949//2276 3941//2270
f 3942//2271 3945//2274 3950//2277
f 2789//1482 3946//1478 3951//1482
f 3951//1482 3947//1478 3952//1482
f 3952//1482 3948//2275 3953//2278
f 3953//2278 3949//2276 3954//2279
f 3955//2280 3949//2276 3950//2277
f 2794//1486 3951//1482 3956//1486
f 3956//1486 3952//1482 3957//1486
f 3957//1486 3953//2278 3958//2281
f 3958//2281 3954//2279 3959//2282
f 3959//2282 3955//2280 3960//2283
f 3943//2272 3888//589 3961//589
f 3944//2273 3961//589 3962//589
f 3945//2274 3962//589 3963//589
f 3964//2284 3945//2274 3963//589
f 3955//2280 3964//2284 3965//2285
f 3966//1491 2794//1486 3956//1486
f 3967//1491 3956//1486 3957//1486
f 3968//1491 3957//1486 3958//2281
f 3969//2286 3958//2281 3959//2282
f 3960//2283 3969//2286 3959//2282
f 3960//2283 3965//2285 3970//2287
f 2809//1495 3966//1491 3971//1495
f 3971//1495 3967//1491 3972//1495
f 3972//1495 3968//1491 3973//2288
f 3973//2288 3969//2286 3974//2289
f 3975//2290 3969//2286 3970//2287
f 3961//589 3896//2243 3976//2291
f 3962//589 3976//2291 3977//2292
f 3963//589 3977//2292 3978//2293
f 3964//2284 3978//2293 3979//589
f 3980//2294 3964//2284 3979//589
f 3970//2287 3980//2294 3981//2295
f 3982//1504 2809//1495 3971//1495
f 3983//1504 3971//1495 3972//1495
f 3984//2296 3972//1495 3973//2288
f 3985//2297 3973//2288 3974//2289
f 3986//2298 3974//2289 3975//2290
f 3975//2290 3981//2295 3986//2298
f 2825//1508 2230//1029 3987//1508
f 3813//1384 2825//1508 3987//1508
f 3987//1508 2231//1029 3988//1508
f 3814//1384 3987//1508 3988//1508
f 3988//1508 2232//1065 3989//2299
f 3815//2199 3988//1508 3989//2299
f 3989//2299 2233//1066 3990//2300
f 3990//2300 3815//2199 3989//2299
f 3991//2301 2233//1066 2234//1067
f 3817//2201 3990//2300 3991//2301
f 3992//2302 3817//2201 3991//2301
f 3819//832 3992//2302 3993//589
f 3820//589 3993//589 3994//2303
f 3821//589 3994//2303 3995//2304
f 3822//2203 3995//2304 3997//2306
f 4002//2310 3996//2305 4001//2309
f 4002//2310 3822//2203 3997//2306
f 4003//1523 2836//1518 2841//1523
f 4004//2311 3998//1518 4003//1523
f 4004//2311 4000//2308 3999//2307
f 4006//2313 4000//2308 4005//2312
f 4006//2313 4002//2310 4001//2309
f 4007//2314 3823//2204 4002//2310
f 4008//2315 2234//1067 2239//1070
f 3992//2302 4008//2315 4009//589
f 3993//589 4009//589 4010//589
f 3994//2303 4010//589 4011//2316
f 4016//2320 3994//2303 4011//2316
f 4017//1535 2850//1530 2855//1535
f 4018//2321 4012//1530 4017//1535
f 4018//2321 4014//2318 4013//2317
f 4019//2322 4015//2319 4014//2318
f 4021//2324 4015//2319 4020//2323
f 4021//2324 3996//2305 3997//2306
f 4021//2324 3995//2304 4016//2320
f 4022//1539 2855//1535 2859//1539
f 4022//1539 2836//1518 3998//1518
f 4023//2325 4017//1535 4022//1539
f 4023//2325 3998//1518 3999//2307
f 4023//2325 4019//2322 4018//2321
f 4024//2326 3999//2307 4000//2308
f 4025//2327 4019//2322 4024//2326
f 4025//2327 4000//2308 4001//2309
f 4025//2327 3996//2305 4020//2323
f 4026//2328 2239//1070 2244//1073
f 4009//589 4026//2328 4027//589
f 4010//589 4027//589 4028//2329
f 4011//2316 4028//2329 4033//2333
f 4034//1551 2867//1546 2872//1551
f 4034//1551 2850//1530 4012//1530
f 4035//2334 4029//1546 4034//1551
f 4035//2334 4012//1530 4013//2317
f 4036//2335 4030//2330 4035//2334
f 4036//2335 4013//2317 4014//2318
f 4036//2335 4032//2332 4031//2331
f 4037//2336 4014//2318 4015//2319
f 4038//2337 4032//2332 4037//2336
f 4038//2337 4015//2319 4016//2320
f 4038//2337 4011//2316 4033//2333
f 4026//2328 2249//1076 4039//2338
f 4040//2339 4026//2328 4039//2338
f 4028//2329 4040//2339 4041//2340
f 4042//1559 2867//1546 4029//1546
f 4043//2341 4029//1546 4030//2330
f 4031//2331 4043//2341 4030//2330
f 4032//2332 4044//2342 4031//2331
f 4046//2344 4032//2332 4033//2333
f 4046//2344 4028//2329 4041//2340
f 4047//1564 2179//1045 2885//1564
f 4048//2345 2250//1045 4047//1564
f 4048//2345 2252//1077 2251//1045
f 4049//2346 2253//1078 2252//1077
f 4050//2347 2254//1079 2253//1078
f 4039//2338 2254//1079 4051//2348
f 4040//2339 4051//2348 4052//2349
f 4041//2340 4052//2349 4053//2350
f 4054//1571 2880//1559 4042//1559
f 4055//2351 4042//1559 4043//2341
f 4044//2342 4055//2351 4043//2341
f 4045//2343 4056//2352 4044//2342
f 4046//2344 4057//2353 4045//2343
f 4058//2354 4041//2340 4053//2350
f 4047//1564 2897//1576 4059//1576
f 4048//2345 4059//1576 4060//2355
f 4049//2346 4060//2355 4061//2356
f 4050//2347 4061//2356 4062//2357
f 4063//2358 4050//2347 4062//2357
f 4064//2359 4063//2358 4062//2357
f 4052//2349 4063//2358 4065//2360
f 4066//2361 4052//2349 4065//2360
f 4067//1584 2892//1571 4054//1571
f 4068//2362 4054//1571 4055//2351
f 4069//2363 4055//2351 4056//2352
f 4057//2353 4069//2363 4056//2352
f 4071//2365 4057//2353 4058//2354
f 4058//2354 4066//2361 4071//2365
f 2909//1587 4067//1584 4072//1587
f 4072//1587 4068//2362 4073//1587
f 4074//2366 4068//2362 4069//2363
f 4075//2367 4069//2363 4070//2364
f 4059//1576 2913//1591 4076//1591
f 4060//2355 4076//1591 4077//2368
f 4061//2356 4077//2368 4078//2369
f 4079//2370 4061//2356 4078//2369
f 4064//2359 4079//2370 4080//2371
f 4081//2372 4064//2359 4080//2371
f 4082//2373 4081//2372 4080//2371
f 4066//2361 4081//2372 4083//2374
f 4071//2365 4084//2375 4070//2364
f 4071//2365 4083//2374 4085//2376
f 4086//1602 2909//1587 4072//1587
f 4087//2377 4072//1587 4073//1587
f 4088//2378 4073//1587 4074//2366
f 4075//2367 4088//2378 4074//2366
f 4075//2367 4084//2375 4089//2379
f 4090//2380 4084//2375 4085//2376
f 2929//1606 2255//1048 4091//1606
f 4076//1591 2929//1606 4091//1606
f 4091//1606 2256//1048 4092//1606
f 4077//2368 4091//1606 4092//1606
f 4092//1606 2257//1048 4093//2381
f 4093//2381 4077//2368 4092//1606
f 4093//2381 2258//1080 4094//2382
f 4079//2370 4093//2381 4094//2382
f 4095//2383 2258//1080 2259//1081
f 4096//2384 4079//2370 4094//2382
f 4097//2385 4094//2382 4095//2383
f 4082//2373 4096//2384 4098//2386
f 4098//2386 4097//2385 4099//2387
f 4083//2374 4098//2386 4099//2387
f 4100//2388 4083//2374 4099//2387
f 4101//1616 2924//1602 4086//1602
f 4102//2389 4086//1602 4087//2377
f 4103//2390 4087//2377 4088//2378
f 4104//2391 4088//2378 4089//2379
f 4090//2380 4104//2391 4089//2379
f 4090//2380 4100//2388 4105//2392
f 2944//1621 4101//1616 4106//1621
f 4106//1621 4102//2389 4107//2393
f 4107//2393 4103//2390 4108//2394
f 4108//2394 4104//2391 4109//2395
f 4110//2396 4104//2391 4105//2392
f 2949//1626 4106//1621 4111//1626
f 4111//1626 4107//2393 4112//2397
f 4112//2397 4108//2394 4113//2398
f 4113//2398 4109//2395 4114//2399
f 4114//2399 4110//2396 4115//2400
f 2954//1337 4111//1626 4116//1337
f 4116//1337 4112//2397 4117//2401
f 4118//2402 4112//2397 4113//2398
f 4119//2403 4113//2398 4114//2399
f 4119//2403 4115//2400 4120//2404
f 4121//1635 2841//1523 2959//1635
f 4122//2405 4003//1523 4121//1635
f 4122//2405 4005//2312 4004//2311
f 4123//2406 4006//2313 4005//2312
f 4124//2407 4007//2314 4006//2313
f 4125//2408 3824//2205 4007//2314
f 4126//1640 2959//1635 2964//1640
f 4127//2409 4121//1635 4126//1640
f 4127//2409 4123//2406 4122//2405
f 4128//2410 4124//2407 4123//2406
f 4129//2411 4125//2408 4124//2407
f 4130//2412 3889//2238 4125//2408
f 4131//1644 2964//1640 2969//1644
f 4132//1644 4126//1640 4131//1644
f 4133//2413 4127//2409 4132//1644
f 4133//2413 4129//2411 4128//2410
f 4134//2414 4130//2412 4129//2411
f 4135//2415 3890//2239 4130//2412
f 4136//92 2969//1644 2974//92
f 4137//92 4131//1644 4136//92
f 4138//2416 4132//1644 4137//92
f 4139//2417 4133//2413 4138//2416
f 4140//2418 4134//2414 4139//2417
f 3892//2240 4135//2415 4140//2418
f 4141//1651 2974//92 2979//1651
f 4142//1651 4136//92 4141//1651
f 4143//2419 4137//92 4142//1651
f 4144//2420 4138//2416 4143//2419
f 4145//2421 4139//2417 4144//2420
f 3893//2240 4140//2418 4145//2421
f 4146//1655 2979//1651 2984//1655
f 4147//1655 4141//1651 4146//1655
f 4148//2422 4142//1651 4147//1655
f 4149//2423 4143//2419 4148//2422
f 4150//2424 4144//2420 4149//2423
f 3894//2241 4145//2421 4150//2424
f 4151//1660 2984//1655 2989//1660
f 4152//2425 4146//1655 4151//1660
f 4153//2426 4147//1655 4152//2425
f 4154//2427 4148//2422 4153//2426
f 4155//2428 4149//2423 4154//2427
f 3895//2242 4150//2424 4155//2428
f 4156//1665 2989//1660 2994//1665
f 4157//2429 4151//1660 4156//1665
f 4158//2430 4152//2425 4157//2429
f 4159//2431 4153//2426 4158//2430
f 4160//2432 4154//2427 4159//2431
f 3896//2243 4155//2428 4160//2432
f 3004//1673 4161//1669 4166//1673
f 4166//1673 4162//1669 4167//1673
f 4167//1673 4163//2433 4168//2436
f 4169//2437 4163//2433 4164//2434
f 4169//2437 4165//2435 4170//2438
f 3009//1677 4166//1673 4171//1677
f 4171//1677 4167//1673 4172//1677
f 4172//1677 4168//2436 4173//2439
f 4174//2440 4168//2436 4169//2437
f 4174//2440 4170//2438 4175//2441
f 3014//1681 4171//1677 4176//1681
f 4176//1681 4172//1677 4177//1681
f 4177//1681 4173//2439 4178//2442
f 4178//2442 4174//2440 4179//2443
f 4179//2443 4175//2441 4180//2444
f 3019//1685 4176//1681 4181//1685
f 4181//1685 4177//1681 4182//1685
f 4182//1685 4178//2442 4183//2445
f 4184//2446 4178//2442 4179//2443
f 4185//2447 4179//2443 4180//2444
f 4161//1669 3024//1688 4186//1688
f 4162//1669 4186//1688 4187//1688
f 4163//2433 4187//1688 4188//1688
f 4164//2434 4188//1688 4189//2448
f 4165//2435 4189//2448 4190//2449
f 4191//2450 4165//2435 4190//2449
f 4192//2451 4170//2438 4191//2450
f 4180//2444 4192//2451 4193//2452
f 4194//1695 3019//1685 4181//1685
f 4195//1695 4181//1685 4182//1685
f 4196//2453 4182//1685 4183//2445
f 4197//2454 4183//2445 4184//2446
f 4185//2447 4197//2454 4184//2446
f 4185//2447 4193//2452 4198//2455
f 4186//1688 3037//1700 4199//1700
f 4187//1688 4199//1700 4200//2456
f 4188//1688 4200//2456 4201//2457
f 4189//2448 4201//2457 4202//2458
f 4203//2459 4189//2448 4202//2458
f 4204//2460 4203//2459 4202//2458
f 4191//2450 4203//2459 4205//2461
f 4206//2462 4191//2450 4205//2461
f 4193//2452 4206//2462 4207//2463
f 4208//1708 3032//1695 4194//1695
f 4209//1708 4194//1695 4195//1695
f 4210//2464 4195//1695 4196//2453
f 4211//2465 4196//2453 4197//2454
f 4212//2466 4197//2454 4198//2455
f 4198//2455 4207//2463 4212//2466
f 4199//1700 3050//1712 4213//1712
f 4200//2456 4213//1712 4214//2467
f 4215//2468 4200//2456 4214//2467
f 4216//2469 4201//2457 4215//2468
f 4204//2460 4216//2469 4217//2470
f 4218//2471 4204//2460 4217//2470
f 4206//2462 4218//2471 4219//2472
f 4207//2463 4219//2472 4220//2463
f 4221//77 3046//1708 4208//1708
f 4222//77 4208//1708 4209//1708
f 4223//2473 4209//1708 4210//2464
f 4224//2474 4210//2464 4211//2465
f 4225//2475 4211//2465 4212//2466
f 4212//2466 4220//2463 4225//2475
f 3064//1723 4116//1337 4226//1723
f 4213//1712 3064//1723 4226//1723
f 4226//1723 4117//2401 4227//2476
f 4214//2467 4226//1723 4227//2476
f 4227//2476 4118//2402 4228//2477
f 4228//2477 4214//2467 4227//2476
f 4228//2477 4119//2403 4229//2478
f 4216//2469 4228//2477 4229//2478
f 4230//2479 4119//2403 4120//2404
f 4231//2480 4216//2469 4229//2478
f 4231//2480 4230//2479 4232//2481
f 4218//2471 4231//2480 4232//2481
f 4233//2482 4218//2471 4232//2481
f 4220//2463 4233//2482 4234//2463
f 4235//77 3059//77 4221//77
f 4236//77 4221//77 4222//77
f 4237//2473 4222//77 4223//2473
f 4238//2474 4223//2473 4224//2474
f 4239//2475 4224//2474 4225//2475
f 4225//2475 4234//2463 4239//2475
f 4245//1735 2994//1665 3083//1735
f 4246//2486 4156//1665 4245//1735
f 4247//2487 4157//2429 4246//2486
f 4248//2488 4158//2430 4247//2487
f 4249//2489 4159//2431 4248//2488
f 3976//2291 4160//2432 4249//2489
f 4250//1740 3083//1735 3088//1740
f 4251//2490 4245//1735 4250//1740
f 4252//2491 4246//2486 4251//2490
f 4253//2492 4247//2487 4252//2491
f 4253//2492 4249//2489 4248//2488
f 3977//2292 4249//2489 4254//2493
f 4255//2494 3977//2292 4254//2493
f 4256//2495 3978//2293 4255//2494
f 3980//2294 4256//2495 4257//589
f 4258//2496 3980//2294 4257//589
f 4259//1747 2820//1504 3982//1504
f 4260//1747 3982//1504 3983//1504
f 4261//2497 3983//1504 3984//2296
f 4262//2498 3984//2296 3985//2297
f 3986//2298 4262//2498 3985//2297
f 3986//2298 4258//2496 4263//2499
f 3102//1751 4259//1747 4264//1751
f 4264//1751 4260//1747 4265//1751
f 4265//1751 4261//2497 4266//2500
f 4267//2501 4261//2497 4262//2498
f 4268//2502 4262//2498 4263//2499
f 4250//1740 3107//1755 4269//1755
f 4251//2490 4269//1755 4270//1755
f 4271//2503 4251//2490 4270//1755
f 4253//2492 4271//2503 4272//2504
f 4273//2505 4253//2492 4272//2504
f 4274//1759 3107//1755 3112//1759
f 4275//1759 4269//1755 4274//1759
f 4276//2506 4270//1755 4275//1759
f 4276//2506 4272//2504 4271//2503
f 4277//2507 4273//2505 4272//2504
f 4255//2494 4273//2505 4278//2508
f 4256//2495 4278//2508 4279//2509
f 4280//2510 4256//2495 4279//2509
f 4258//2496 4280//2510 4281//2511
f 4282//2512 4258//2496 4281//2511
f 4283//1767 3102//1751 4264//1751
f 4284//1767 4264//1751 4265//1751
f 4285//2513 4265//1751 4266//2500
f 4286//2514 4266//2500 4267//2501
f 4268//2502 4286//2514 4267//2501
f 4268//2502 4282//2512 4287//2515
f 4274//1759 3126//1771 4288//1771
f 4275//1759 4288//1771 4289//1771
f 4276//2506 4289//1771 4290//2516
f 4277//2507 4290//2516 4291//2517
f 4292//2518 4277//2507 4291//2517
f 4293//1776 3126//1771 3131//1776
f 4294//2519 4288//1771 4293//1776
f 4294//2519 4290//2516 4289//1771
f 4296//2521 4290//2516 4295//2520
f 4296//2521 4292//2518 4291//2517
f 4279//2509 4292//2518 4297//2522
f 4280//2510 4297//2522 4298//2523
f 4281//2511 4298//2523 4299//589
f 4300//2524 4281//2511 4299//589
f 4301//1782 3121//1767 4283//1767
f 4302//1782 4283//1767 4284//1767
f 4303//2525 4284//1767 4285//2513
f 4304//2526 4285//2513 4286//2514
f 4305//2527 4286//2514 4287//2515
f 4287//2515 4300//2524 4305//2527
f 4293//1776 3144//1787 4306//1787
f 4294//2519 4306//1787 4307//2528
f 4295//2520 4307//2528 4308//2529
f 4309//2530 4295//2520 4308//2529
f 4297//2522 4309//2530 4310//2531
f 4298//2523 4310//2531 4311//2532
f 4299//589 4311//2532 4312//589
f 4300//2524 4312//589 4313//2533
f 4314//1793 3139//1782 4301//1782
f 4315//1793 4301//1782 4302//1782
f 4316//2534 4302//1782 4303//2525
f 4317//2535 4303//2525 4304//2526
f 4318//2536 4304//2526 4305//2527
f 4305//2527 4313//2533 4318//2536
f 4306//1787 3157//1798 4319//1798
f 4307//2528 4319//1798 4320//2537
f 4321//2538 4307//2528 4320//2537
f 4322//2539 4308//2529 4321//2538
f 4323//2540 4309//2530 4322//2539
f 4324//2541 4310//2531 4323//2540
f 4312//589 4324//2541 4325//589
f 4313//2533 4325//589 4326//2542
f 4327//1804 3152//1793 4314//1793
f 4328//1804 4314//1793 4315//1793
f 4329//2543 4315//1793 4316//2534
f 4330//2544 4316//2534 4317//2535
f 4331//2545 4317//2535 4318//2536
f 4318//2536 4326//2542 4331//2545
f 3175//1813 4332//1808 4337//1813
f 4319//1798 3175//1813 4337//1813
f 4337//1813 4333//1808 4338//2549
f 4320//2537 4337//1813 4338//2549
f 4338//2549 4334//2546 4339//2550
f 4339//2550 4320//2537 4338//2549
f 4340//2551 4334//2546 4335//2547
f 4340//2551 4321//2538 4339//2550
f 4340//2551 4336//2548 4341//2552
f 4323//2540 4340//2551 4341//2552
f 4342//2553 4323//2540 4341//2552
f 4325//589 4342//2553 4343//589
f 4326//2542 4343//589 4344//2554
f 4345//1819 3165//1804 4327//1804
f 4346//1819 4327//1804 4328//1804
f 4347//2555 4328//1804 4329//2543
f 4330//2544 4347//2555 4329//2543
f 4331//2545 4348//2556 4330//2544
f 4349//2557 4326//2542 4344//2554
f 3193//1827 4350//1823 4355//1827
f 4332//1808 3193//1827 4355//1827
f 4355//1827 4351//1823 4356//1827
f 4333//1808 4355//1827 4356//1827
f 4357//2561 4351//1823 4352//2558
f 4334//2546 4356//1827 4357//2561
f 4357//2561 4353//2559 4358//2562
f 4358//2562 4334//2546 4357//2561
f 4358//2562 4354//2560 4359//2563
f 4336//2548 4358//2562 4359//2563
f 4360//2564 4336//2548 4359//2563
f 4361//2565 4341//2552 4360//2564
f 4343//589 4361//2565 4362//2566
f 4344//2554 4362//2566 4363//2567
f 4364//1835 3183//1819 4345//1819
f 4365//1835 4345//1819 4346//1819
f 4366//2568 4346//1819 4347//2555
f 4348//2556 4366//2568 4347//2555
f 4349//2557 4367//2569 4348//2556
f 4368//2570 4344//2554 4363//2567
f 3207//1839 4240//1730 4369//1839
f 4369//1839 4241//1730 4370//1839
f 4370//1839 4242//2483 4371//2571
f 4372//2572 4242//2483 4243//2484
f 4373//2573 4243//2484 4244//2485
f 3212//1843 4369//1839 4374//1843
f 4350//1823 3212//1843 4374//1843
f 4374//1843 4370//1839 4375//1843
f 4351//1823 4374//1843 4375//1843
f 4375//1843 4371//2571 4376//2574
f 4376//2574 4351//1823 4375//1843
f 4377//2575 4371//2571 4372//2572
f 4353//2559 4376//2574 4377//2575
f 4377//2575 4373//2573 4378//2576
f 4354//2560 4377//2575 4378//2576
f 4379//2577 4354//2560 4378//2576
f 4380//2578 4359//2563 4379//2577
f 4361//2565 4380//2578 4381//589
f 4362//2566 4381//589 4382//2579
f 4363//2567 4382//2579 4387//2582
f 4388//1854 3221//1850 3226//1854
f 4388//1854 3202//1835 4364//1835
f 4389//1854 4383//1850 4388//1854
f 4389//1854 4364//1835 4365//1835
f 4390//2583 4384//1850 4389//1854
f 4390//2583 4365//1835 4366//2568
f 4391//2584 4385//2580 4390//2583
f 4367//2569 4390//2583 4366//2568
f 4392//2585 4386//2581 4391//2584
f 4392//2585 4367//2569 4368//2570
f 4392//2585 4363//2567 4387//2582
f 4393//2586 2259//1081 2264//25
f 4394//2587 4095//2383 4393//2586
f 4395//2588 4097//2385 4394//2587
f 4100//2388 4395//2588 4396//2589
f 4397//2590 4100//2388 4396//2589
f 4110//2396 4397//2590 4398//2591
f 4115//2400 4398//2591 4399//2592
f 4120//2404 4399//2592 4400//2593
f 4393//2586 2269//25 4401//587
f 4394//2587 4401//587 4402//588
f 4395//2588 4402//588 4403//589
f 4396//2589 4403//589 4404//589
f 4397//2590 4404//589 4405//589
f 4398//2591 4405//589 4406//589
f 4399//2592 4406//589 4407//589
f 4400//2593 4407//589 4408//589
f 4401//587 2274//1082 4409//2594
f 4402//588 4409//2594 4410//2595
f 4403//589 4410//2595 4411//2596
f 4404//589 4411//2596 4412//2596
f 4405//589 4412//2596 4413//2596
f 4406//589 4413//2596 4414//2596
f 4407//589 4414//2596 4415//2596
f 4408//589 4415//2596 4416//2596
f 4417//2597 2274//1082 2279//1083
f 4418//2598 4409//2594 4417//2597
f 4411//2596 4418//2598 4419//2599
f 4412//2596 4419//2599 4420//2599
f 4413//2596 4420//2599 4421//2599
f 4414//2596 4421//2599 4422//2599
f 4415//2596 4422//2599 4423//2599
f 4416//2596 4423//2599 4424//2599
f 4425//1871 2209//1052 3263//1871
f 4426//1871 2280//1052 4425//1871
f 4427//1871 2281//1052 4426//1871
f 4428//2600 2282//1052 4427//1871
f 4428//2600 2284//1084 2283//1052
f 4417//2597 2284//1084 4429//2601
f 4430//1874 3263//1871 3268//1874
f 4431//1874 4425//1871 4430//1874
f 4432//1874 4426//1871 4431//1874
f 4433//2602 4427//1871 4432//1874
f 4433//2602 4429//2601 4428//2600
f 4418//2598 4429//2601 4434//2603
f 4435//92 3268//1874 3273//92
f 4436//92 4430//1874 4435//92
f 4437//92 4431//1874 4436//92
f 4438//2604 4432//1874 4437//92
f 4439//2605 4433//2602 4438//2604
f 4419//2599 4434//2603 4439//2605
f 4440//92 3273//92 3278//92
f 4441//92 4435//92 4440//92
f 4442//92 4436//92 4441//92
f 4443//2604 4437//92 4442//92
f 4444//2605 4438//2604 4443//2604
f 4420//2599 4439//2605 4444//2605
f 4445//92 3278//92 3283//92
f 4446//92 4440//92 4445//92
f 4447//92 4441//92 4446//92
f 4448//2604 4442//92 4447//92
f 4449//2605 4443//2604 4448//2604
f 4421//2599 4444//2605 4449//2605
f 4450//92 3283//92 3288//92
f 4451//92 4445//92 4450//92
f 4452//92 4446//92 4451//92
f 4453//2604 4447//92 4452//92
f 4454//2605 4448//2604 4453//2604
f 4422//2599 4449//2605 4454//2605
f 4455//92 3288//92 3293//92
f 4456//92 4450//92 4455//92
f 4457//92 4451//92 4456//92
f 4458//2604 4452//92 4457//92
f 4459//2605 4453//2604 4458//2604
f 4423//2599 4454//2605 4459//2605
f 4460//92 3293//92 3298//92
f 4461//92 4455//92 4460//92
f 4462//92 4456//92 4461//92
f 4463//2604 4457//92 4462//92
f 4464//2605 4458//2604 4463//2604
f 4424//2599 4459//2605 4464//2605
f 4465//2606 4120//2404 4400//2593
f 4466//2607 4230//2479 4465//2606
f 4233//2482 4466//2607 4467//589
f 4234//2463 4467//589 4468//2463
f 4469//77 3073//77 4235//77
f 4470//77 4235//77 4236//77
f 4471//2473 4236//77 4237//2473
f 4472//2474 4237//2473 4238//2474
f 4473//2475 4238//2474 4239//2475
f 4239//2475 4468//2463 4473//2475
f 4240//1730 3312//1881 4474//1881
f 4241//1730 4474//1881 4475//1881
f 4242//2483 4475//1881 4476//1881
f 4243//2484 4476//1881 4477//2608
f 4478//2609 4243//2484 4477//2608
f 4465//2606 4408//589 4479//589
f 4466//2607 4479//589 4480//589
f 4467//589 4480//589 4481//589
f 4468//2463 4481//589 4482//2463
f 4483//77 3307//77 4469//77
f 4484//77 4469//77 4470//77
f 4485//2473 4470//77 4471//2473
f 4486//2474 4471//2473 4472//2474
f 4487//2475 4472//2474 4473//2475
f 4473//2475 4482//2463 4487//2475
f 4479//589 4416//2596 4488//2596
f 4480//589 4488//2596 4489//2596
f 4481//589 4489//2596 4490//2596
f 4482//2463 4490//2596 4491//2610
f 4492//1886 3321//77 4483//77
f 4493//1886 4483//77 4484//77
f 4494//2611 4484//77 4485//2473
f 4495//2612 4485//2473 4486//2474
f 4496//2613 4486//2474 4487//2475
f 4487//2475 4491//2610 4496//2613
f 4488//2596 4424//2599 4497//2599
f 4489//2596 4497//2599 4498//2599
f 4490//2596 4498//2599 4499//2599
f 4491//2610 4499//2599 4500//2614
f 4501//1891 3330//1886 4492//1886
f 4502//1891 4492//1886 4493//1886
f 4503//2615 4493//1886 4494//2611
f 4495//2612 4503//2615 4494//2611
f 4496//2613 4504//2616 4495//2612
f 4505//2617 4491//2610 4500//2614
f 4506//92 3298//92 3344//92
f 4507//92 4460//92 4506//92
f 4508//92 4461//92 4507//92
f 4509//2604 4462//92 4508//92
f 4510//2605 4463//2604 4509//2604
f 4497//2599 4464//2605 4510//2605
f 4511//92 3344//92 3349//92
f 4512//92 4506//92 4511//92
f 4513//92 4507//92 4512//92
f 4514//2604 4508//92 4513//92
f 4515//2605 4509//2604 4514//2604
f 4498//2599 4510//2605 4515//2605
f 4516//92 3349//92 3354//92
f 4517//92 4511//92 4516//92
f 4518//92 4512//92 4517//92
f 4519//2604 4513//92 4518//92
f 4520//2605 4514//2604 4519//2604
f 4499//2599 4515//2605 4520//2605
f 4521//1894 3354//92 3359//1894
f 4522//1894 4516//92 4521//1894
f 4523//1894 4517//92 4522//1894
f 4524//2618 4518//92 4523//1894
f 4525//2619 4519//2604 4524//2618
f 4500//2614 4520//2605 4525//2619
f 4526//1898 3359//1894 3364//1898
f 4526//1898 3339//1891 4501//1891
f 4527//1898 4521//1894 4526//1898
f 4527//1898 4501//1891 4502//1891
f 4528//2620 4522//1894 4527//1898
f 4528//2620 4502//1891 4503//2615
f 4529//2621 4523//1894 4528//2620
f 4504//2616 4528//2620 4503//2615
f 4530//2622 4524//2618 4529//2621
f 4530//2622 4504//2616 4505//2617
f 4530//2622 4500//2614 4525//2619
f 4531//1292 3312//1881 3369//1292
f 4532//1292 4474//1881 4531//1292
f 4533//2623 4475//1881 4532//1292
f 4533//2623 4477//2608 4476//1881
f 4534//2624 4478//2609 4477//2608
f 4373//2573 4478//2609 4535//2625
f 4536//2626 4373//2573 4535//2625
f 4379//2577 4536//2626 4537//589
f 4380//2578 4537//589 4538//589
f 4381//589 4538//589 4539//2627
f 4382//2579 4539//2627 4540//2628
f 4541//1908 3221//1850 4383//1850
f 4542//1908 4383//1850 4384//1850
f 4543//2629 4384//1850 4385//2580
f 4386//2581 4543//2629 4385//2580
f 4545//2631 4386//2581 4387//2582
f 4545//2631 4382//2579 4540//2628
f 4531//1292 3384//1292 4546//1292
f 4532//1292 4546//1292 4547//1292
f 4533//2623 4547//1292 4548//2632
f 4534//2624 4548//2632 4549//2633
f 4535//2625 4549//2633 4550//2634
f 4536//2626 4550//2634 4551//2635
f 4537//589 4551//2635 4552//589
f 4538//589 4552//589 4553//2636
f 4539//2627 4553//2636 4554//2637
f 4559//2639 4539//2627 4554//2637
f 4560//1921 3393//1917 3398//1921
f 4560//1921 3379//1908 4541//1908
f 4561//1921 4555//1917 4560//1921
f 4561//1921 4541//1908 4542//1908
f 4562//2640 4556//1917 4561//1921
f 4562//2640 4542//1908 4543//2629
f 4563//2641 4557//1917 4562//2640
f 4544//2630 4562//2640 4543//2629
f 4564//2642 4558//2638 4563//2641
f 4545//2631 4563//2641 4544//2630
f 4564//2642 4540//2628 4559//2639
f 4546//1292 3403//1292 4565//1292
f 4547//1292 4565//1292 4566//1292
f 4548//2632 4566//1292 4567//2643
f 4549//2633 4567//2643 4568//2644
f 4550//2634 4568//2644 4569//2645
f 4551//2635 4569//2645 4570//2646
f 4552//589 4570//2646 4571//2647
f 4553//2636 4571//2647 4576//2650
f 4577//1934 3410//1930 3415//1934
f 4578//1934 4572//1930 4577//1934
f 4579//2651 4573//1930 4578//1934
f 4579//2651 4575//2649 4574//2648
f 4581//2653 4575//2649 4580//2652
f 4581//2653 4553//2636 4576//2650
f 4582//1938 3415//1934 3420//1938
f 4582//1938 3393//1917 4555//1917
f 4583//1938 4577//1934 4582//1938
f 4583//1938 4555//1917 4556//1917
f 4584//2654 4578//1934 4583//1938
f 4584//2654 4556//1917 4557//1917
f 4584//2654 4580//2652 4579//2651
f 4585//2655 4557//1917 4558//2638
f 4585//2655 4581//2653 4580//2652
f 4586//2656 4558//2638 4559//2639
f 4586//2656 4554//2637 4581//2653
f 4565//1292 3425//1942 4587//1942
f 4566//1292 4587//1942 4588//1942
f 4567//2643 4588//1942 4589//2657
f 4568//2644 4589//2657 4590//2658
f 4569//2645 4590//2658 4591//2659
f 4570//2646 4591//2659 4596//2662
f 4597//1950 3430//1946 3435//1950
f 4598//1950 4592//1946 4597//1950
f 4599//2663 4593//1946 4598//1950
f 4599//2663 4595//2661 4594//2660
f 4600//2664 4596//2662 4595//2661
f 4601//2665 4570//2646 4596//2662
f 4602//1954 3435//1950 3440//1954
f 4602//1954 3410//1930 4572//1930
f 4603//1954 4597//1950 4602//1954
f 4603//1954 4572//1930 4573//1930
f 4604//2666 4598//1950 4603//1954
f 4604//2666 4573//1930 4574//2648
f 4604//2666 4600//2664 4599//2663
f 4605//2667 4574//2648 4575//2649
f 4606//2668 4600//2664 4605//2667
f 4576//2650 4605//2667 4575//2649
f 4606//2668 4571//2647 4601//2665
f 4587//1942 3445//1958 4607//1958
f 4588//1942 4607//1958 4608//1958
f 4589//2657 4608//1958 4609//2669
f 4590//2658 4609//2669 4610//2670
f 4611//2671 4590//2658 4610//2670
f 4612//1961 3445//1958 3450//1961
f 4612//1961 3430//1946 4592//1946
f 4613//1961 4607//1958 4612//1961
f 4613//1961 4592//1946 4593//1946
f 4614//1961 4608//1958 4613//1961
f 4614//1961 4593//1946 4594//2660
f 4615//2672 4609//2669 4614//1961
f 4615//2672 4594//2660 4595//2661
f 4616//2673 4610//2670 4615//2672
f 4616//2673 4595//2661 4596//2662
f 4616//2673 4591//2659 4611//2671
f 7//6 2//2 1//1
f 3//3 2//2 7//6
f 4//4 3//3 8//6
f 5//4 4//4 9//6
f 7//6 6//5 11//5
f 8//6 7//6 12//6
f 9//6 8//6 13//6
f 10//6 9//6 14//6
f 12//6 11//5 16//5
f 13//6 12//6 17//6
f 14//6 13//6 18//6
f 15//6 14//6 19//6
f 17//6 16//5 21//5
f 18//6 17//6 22//6
f 19//6 18//6 23//6
f 20//6 19//6 24//6
f 22//6 21//5 26//7
f 23//6 22//6 27//8
f 24//6 23//6 28//9
f 25//6 24//6 29//10
f 37//16 32//12 31//11
f 33//13 32//12 37//16
f 34//14 33//13 38//17
f 35//14 34//14 39//18
f 37//16 36//15 41//19
f 38//17 37//16 42//20
f 39//18 38//17 43//21
f 40//18 39//18 44//22
f 46//4 5//4 10//6
f 47//4 46//4 51//6
f 48//23 47//4 52//6
f 49//2 48//23 53//6
f 50//24 49//2 54//6
f 51//6 10//6 15//6
f 52//6 51//6 56//6
f 53//6 52//6 57//6
f 54//6 53//6 58//6
f 55//25 54//6 59//6
f 56//6 15//6 20//6
f 57//6 56//6 61//6
f 58//6 57//6 62//6
f 59//6 58//6 63//6
f 60//25 59//6 64//6
f 61//6 20//6 25//6
f 62//6 61//6 66//6
f 63//6 62//6 67//6
f 64//6 63//6 68//6
f 65//25 64//6 69//6
f 66//6 25//6 30//10
f 67//6 66//6 71//10
f 68//6 67//6 72//10
f 69//6 68//6 73//26
f 70//25 69//6 74//27
f 76//14 35//14 40//18
f 77//14 76//14 81//18
f 78//29 77//14 82//18
f 84//33 79//30 78//29
f 80//31 79//30 84//33
f 81//18 40//18 45//22
f 82//18 81//18 86//22
f 83//32 82//18 87//22
f 89//36 84//33 83//32
f 90//37 85//34 84//33
f 92//39 91//38 1//1
f 92//39 2//2 3//3
f 93//40 3//3 4//4
f 94//41 4//4 5//4
f 97//43 96//42 91//38
f 97//43 92//39 93//40
f 98//44 93//40 94//41
f 99//45 94//41 95//41
f 101//46 96//42 97//43
f 102//47 97//43 98//44
f 103//48 98//44 99//45
f 104//49 99//45 100//45
f 106//46 101//46 102//47
f 107//47 102//47 103//48
f 108//48 103//48 104//49
f 109//49 104//49 105//49
f 111//46 106//46 107//47
f 112//47 107//47 108//48
f 113//48 108//48 109//49
f 114//49 109//49 110//49
f 116//46 111//46 112//47
f 117//47 112//47 113//48
f 118//48 113//48 114//49
f 119//49 114//49 115//49
f 121//46 116//46 117//47
f 122//47 117//47 118//48
f 123//48 118//48 119//49
f 124//49 119//49 120//49
f 126//46 121//46 122//47
f 127//47 122//47 123//48
f 128//48 123//48 124//49
f 129//49 124//49 125//49
f 131//50 6//5 1//1
f 132//51 131//50 91//38
f 133//52 132//51 96//42
f 134//52 133//52 101//46
f 135//52 134//52 106//46
f 136//52 135//52 111//46
f 137//52 136//52 116//46
f 138//52 137//52 121//46
f 139//53 11//5 6//5
f 140//54 139//53 131//50
f 141//55 140//54 132//51
f 142//55 141//55 133//52
f 143//55 142//55 134//52
f 144//55 143//55 135//52
f 145//55 144//55 136//52
f 146//55 145//55 137//52
f 147//53 16//5 11//5
f 148//54 147//53 139//53
f 149//55 148//54 140//54
f 150//55 149//55 141//55
f 151//55 150//55 142//55
f 152//55 151//55 143//55
f 153//55 152//55 144//55
f 154//55 153//55 145//55
f 155//46 126//46 127//47
f 156//47 127//47 128//48
f 157//48 128//48 129//49
f 158//49 129//49 130//49
f 160//46 155//46 156//47
f 161//47 156//47 157//48
f 162//48 157//48 158//49
f 163//49 158//49 159//49
f 165//46 160//46 161//47
f 166//47 161//47 162//48
f 167//48 162//48 163//49
f 168//49 163//49 164//49
f 170//46 165//46 166//47
f 171//47 166//47 167//48
f 172//48 167//48 168//49
f 173//49 168//49 169//49
f 175//46 170//46 171//47
f 176//47 171//47 172//48
f 177//48 172//48 173//49
f 178//49 173//49 174//49
f 180//46 175//46 176//47
f 181//47 176//47 177//48
f 182//48 177//48 178//49
f 183//49 178//49 179//49
f 185//46 180//46 181//47
f 186//47 181//47 182//48
f 187//48 182//48 183//49
f 188//49 183//49 184//49
f 190//46 185//46 186//47
f 191//47 186//47 187//48
f 192//48 187//48 188//49
f 193//49 188//49 189//49
f 195//52 138//52 126//46
f 196//52 195//52 155//46
f 197//52 196//52 160//46
f 198//52 197//52 165//46
f 199//52 198//52 170//46
f 200//52 199//52 175//46
f 201//52 200//52 180//46
f 202//52 201//52 185//46
f 203//55 146//55 138//52
f 204//55 203//55 195//52
f 205//55 204//55 196//52
f 206//55 205//55 197//52
f 207//55 206//55 198//52
f 208//55 207//55 199//52
f 209//55 208//55 200//52
f 210//55 209//55 201//52
f 211//55 154//55 146//55
f 212//55 211//55 203//55
f 213//55 212//55 204//55
f 214//55 213//55 205//55
f 215//55 214//55 206//55
f 216//55 215//55 207//55
f 217//55 216//55 208//55
f 218//55 217//55 209//55
f 219//46 190//46 191//47
f 220//47 191//47 192//48
f 221//48 192//48 193//49
f 222//49 193//49 194//49
f 224//46 219//46 220//47
f 225//47 220//47 221//48
f 226//48 221//48 222//49
f 227//49 222//49 223//49
f 229//46 224//46 225//47
f 230//47 225//47 226//48
f 231//48 226//48 227//49
f 232//49 227//49 228//49
f 234//46 229//46 230//47
f 235//47 230//47 231//48
f 236//48 231//48 232//49
f 237//49 232//49 233//49
f 239//46 234//46 235//47
f 240//47 235//47 236//48
f 241//48 236//48 237//49
f 242//49 237//49 238//49
f 244//56 239//46 240//47
f 245//57 240//47 241//48
f 246//58 241//48 242//49
f 247//59 242//49 243//49
f 250//61 249//60 244//56
f 251//62 250//61 245//57
f 251//62 246//58 247//59
f 252//63 247//59 248//59
f 254//64 249//60 250//61
f 256//66 255//65 250//61
f 256//66 251//62 252//63
f 257//67 252//63 253//63
f 259//52 202//52 190//46
f 260//52 259//52 219//46
f 261//52 260//52 224//46
f 262//52 261//52 229//46
f 263//52 262//52 234//46
f 264//52 263//52 239//46
f 265//68 264//52 244//56
f 254//64 266//69 265//68
f 267//70 266//69 254//64
f 268//71 267//70 255//65
f 269//72 268//71 256//66
f 270//72 269//72 257//67
f 271//55 210//55 202//52
f 272//55 271//55 259//52
f 273//55 272//55 260//52
f 274//55 273//55 261//52
f 275//55 274//55 262//52
f 276//55 275//55 263//52
f 277//73 276//55 264//52
f 278//74 277//73 265//68
f 279//75 278//74 266//69
f 280//76 279//75 267//70
f 281//77 280//76 268//71
f 282//77 281//77 269//72
f 283//55 218//55 210//55
f 284//55 283//55 271//55
f 285//55 284//55 272//55
f 286//55 285//55 273//55
f 287//55 286//55 274//55
f 288//55 287//55 275//55
f 289//73 288//55 276//55
f 290//74 289//73 277//73
f 291//75 290//74 278//74
f 292//76 291//75 279//75
f 293//77 292//76 280//76
f 294//77 293//77 281//77
f 295//78 21//5 16//5
f 296//79 295//78 147//53
f 297//80 296//79 148//54
f 298//80 297//80 149//55
f 299//80 298//80 150//55
f 300//80 299//80 151//55
f 301//80 300//80 152//55
f 302//80 301//80 153//55
f 295//78 303//81 26//7
f 304//82 27//8 26//7
f 304//82 305//83 28//9
f 306//84 29//10 28//9
f 307//84 30//10 29//10
f 296//79 308//85 303//81
f 308//85 309//86 304//82
f 309//86 310//87 305//83
f 311//88 306//84 305//83
f 312//88 307//84 306//84
f 313//89 308//85 296//79
f 314//90 309//86 308//85
f 315//91 310//87 309//86
f 316//92 311//88 310//87
f 317//92 312//88 311//88
f 318//89 313//89 297//80
f 319//90 314//90 313//89
f 320//91 315//91 314//90
f 321//92 316//92 315//91
f 322//92 317//92 316//92
f 323//89 318//89 298//80
f 324//90 319//90 318//89
f 325//91 320//91 319//90
f 326//92 321//92 320//91
f 327//92 322//92 321//92
f 328//89 323//89 299//80
f 329//90 324//90 323//89
f 330//91 325//91 324//90
f 331//92 326//92 325//91
f 332//92 327//92 326//92
f 333//89 328//89 300//80
f 334//90 329//90 328//89
f 335//91 330//91 329//90
f 336//92 331//92 330//91
f 337//92 332//92 331//92
f 338//93 333//89 301//80
f 339//94 334//90 333//89
f 340//95 335//91 334//90
f 341//96 336//92 335//91
f 342//96 337//92 336//92
f 343//97 302//80 154//55
f 344//98 343//97 211//55
f 345//55 344//98 212//55
f 346//55 345//55 213//55
f 347//55 346//55 214//55
f 348//99 347//55 215//55
f 349//100 348//99 216//55
f 350//101 349//100 217//55
f 343//97 351//102 338//93
f 351//102 352//103 339//94
f 353//104 340//95 339//94
f 354//105 341//96 340//95
f 355//105 342//96 341//96
f 344//98 356//106 351//102
f 357//107 352//103 351//102
f 358//108 356//106 344//98
f 359//55 358//108 345//55
f 360//109 359//55 346//55
f 348//99 361//110 360//109
f 362//111 361//110 348//99
f 367//115 362//111 349//100
f 367//115 368//116 363//112
f 368//116 369//117 364//113
f 370//118 365//114 364//113
f 371//118 366//114 365//114
f 353//104 352//103 372//119
f 354//105 353//104 373//120
f 355//105 354//105 374//121
f 357//107 356//106 376//122
f 357//107 377//123 372//119
f 378//124 373//120 372//119
f 379//125 374//121 373//120
f 380//125 375//121 374//121
f 358//108 381//126 376//122
f 382//55 381//126 358//108
f 383//127 382//55 359//55
f 361//110 384//128 383//127
f 389//132 384//128 361//110
f 389//132 390//133 385//129
f 363//112 390//133 389//132
f 391//134 386//130 385//129
f 391//134 390//133 363//112
f 392//135 387//131 386//130
f 392//135 391//134 364//113
f 393//135 388//131 387//131
f 393//135 392//135 365//114
f 395//137 377//123 376//122
f 378//124 377//123 395//137
f 379//125 378//124 396//138
f 380//125 379//125 397//139
f 381//126 399//140 394//136
f 400//55 399//140 381//126
f 401//141 400//55 382//55
f 402//142 401//141 383//127
f 385//129 403//143 402//142
f 386//130 404//144 403//143
f 405//145 404//144 386//130
f 406//145 405//145 387//131
f 408//147 395//137 394//136
f 409//148 396//138 395//137
f 397//139 396//138 409//148
f 398//139 397//139 410//149
f 399//140 412//150 407//146
f 413//55 412//150 399//140
f 414//141 413//55 400//55
f 415//151 414//141 401//141
f 416//152 415//151 402//142
f 417//153 416//152 403//143
f 418//77 417//153 404//144
f 419//77 418//77 405//145
f 408//147 407//146 420//154
f 409//148 408//147 421//155
f 410//149 409//148 422//156
f 411//149 410//149 423//6
f 425//150 420//154 407//146
f 426//55 425//150 412//150
f 427//141 426//55 413//55
f 428//151 427//141 414//141
f 429//152 428//151 415//151
f 430//153 429//152 416//152
f 431//77 430//153 417//153
f 432//77 431//77 418//77
f 421//155 420//154 433//154
f 422//156 421//155 434//155
f 423//6 422//156 435//156
f 424//6 423//6 436//6
f 438//150 433//154 420//154
f 439//55 438//150 425//150
f 440//141 439//55 426//55
f 441//151 440//141 427//141
f 442//152 441//151 428//151
f 443//153 442//152 429//152
f 444//77 443//153 430//153
f 445//77 444//77 431//77
f 434//155 433//154 446//154
f 435//156 434//155 447//155
f 436//6 435//156 448//156
f 437//6 436//6 449//6
f 451//150 446//154 433//154
f 452//55 451//150 438//150
f 453//141 452//55 439//55
f 454//151 453//141 440//141
f 455//152 454//151 441//151
f 456//153 455//152 442//152
f 457//77 456//153 443//153
f 458//77 457//77 444//77
f 459//80 350//101 218//55
f 460//157 459//80 283//55
f 461//158 460//157 284//55
f 462//159 461//158 285//55
f 463//55 462//159 286//55
f 464//55 463//55 287//55
f 465//73 464//55 288//55
f 466//74 465//73 289//73
f 467//75 466//74 290//74
f 468//76 467//75 291//75
f 469//77 468//76 292//76
f 470//77 469//77 293//77
f 471//160 367//115 350//101
f 472//161 368//116 367//115
f 473//162 369//117 368//116
f 474//92 370//118 369//117
f 475//92 371//118 370//118
f 460//157 476//163 471//160
f 476//163 477//164 472//161
f 477//164 478//165 473//162
f 479//166 474//92 473//162
f 480//166 475//92 474//92
f 461//158 481//167 476//163
f 482//168 477//164 476//163
f 483//169 478//165 477//164
f 484//170 479//166 478//165
f 485//170 480//166 479//166
f 462//159 486//171 481//167
f 487//172 486//171 462//159
f 488//55 487//172 463//55
f 489//73 488//55 464//55
f 490//74 489//73 465//73
f 491//75 490//74 466//74
f 492//76 491//75 467//75
f 493//77 492//76 468//76
f 494//77 493//77 469//77
f 482//168 481//167 495//173
f 497//175 483//169 482//168
f 484//170 483//169 497//175
f 485//170 484//170 498//176
f 486//171 500//177 495//173
f 501//178 496//174 495//173
f 501//178 502//179 497//175
f 503//180 498//176 497//175
f 504//180 499//176 498//176
f 505//181 500//177 486//171
f 506//55 505//181 487//172
f 507//73 506//55 488//55
f 508//74 507//73 489//73
f 509//75 508//74 490//74
f 510//76 509//75 491//75
f 511//77 510//76 492//76
f 512//77 511//77 493//77
f 501//178 500//177 513//182
f 502//179 501//178 514//183
f 503//180 502//179 515//184
f 504//180 503//180 516//185
f 505//181 518//186 513//182
f 519//55 518//186 505//181
f 520//73 519//55 506//55
f 521//74 520//73 507//73
f 522//75 521//74 508//74
f 523//76 522//75 509//75
f 524//77 523//76 510//76
f 525//77 524//77 511//77
f 514//183 513//182 526//187
f 515//184 514//183 527//188
f 516//185 515//184 528//189
f 517//185 516//185 529//6
f 531//186 526//187 513//182
f 532//55 531//186 518//186
f 533//73 532//55 519//55
f 534//74 533//73 520//73
f 535//75 534//74 521//74
f 536//76 535//75 522//75
f 537//77 536//76 523//76
f 538//77 537//77 524//77
f 527//188 526//187 539//187
f 528//189 527//188 540//188
f 529//6 528//189 541//189
f 530//6 529//6 542//6
f 544//186 539//187 526//187
f 545//55 544//186 531//186
f 546//73 545//55 532//55
f 547//74 546//73 533//73
f 548//75 547//74 534//74
f 549//76 548//75 535//75
f 550//77 549//76 536//76
f 551//77 550//77 537//77
f 540//188 539//187 552//187
f 541//189 540//188 553//188
f 542//6 541//189 554//189
f 543//6 542//6 555//6
f 557//186 552//187 539//187
f 558//55 557//186 544//186
f 559//73 558//55 545//55
f 560//74 559//73 546//73
f 561//75 560//74 547//74
f 562//76 561//75 548//75
f 563//77 562//76 549//76
f 564//77 563//77 550//77
f 553//188 552//187 565//187
f 554//189 553//188 566//188
f 555//6 554//189 567//189
f 556//6 555//6 568//6
f 570//186 565//187 552//187
f 571//55 570//186 557//186
f 572//73 571//55 558//55
f 573//74 572//73 559//73
f 574//75 573//74 560//74
f 575//76 574//75 561//75
f 576//77 575//76 562//76
f 577//77 576//77 563//77
f 584//195 583//194 578//190
f 584//195 579//191 580//192
f 585//196 580//192 581//193
f 586//197 581//193 582//193
f 447//155 446//154 588//154
f 448//156 447//155 589//155
f 449//6 448//156 590//156
f 450//6 449//6 591//6
f 593//150 588//154 446//154
f 594//55 593//150 451//150
f 595//141 594//55 452//55
f 596//151 595//141 453//141
f 597//152 596//151 454//151
f 598//153 597//152 455//152
f 599//77 598//153 456//153
f 600//77 599//77 457//77
f 589//155 588//154 601//198
f 590//156 589//155 602//199
f 591//6 590//156 603//200
f 592//6 591//6 604//201
f 606//202 601//198 588//154
f 607//203 606//202 593//150
f 608//204 607//203 594//55
f 609//205 608//204 595//141
f 610//206 609//205 596//151
f 611//207 610//206 597//152
f 612//208 611//207 598//153
f 613//208 612//208 599//77
f 602//199 601//198 614//209
f 616//211 603//200 602//199
f 604//201 603//200 616//211
f 605//201 604//201 617//212
f 606//202 619//213 614//209
f 620//214 619//213 606//202
f 621//215 620//214 607//203
f 622//216 621//215 608//204
f 623//217 622//216 609//205
f 624//218 623//217 610//206
f 625//219 624//218 611//207
f 626//219 625//219 612//208
f 615//210 614//209 627//220
f 629//222 616//211 615//210
f 617//212 616//211 629//222
f 618//212 617//212 630//223
f 619//213 632//224 627//220
f 633//92 628//221 627//220
f 634//92 629//222 628//221
f 635//92 630//223 629//222
f 636//92 631//223 630//223
f 637//224 632//224 619//213
f 638//92 633//92 632//224
f 639//92 634//92 633//92
f 640//92 635//92 634//92
f 641//92 636//92 635//92
f 642//224 637//224 620//214
f 643//92 638//92 637//224
f 644//92 639//92 638//92
f 645//92 640//92 639//92
f 646//92 641//92 640//92
f 647//225 642//224 621//215
f 647//225 648//226 643//92
f 648//226 647//225 622//216
f 649//227 644//92 643//92
f 649//227 648//226 623//217
f 650//228 645//92 644//92
f 650//228 649//227 624//218
f 651//228 646//92 645//92
f 651//228 650//228 625//219
f 652//229 583//194 584//195
f 653//230 584//195 585//196
f 654//231 585//196 586//197
f 655//232 586//197 587//197
f 657//233 652//229 653//230
f 658//234 653//230 654//231
f 659//235 654//231 655//232
f 660//236 655//232 656//232
f 662//237 657//233 658//234
f 663//238 658//234 659//235
f 664//239 659//235 660//236
f 665//240 660//236 661//236
f 667//241 662//237 663//238
f 668//242 663//238 664//239
f 669//243 664//239 665//240
f 670//244 665//240 666//240
f 673//246 672//245 667//241
f 674//247 673//246 668//242
f 674//247 669//243 670//244
f 675//248 670//244 671//244
f 678//250 677//249 672//245
f 679//251 678//250 673//246
f 679//251 674//247 675//248
f 680//252 675//248 676//248
f 683//254 682//253 677//249
f 684//255 683//254 678//250
f 684//255 679//251 680//252
f 685//256 680//252 681//252
f 688//258 687//257 682//253
f 689//259 688//258 683//254
f 689//259 684//255 685//256
f 690//260 685//256 686//256
f 566//188 565//187 692//187
f 567//189 566//188 693//188
f 568//6 567//189 694//189
f 569//6 568//6 695//6
f 697//186 692//187 565//187
f 698//55 697//186 570//186
f 699//73 698//55 571//55
f 700//74 699//73 572//73
f 701//75 700//74 573//74
f 702//76 701//75 574//75
f 703//77 702//76 575//76
f 704//77 703//77 576//77
f 693//188 692//187 705//187
f 694//189 693//188 706//188
f 695//6 694//189 707//189
f 696//6 695//6 708//6
f 710//186 705//187 692//187
f 711//55 710//186 697//186
f 712//73 711//55 698//55
f 713//74 712//73 699//73
f 714//75 713//74 700//74
f 715//76 714//75 701//75
f 716//77 715//76 702//76
f 717//77 716//77 703//77
f 706//188 705//187 718//261
f 707//189 706//188 719//262
f 708//6 707//189 720//263
f 709//6 708//6 721//264
f 723//265 718//261 705//187
f 724//266 723//265 710//186
f 725//267 724//266 711//55
f 726//268 725//267 712//73
f 727//269 726//268 713//74
f 728//270 727//269 714//75
f 729//271 728//270 715//76
f 730//271 729//271 716//77
f 732//273 719//262 718//261
f 733//274 720//263 719//262
f 721//264 720//263 733//274
f 722//264 721//264 734//275
f 723//265 736//276 731//272
f 737//277 736//276 723//265
f 738//278 737//277 724//266
f 739//279 738//278 725//267
f 727//269 740//280 739//279
f 741//281 740//280 727//269
f 742//282 741//281 728//270
f 743//282 742//282 729//271
f 745//284 732//273 731//272
f 746//285 733//274 732//273
f 734//275 733//274 746//285
f 735//275 734//275 747//286
f 736//276 749//287 744//283
f 750//288 745//284 744//283
f 751//289 746//285 745//284
f 752//289 747//286 746//285
f 753//289 748//286 747//286
f 754//290 749//287 736//276
f 755//291 750//288 749//287
f 756//92 751//289 750//288
f 757//92 752//289 751//289
f 758//92 753//289 752//289
f 759//292 754//290 737//277
f 760//293 755//291 754//290
f 761//294 756//92 755//291
f 762//294 757//92 756//92
f 763//294 758//92 757//92
f 764//295 759//292 738//278
f 764//295 765//296 760//293
f 740//280 765//296 764//295
f 766//297 761//294 760//293
f 766//297 765//296 740//280
f 767//298 762//294 761//294
f 767//298 766//297 741//281
f 768//298 763//294 762//294
f 768//298 767//298 742//282
f 769//299 687//257 688//258
f 771//301 770//300 688//258
f 771//301 689//259 690//260
f 772//302 690//260 691//260
f 780//308 779//307 774//303
f 780//308 775//304 776//305
f 781//309 776//305 777//306
f 782//310 777//306 778//306
f 784//311 779//307 780//308
f 785//312 780//308 781//309
f 786//313 781//309 782//310
f 787//314 782//310 783//310
f 790//316 789//315 784//311
f 579//191 578//190 789//315
f 790//316 785//312 786//313
f 791//317 580//192 579//191
f 791//317 786//313 787//314
f 581//193 580//192 791//317
f 792//318 787//314 788//314
f 582//193 581//193 792//318
f 794//319 789//315 578//190
f 801//325 800//324 795//320
f 801//325 775//304 774//303
f 801//325 796//321 797//322
f 802//326 776//305 775//304
f 802//326 797//322 798//323
f 777//306 776//305 802//326
f 803//327 798//323 799//323
f 778//306 777//306 803//327
f 805//328 800//324 774//303
f 806//329 805//328 779//307
f 807//330 806//329 784//311
f 794//319 808//331 807//330
f 815//337 814//336 809//332
f 815//337 796//321 795//320
f 815//337 810//333 811//334
f 797//322 796//321 815//337
f 816//338 811//334 812//335
f 798//323 797//322 816//338
f 817//339 812//335 813//335
f 799//323 798//323 817//339
f 819//340 814//336 795//320
f 820//341 819//340 800//324
f 806//329 821//55 820//341
f 822//55 821//55 806//329
f 823//55 822//55 807//330
f 830//347 829//346 824//342
f 830//347 810//333 809//332
f 831//348 830//347 825//343
f 811//334 810//333 830//347
f 831//348 826//344 827//345
f 812//335 811//334 831//348
f 832//349 827//345 828//345
f 813//335 812//335 832//349
f 834//350 829//346 809//332
f 819//340 835//55 834//350
f 836//55 835//55 819//340
f 837//351 836//55 820//341
f 838//352 837//351 821//55
f 839//353 838//352 822//55
f 841//355 825//343 824//342
f 826//344 825//343 841//355
f 827//345 826//344 842//356
f 828//345 827//345 843//357
f 845//358 840//354 824//342
f 846//359 845//358 829//346
f 847//55 846//359 834//350
f 848//360 847//55 835//55
f 837//351 849//361 848//360
f 838//352 850//362 849//361
f 855//367 850//362 838//352
f 855//367 856//368 851//363
f 857//369 852//364 851//363
f 858//370 853//365 852//364
f 859//371 854//366 853//365
f 861//373 860//372 31//11
f 841//355 840//354 860//372
f 862//374 861//373 32//12
f 842//356 841//355 861//373
f 862//374 33//13 34//14
f 843//357 842//356 862//374
f 863//375 34//14 35//14
f 844//357 843//357 863//375
f 865//376 860//372 840//354
f 866//55 865//376 845//358
f 867//377 866//55 846//359
f 848//360 868//378 867//377
f 873//383 868//378 848//360
f 873//383 874//384 869//379
f 875//385 870//380 869//379
f 876//386 871//381 870//380
f 877//387 872//382 871//381
f 878//388 873//383 849//361
f 878//388 879//389 874//384
f 879//389 878//388 850//362
f 880//390 875//385 874//384
f 880//390 879//389 851//363
f 881//391 876//386 875//385
f 853//365 881//391 880//390
f 882//392 877//387 876//386
f 882//392 881//391 853//365
f 883//393 36//15 31//11
f 884//394 883//393 860//372
f 885//395 884//394 865//376
f 867//377 886//396 885//395
f 891//401 886//396 867//377
f 891//401 892//402 887//397
f 869//379 892//402 891//401
f 893//403 888//398 887//397
f 870//380 893//403 892//402
f 893//403 894//404 889//399
f 871//381 894//404 893//403
f 895//405 890//400 889//399
f 895//405 894//404 871//381
f 896//406 41//19 36//15
f 884//394 897//55 896//406
f 898//407 897//55 884//394
f 899//408 898//407 885//395
f 887//397 900//409 899//408
f 901//410 900//409 887//397
f 889//399 902//411 901//410
f 903//412 902//411 889//399
f 904//413 794//319 583//194
f 905//414 904//413 652//229
f 906//415 905//414 657//233
f 907//416 906//415 662//237
f 672//245 908//417 907//416
f 677//249 909//418 908//417
f 682//253 910//419 909//418
f 687//257 911//420 910//419
f 904//413 912//55 808//331
f 913//55 912//55 904//413
f 914//55 913//55 905//414
f 915//55 914//55 906//415
f 916//55 915//55 907//416
f 917//55 916//55 908//417
f 918//55 917//55 909//418
f 919//421 918//55 910//419
f 920//55 823//55 808//331
f 921//55 920//55 912//55
f 922//55 921//55 913//55
f 923//55 922//55 914//55
f 924//55 923//55 915//55
f 925//55 924//55 916//55
f 926//55 925//55 917//55
f 927//55 926//55 918//55
f 928//422 839//353 823//55
f 929//423 928//422 920//55
f 930//424 929//423 921//55
f 931//424 930//424 922//55
f 932//424 931//424 923//55
f 933//425 932//424 924//55
f 934//426 933//425 925//55
f 935//427 934//426 926//55
f 936//428 855//367 839//353
f 937//429 856//368 855//367
f 938//430 857//369 856//368
f 939//431 858//370 857//369
f 940//432 859//371 858//370
f 941//433 936//428 928//422
f 942//434 937//429 936//428
f 943//435 938//430 937//429
f 944//436 939//431 938//430
f 945//436 940//432 939//431
f 946//437 941//433 929//423
f 947//438 942//434 941//433
f 948//439 943//435 942//434
f 949//440 944//436 943//435
f 950//440 945//436 944//436
f 951//441 946//437 930//424
f 952//442 947//438 946//437
f 953//443 948//439 947//438
f 954//92 949//440 948//439
f 955//92 950//440 949//440
f 956//444 951//441 931//424
f 957//445 952//442 951//441
f 958//446 953//443 952//442
f 959//447 954//92 953//443
f 960//447 955//92 954//92
f 933//425 961//448 956//444
f 961//448 962//449 957//445
f 962//449 963//450 958//446
f 964//451 959//447 958//446
f 965//451 960//447 959//447
f 934//426 966//452 961//448
f 966//452 967//453 962//449
f 967//453 968//454 963//450
f 968//454 969//455 964//451
f 970//456 965//451 964//451
f 935//427 971//457 966//452
f 971//457 972//458 967//453
f 972//458 973//459 968//454
f 973//459 974//460 969//455
f 975//461 970//456 969//455
f 769//299 976//462 911//420
f 770//300 977//463 976//462
f 978//464 977//463 770//300
f 979//465 978//464 771//301
f 980//465 979//465 772//302
f 981//466 976//462 977//463
f 983//468 982//467 977//463
f 983//468 978//464 979//465
f 984//469 979//465 980//465
f 987//471 986//470 981//466
f 988//472 987//471 982//467
f 988//472 983//468 984//469
f 989//473 984//469 985//469
f 991//474 986//470 987//471
f 993//476 992//475 987//471
f 993//476 988//472 989//473
f 994//477 989//473 990//473
f 996//478 919//421 911//420
f 981//466 997//479 996//478
f 986//470 998//480 997//479
f 991//474 999//481 998//480
f 1000//482 999//481 991//474
f 1001//483 1000//482 992//475
f 1002//484 1001//483 993//476
f 1003//484 1002//484 994//477
f 1004//485 999//481 1000//482
f 1006//487 1005//486 1000//482
f 1006//487 1001//483 1002//484
f 1007//488 1002//484 1003//484
f 1009//55 927//55 919//421
f 1010//55 1009//55 996//478
f 1011//489 1010//55 997//479
f 1012//490 1011//489 998//480
f 1004//485 1013//491 1012//490
f 1014//492 1013//491 1004//485
f 1015//493 1014//492 1005//486
f 1016//494 1015//493 1006//487
f 1017//494 1016//494 1007//488
f 1018//495 1013//491 1014//492
f 1019//496 1014//492 1015//493
f 1020//497 1015//493 1016//494
f 1021//498 1016//494 1017//494
f 1023//499 935//427 927//55
f 1024//500 1023//499 1009//55
f 1025//55 1024//500 1010//55
f 1026//55 1025//55 1011//489
f 1027//501 1026//55 1012//490
f 1018//495 1028//502 1027//501
f 1029//503 1028//502 1018//495
f 1020//497 1030//504 1029//503
f 1031//505 1030//504 1020//497
f 1032//505 1031//505 1021//498
f 1033//506 1028//502 1029//503
f 1034//507 1029//503 1030//504
f 1035//508 1030//504 1031//505
f 1036//509 1031//505 1032//505
f 1023//499 1038//510 971//457
f 1039//511 972//458 971//457
f 1039//511 1040//512 973//459
f 1040//512 1041//513 974//460
f 1042//513 975//461 974//460
f 1043//514 1038//510 1023//499
f 1044//515 1043//514 1024//500
f 1045//516 1044//515 1025//55
f 1046//55 1045//516 1026//55
f 1047//517 1046//55 1027//501
f 1033//506 1048//518 1047//517
f 1049//519 1048//518 1033//506
f 1035//508 1050//520 1049//519
f 1051//521 1050//520 1035//508
f 1052//521 1051//521 1036//509
f 1053//522 1048//518 1049//519
f 1054//523 1049//519 1050//520
f 1055//524 1050//520 1051//521
f 1056//525 1051//521 1052//521
f 1039//511 1038//510 1058//526
f 1060//528 1040//512 1039//511
f 1041//513 1040//512 1060//528
f 1042//513 1041//513 1061//529
f 1043//514 1063//531 1058//526
f 1064//532 1059//527 1058//526
f 1064//532 1065//533 1060//528
f 1065//533 1066//534 1061//529
f 1067//535 1062//530 1061//529
f 1044//515 1068//536 1063//531
f 1069//537 1064//532 1063//531
f 1069//537 1070//538 1065//533
f 1070//538 1071//539 1066//534
f 1072//540 1067//535 1066//534
f 1045//516 1073//541 1068//536
f 1074//542 1073//541 1045//516
f 1075//543 1074//542 1046//55
f 1048//518 1076//544 1075//543
f 1053//522 1077//545 1076//544
f 1078//546 1077//545 1053//522
f 1055//524 1079//547 1078//546
f 1080//548 1079//547 1055//524
f 1081//548 1080//548 1056//525
f 1069//537 1068//536 1082//549
f 1070//538 1069//537 1083//550
f 1071//539 1070//538 1084//551
f 1072//540 1071//539 1085//552
f 1073//541 1087//553 1082//549
f 1088//554 1083//550 1082//549
f 1089//555 1084//551 1083//550
f 1090//556 1085//552 1084//551
f 1091//557 1086//552 1085//552
f 1074//542 1092//558 1087//553
f 1093//55 1092//558 1074//542
f 1094//559 1093//55 1075//543
f 1077//545 1095//560 1094//559
f 1078//546 1096//561 1095//560
f 1079//547 1097//562 1096//561
f 1098//563 1097//562 1079//547
f 1099//563 1098//563 1080//548
f 1088//554 1087//553 1100//564
f 1102//566 1089//555 1088//554
f 1103//567 1090//556 1089//555
f 1091//557 1090//556 1103//567
f 1092//558 1105//569 1100//564
f 1106//55 1105//569 1092//558
f 1107//570 1106//55 1093//55
f 1095//560 1108//571 1107//570
f 1096//561 1109//572 1108//571
f 1097//562 1110//573 1109//572
f 1111//574 1110//573 1097//562
f 1112//574 1111//574 1098//563
f 95//41 5//4 46//4
f 1113//41 46//4 47//4
f 1114//41 47//4 48//23
f 1116//576 1115//575 48//23
f 1116//576 49//2 50//24
f 100//45 95//41 1113//41
f 1118//45 1113//41 1114//41
f 1119//45 1114//41 1115//575
f 1121//579 1120//578 1115//575
f 1121//579 1116//576 1117//577
f 105//49 100//45 1118//45
f 1123//49 1118//45 1119//45
f 1124//49 1119//45 1120//578
f 1125//581 1120//578 1121//579
f 1126//582 1121//579 1122//580
f 110//49 105//49 1123//49
f 1128//49 1123//49 1124//49
f 1129//49 1124//49 1125//581
f 1130//581 1125//581 1126//582
f 1131//582 1126//582 1127//583
f 115//49 110//49 1128//49
f 1133//49 1128//49 1129//49
f 1134//49 1129//49 1130//581
f 1135//581 1130//581 1131//582
f 1136//582 1131//582 1132//583
f 120//49 115//49 1133//49
f 1138//49 1133//49 1134//49
f 1139//49 1134//49 1135//581
f 1140//581 1135//581 1136//582
f 1141//582 1136//582 1137//583
f 125//49 120//49 1138//49
f 1143//49 1138//49 1139//49
f 1144//49 1139//49 1140//581
f 1145//581 1140//581 1141//582
f 1146//582 1141//582 1142//583
f 130//49 125//49 1143//49
f 1148//49 1143//49 1144//49
f 1149//49 1144//49 1145//581
f 1150//581 1145//581 1146//582
f 1151//582 1146//582 1147//583
f 1153//584 1117//577 50//24
f 1154//585 1122//580 1117//577
f 1127//583 1122//580 1154//585
f 1132//583 1127//583 1155//586
f 1137//583 1132//583 1156//586
f 1142//583 1137//583 1157//586
f 1147//583 1142//583 1158//586
f 1152//583 1147//583 1159//586
f 1153//584 55//25 60//25
f 1154//585 1153//584 1161//587
f 1155//586 1154//585 1162//588
f 1156//586 1155//586 1163//589
f 1157//586 1156//586 1164//589
f 1158//586 1157//586 1165//589
f 1159//586 1158//586 1166//589
f 1160//586 1159//586 1167//589
f 1161//587 60//25 65//25
f 1162//588 1161//587 1169//587
f 1163//589 1162//588 1170//588
f 1164//589 1163//589 1171//589
f 1165//589 1164//589 1172//589
f 1166//589 1165//589 1173//589
f 1167//589 1166//589 1174//589
f 1168//589 1167//589 1175//589
f 159//49 130//49 1148//49
f 1177//49 1148//49 1149//49
f 1178//49 1149//49 1150//581
f 1179//581 1150//581 1151//582
f 1180//582 1151//582 1152//583
f 164//49 159//49 1177//49
f 1182//49 1177//49 1178//49
f 1183//49 1178//49 1179//581
f 1184//581 1179//581 1180//582
f 1185//582 1180//582 1181//583
f 169//49 164//49 1182//49
f 1187//49 1182//49 1183//49
f 1188//49 1183//49 1184//581
f 1189//581 1184//581 1185//582
f 1190//582 1185//582 1186//583
f 174//49 169//49 1187//49
f 1192//49 1187//49 1188//49
f 1193//49 1188//49 1189//581
f 1194//581 1189//581 1190//582
f 1195//582 1190//582 1191//583
f 179//49 174//49 1192//49
f 1197//49 1192//49 1193//49
f 1198//49 1193//49 1194//581
f 1199//581 1194//581 1195//582
f 1200//582 1195//582 1196//583
f 184//49 179//49 1197//49
f 1202//49 1197//49 1198//49
f 1203//49 1198//49 1199//581
f 1204//581 1199//581 1200//582
f 1205//582 1200//582 1201//583
f 189//49 184//49 1202//49
f 1207//49 1202//49 1203//49
f 1208//49 1203//49 1204//581
f 1209//581 1204//581 1205//582
f 1210//582 1205//582 1206//583
f 194//49 189//49 1207//49
f 1212//49 1207//49 1208//49
f 1213//49 1208//49 1209//581
f 1214//581 1209//581 1210//582
f 1215//582 1210//582 1211//583
f 1181//583 1152//583 1160//586
f 1186//583 1181//583 1217//586
f 1191//583 1186//583 1218//586
f 1196//583 1191//583 1219//586
f 1201//583 1196//583 1220//586
f 1206//583 1201//583 1221//586
f 1211//583 1206//583 1222//586
f 1216//583 1211//583 1223//586
f 1217//586 1160//586 1168//589
f 1218//586 1217//586 1225//589
f 1219//586 1218//586 1226//589
f 1220//586 1219//586 1227//589
f 1221//586 1220//586 1228//589
f 1222//586 1221//586 1229//589
f 1223//586 1222//586 1230//589
f 1224//586 1223//586 1231//589
f 1225//589 1168//589 1176//589
f 1226//589 1225//589 1233//589
f 1227//589 1226//589 1234//589
f 1228//589 1227//589 1235//589
f 1229//589 1228//589 1236//589
f 1230//589 1229//589 1237//589
f 1231//589 1230//589 1238//589
f 1232//589 1231//589 1239//589
f 223//49 194//49 1212//49
f 1241//49 1212//49 1213//49
f 1242//49 1213//49 1214//581
f 1243//581 1214//581 1215//582
f 1244//582 1215//582 1216//583
f 228//49 223//49 1241//49
f 1246//49 1241//49 1242//49
f 1247//49 1242//49 1243//581
f 1248//581 1243//581 1244//582
f 1249//582 1244//582 1245//583
f 233//49 228//49 1246//49
f 1251//49 1246//49 1247//49
f 1252//49 1247//49 1248//581
f 1253//581 1248//581 1249//582
f 1254//582 1249//582 1250//583
f 238//49 233//49 1251//49
f 1256//49 1251//49 1252//49
f 1257//49 1252//49 1253//581
f 1258//581 1253//581 1254//582
f 1259//582 1254//582 1255//583
f 243//49 238//49 1256//49
f 1261//49 1256//49 1257//49
f 1262//49 1257//49 1258//581
f 1263//581 1258//581 1259//582
f 1264//582 1259//582 1260//583
f 248//59 243//49 1261//49
f 1266//59 1261//49 1262//49
f 1267//59 1262//49 1263//581
f 1268//590 1263//581 1264//582
f 1269//591 1264//582 1265//583
f 253//63 248//59 1266//59
f 1271//63 1266//59 1267//59
f 1272//63 1267//59 1268//590
f 1273//593 1268//590 1269//591
f 1274//594 1269//591 1270//592
f 258//67 253//63 1271//63
f 1276//67 1271//63 1272//63
f 1277//67 1272//63 1273//593
f 1278//596 1273//593 1274//594
f 1280//598 1279//597 1274//594
f 1245//583 1216//583 1224//586
f 1250//583 1245//583 1281//586
f 1255//583 1250//583 1282//586
f 1260//583 1255//583 1283//586
f 1265//583 1260//583 1284//586
f 1270//592 1265//583 1285//586
f 1275//595 1270//592 1286//586
f 1288//72 270//72 258//67
f 1289//72 1288//72 1276//67
f 1290//600 1289//72 1277//67
f 1279//597 1291//601 1290//600
f 1280//598 1292//602 1291//601
f 1280//598 1275//595 1287//599
f 1281//586 1224//586 1232//589
f 1282//586 1281//586 1293//589
f 1283//586 1282//586 1294//589
f 1284//586 1283//586 1295//589
f 1285//586 1284//586 1296//589
f 1286//586 1285//586 1297//589
f 1287//599 1286//586 1298//589
f 1300//77 282//77 270//72
f 1301//77 1300//77 1288//72
f 1302//604 1301//77 1289//72
f 1303//605 1302//604 1290//600
f 1304//606 1303//605 1291//601
f 1292//602 1287//599 1299//603
f 1293//589 1232//589 1240//589
f 1294//589 1293//589 1305//589
f 1295//589 1294//589 1306//589
f 1296//589 1295//589 1307//589
f 1297//589 1296//589 1308//589
f 1298//589 1297//589 1309//589
f 1299//603 1298//589 1310//589
f 1312//77 294//77 282//77
f 1313//77 1312//77 1300//77
f 1314//604 1313//77 1301//77
f 1315//605 1314//604 1302//604
f 1316//606 1315//605 1303//605
f 1304//606 1299//603 1311//603
f 1169//587 65//25 70//25
f 1170//588 1169//587 1317//607
f 1171//589 1170//588 1318//608
f 1172//589 1171//589 1319//609
f 1173//589 1172//589 1320//609
f 1174//589 1173//589 1321//609
f 1175//589 1174//589 1322//609
f 1176//589 1175//589 1323//609
f 1325//84 71//10 30//10
f 1326//84 72//10 71//10
f 1327//610 73//26 72//10
f 1328//611 74//27 73//26
f 1328//611 1329//612 75//28
f 1317//607 70//25 75//28
f 1330//88 1325//84 307//84
f 1331//88 1326//84 1325//84
f 1332//613 1327//610 1326//84
f 1333//614 1328//611 1327//610
f 1334//615 1329//612 1328//611
f 1318//608 1317//607 1329//612
f 1335//92 1330//88 312//88
f 1336//92 1331//88 1330//88
f 1337//616 1332//613 1331//88
f 1338//617 1333//614 1332//613
f 1339//618 1334//615 1333//614
f 1319//609 1318//608 1334//615
f 1340//92 1335//92 317//92
f 1341//92 1336//92 1335//92
f 1342//616 1337//616 1336//92
f 1343//617 1338//617 1337//616
f 1344//618 1339//618 1338//617
f 1320//609 1319//609 1339//618
f 1345//92 1340//92 322//92
f 1346//92 1341//92 1340//92
f 1347//616 1342//616 1341//92
f 1348//617 1343//617 1342//616
f 1349//618 1344//618 1343//617
f 1321//609 1320//609 1344//618
f 1350//92 1345//92 327//92
f 1351//92 1346//92 1345//92
f 1352//616 1347//616 1346//92
f 1353//617 1348//617 1347//616
f 1354//618 1349//618 1348//617
f 1322//609 1321//609 1349//618
f 1355//92 1350//92 332//92
f 1356//92 1351//92 1350//92
f 1357//616 1352//616 1351//92
f 1358//617 1353//617 1352//616
f 1359//618 1354//618 1353//617
f 1323//609 1322//609 1354//618
f 1360//96 1355//92 337//92
f 1361//96 1356//92 1355//92
f 1362//619 1357//616 1356//92
f 1363//620 1358//617 1357//616
f 1364//621 1359//618 1358//617
f 1324//609 1323//609 1359//618
f 1233//589 1176//589 1324//609
f 1234//589 1233//589 1365//622
f 1235//589 1234//589 1366//623
f 1236//589 1235//589 1367//589
f 1237//589 1236//589 1368//589
f 1238//589 1237//589 1369//589
f 1239//589 1238//589 1370//624
f 1240//589 1239//589 1371//625
f 1373//105 1360//96 342//96
f 1374//105 1361//96 1360//96
f 1375//627 1362//619 1361//96
f 1375//627 1376//628 1363//620
f 1377//629 1364//621 1363//620
f 1365//622 1324//609 1364//621
f 1378//630 1379//631 1377//629
f 1366//623 1365//622 1377//629
f 1380//632 1367//589 1366//623
f 1368//589 1367//589 1380//632
f 1369//589 1368//589 1381//589
f 1370//624 1369//589 1382//633
f 1388//637 1371//625 1370//624
f 1389//118 1384//114 366//114
f 1390//118 1385//114 1384//114
f 1391//638 1386//635 1385//114
f 1392//639 1387//636 1386//635
f 1393//640 1388//637 1387//636
f 1393//640 1372//626 1371//625
f 1373//105 355//105 375//121
f 1374//105 1373//105 1394//121
f 1375//627 1374//105 1395//121
f 1397//642 1376//628 1375//627
f 1398//125 1394//121 375//121
f 1399//125 1395//121 1394//121
f 1400//643 1396//641 1395//121
f 1400//643 1401//644 1397//642
f 1378//630 1376//628 1397//642
f 1402//645 1379//631 1378//630
f 1380//632 1379//631 1402//645
f 1381//589 1380//632 1403//646
f 1382//633 1381//589 1404//589
f 1383//634 1382//633 1405//647
f 1411//135 1406//131 388//131
f 1411//135 393//135 366//114
f 1412//135 1407//131 1406//131
f 1412//135 1411//135 1384//114
f 1413//651 1408//648 1407//131
f 1413//651 1412//135 1385//114
f 1413//651 1414//652 1409//649
f 1387//636 1414//652 1413//651
f 1415//653 1410//650 1409//649
f 1415//653 1414//652 1387//636
f 1415//653 1388//637 1383//634
f 1398//125 380//125 398//139
f 1399//125 1398//125 1416//139
f 1400//643 1399//125 1417//139
f 1419//655 1401//644 1400//643
f 1402//645 1401//644 1419//655
f 1403//646 1402//645 1420//656
f 1404//589 1403//646 1421//657
f 1405//647 1404//589 1422//589
f 1424//145 406//145 388//131
f 1425//145 1424//145 1406//131
f 1426//659 1425//145 1407//131
f 1427//660 1426//659 1408//648
f 1428//661 1427//660 1409//649
f 1428//661 1410//650 1405//647
f 1416//139 398//139 411//149
f 1417//139 1416//139 1429//149
f 1418//654 1417//139 1430//149
f 1419//655 1418//654 1431//662
f 1420//656 1419//655 1432//663
f 1421//657 1420//656 1433//664
f 1422//589 1421//657 1434//665
f 1423//658 1422//589 1435//589
f 1437//77 419//77 406//145
f 1438//77 1437//77 1424//145
f 1439//666 1438//77 1425//145
f 1440//667 1439//666 1426//659
f 1441//668 1440//667 1427//660
f 1428//661 1423//658 1436//658
f 1429//149 411//149 424//6
f 1430//149 1429//149 1442//6
f 1431//662 1430//149 1443//6
f 1432//663 1431//662 1444//669
f 1433//664 1432//663 1445//670
f 1434//665 1433//664 1446//671
f 1435//589 1434//665 1447//665
f 1436//658 1435//589 1448//589
f 1450//77 432//77 419//77
f 1451//77 1450//77 1437//77
f 1452//666 1451//77 1438//77
f 1453//667 1452//666 1439//666
f 1454//668 1453//667 1440//667
f 1441//668 1436//658 1449//658
f 1442//6 424//6 437//6
f 1443//6 1442//6 1455//6
f 1444//669 1443//6 1456//6
f 1445//670 1444//669 1457//669
f 1446//671 1445//670 1458//670
f 1447//665 1446//671 1459//671
f 1448//589 1447//665 1460//665
f 1449//658 1448//589 1461//589
f 1463//77 445//77 432//77
f 1464//77 1463//77 1450//77
f 1465//666 1464//77 1451//77
f 1466//667 1465//666 1452//666
f 1467//668 1466//667 1453//667
f 1454//668 1449//658 1462//658
f 1455//6 437//6 450//6
f 1456//6 1455//6 1468//6
f 1457//669 1456//6 1469//6
f 1458//670 1457//669 1470//669
f 1459//671 1458//670 1471//670
f 1460//665 1459//671 1472//671
f 1461//589 1460//665 1473//665
f 1462//658 1461//589 1474//589
f 1476//77 458//77 445//77
f 1477//77 1476//77 1463//77
f 1478//666 1477//77 1464//77
f 1479//667 1478//666 1465//666
f 1480//668 1479//667 1466//667
f 1467//668 1462//658 1475//658
f 1305//589 1240//589 1372//626
f 1306//589 1305//589 1481//609
f 1307//589 1306//589 1482//672
f 1308//589 1307//589 1483//673
f 1309//589 1308//589 1484//674
f 1310//589 1309//589 1485//589
f 1311//603 1310//589 1486//589
f 1488//77 470//77 294//77
f 1489//77 1488//77 1312//77
f 1490//604 1489//77 1313//77
f 1491//605 1490//604 1314//604
f 1492//606 1491//605 1315//605
f 1316//606 1311//603 1487//603
f 1493//92 1389//118 371//118
f 1494//92 1390//118 1389//118
f 1495//675 1391//638 1390//118
f 1495//675 1496//676 1392//639
f 1496//676 1497//677 1393//640
f 1497//677 1481//609 1372//626
f 1498//166 1493//92 475//92
f 1499//166 1494//92 1493//92
f 1500//678 1495//675 1494//92
f 1501//679 1496//676 1495//675
f 1502//680 1497//677 1496//676
f 1482//672 1481//609 1497//677
f 1503//170 1498//166 480//166
f 1504//170 1499//166 1498//166
f 1505//681 1500//678 1499//166
f 1505//681 1506//682 1501//679
f 1506//682 1507//683 1502//680
f 1483//673 1482//672 1502//680
f 1484//674 1483//673 1507//683
f 1509//685 1485//589 1484//674
f 1486//589 1485//589 1509//685
f 1487//603 1486//589 1510//589
f 1512//77 494//77 470//77
f 1513//77 1512//77 1488//77
f 1514//604 1513//77 1489//77
f 1515//605 1514//604 1490//604
f 1516//606 1515//605 1491//605
f 1492//606 1487//603 1511//603
f 1503//170 485//170 499//176
f 1504//170 1503//170 1517//176
f 1505//681 1504//170 1518//176
f 1506//682 1505//681 1519//686
f 1521//688 1507//683 1506//682
f 1522//180 1517//176 499//176
f 1523//180 1518//176 1517//176
f 1524//689 1519//686 1518//176
f 1525//690 1520//687 1519//686
f 1525//690 1526//691 1521//688
f 1508//684 1507//683 1521//688
f 1527//692 1509//685 1508//684
f 1510//589 1509//685 1527//692
f 1511//603 1510//589 1528//589
f 1530//77 512//77 494//77
f 1531//77 1530//77 1512//77
f 1532//604 1531//77 1513//77
f 1533//605 1532//604 1514//604
f 1534//606 1533//605 1515//605
f 1516//606 1511//603 1529//603
f 1522//180 504//180 517//185
f 1523//180 1522//180 1535//185
f 1524//689 1523//180 1536//185
f 1538//694 1525//690 1524//689
f 1539//695 1526//691 1525//690
f 1527//692 1526//691 1539//695
f 1528//589 1527//692 1540//696
f 1529//603 1528//589 1541//589
f 1543//77 525//77 512//77
f 1544//77 1543//77 1530//77
f 1545//604 1544//77 1531//77
f 1546//605 1545//604 1532//604
f 1547//606 1546//605 1533//605
f 1534//606 1529//603 1542//603
f 1535//185 517//185 530//6
f 1536//185 1535//185 1548//6
f 1537//693 1536//185 1549//6
f 1538//694 1537//693 1550//697
f 1539//695 1538//694 1551//698
f 1540//696 1539//695 1552//699
f 1541//589 1540//696 1553//696
f 1542//603 1541//589 1554//589
f 1556//77 538//77 525//77
f 1557//77 1556//77 1543//77
f 1558//604 1557//77 1544//77
f 1559//605 1558//604 1545//604
f 1560//606 1559//605 1546//605
f 1547//606 1542//603 1555//603
f 1548//6 530//6 543//6
f 1549//6 1548//6 1561//6
f 1550//697 1549//6 1562//6
f 1551//698 1550//697 1563//697
f 1552//699 1551//698 1564//698
f 1553//696 1552//699 1565//699
f 1554//589 1553//696 1566//696
f 1555//603 1554//589 1567//589
f 1569//77 551//77 538//77
f 1570//77 1569//77 1556//77
f 1571//604 1570//77 1557//77
f 1572//605 1571//604 1558//604
f 1573//606 1572//605 1559//605
f 1560//606 1555//603 1568//603
f 1561//6 543//6 556//6
f 1562//6 1561//6 1574//6
f 1563//697 1562//6 1575//6
f 1564//698 1563//697 1576//697
f 1565//699 1564//698 1577//698
f 1566//696 1565//699 1578//699
f 1567//589 1566//696 1579//696
f 1568//603 1567//589 1580//589
f 1582//77 564//77 551//77
f 1583//77 1582//77 1569//77
f 1584//604 1583//77 1570//77
f 1585//605 1584//604 1571//604
f 1586//606 1585//605 1572//605
f 1573//606 1568//603 1581//603
f 1574//6 556//6 569//6
f 1575//6 1574//6 1587//6
f 1576//697 1575//6 1588//6
f 1577//698 1576//697 1589//697
f 1578//699 1577//698 1590//698
f 1579//696 1578//699 1591//699
f 1580//589 1579//696 1592//696
f 1581//603 1580//589 1593//589
f 1595//77 577//77 564//77
f 1596//77 1595//77 1582//77
f 1597//604 1596//77 1583//77
f 1598//605 1597//604 1584//604
f 1599//606 1598//605 1585//605
f 1586//606 1581//603 1594//603
f 587//197 582//193 1600//193
f 1605//197 1600//193 1601//193
f 1606//197 1601//193 1602//700
f 1608//704 1607//703 1602//700
f 1608//704 1603//701 1604//702
f 1468//6 450//6 592//6
f 1469//6 1468//6 1610//6
f 1470//669 1469//6 1611//6
f 1471//670 1470//669 1612//669
f 1472//671 1471//670 1613//670
f 1473//665 1472//671 1614//671
f 1474//589 1473//665 1615//665
f 1475//658 1474//589 1616//589
f 1618//77 600//77 458//77
f 1619//77 1618//77 1476//77
f 1620//666 1619//77 1477//77
f 1621//667 1620//666 1478//666
f 1622//668 1621//667 1479//667
f 1480//668 1475//658 1617//658
f 1610//6 592//6 605//201
f 1611//6 1610//6 1623//201
f 1612//669 1611//6 1624//201
f 1613//670 1612//669 1625//706
f 1614//671 1613//670 1626//707
f 1615//665 1614//671 1627//708
f 1616//589 1615//665 1628//709
f 1617//658 1616//589 1629//710
f 1631//208 613//208 600//77
f 1632//208 1631//208 1618//77
f 1633//712 1632//208 1619//77
f 1634//713 1633//712 1620//666
f 1635//714 1634//713 1621//667
f 1622//668 1617//658 1630//711
f 1623//201 605//201 618//212
f 1624//201 1623//201 1636//212
f 1625//706 1624//201 1637//212
f 1626//707 1625//706 1638//715
f 1640//717 1627//708 1626//707
f 1628//709 1627//708 1640//717
f 1629//710 1628//709 1641//718
f 1630//711 1629//710 1642//719
f 1644//219 626//219 613//208
f 1645//219 1644//219 1631//208
f 1646//721 1645//219 1632//208
f 1634//713 1647//722 1646//721
f 1635//714 1648//723 1647//722
f 1648//723 1635//714 1630//711
f 1636//212 618//212 631//223
f 1637//212 1636//212 1649//223
f 1638//715 1637//212 1650//223
f 1639//716 1638//715 1651//724
f 1653//725 1640//717 1639//716
f 1654//92 1649//223 631//223
f 1655//92 1650//223 1649//223
f 1656//92 1651//724 1650//223
f 1657//92 1652//221 1651//724
f 1657//92 1658//726 1653//725
f 1641//718 1640//717 1653//725
f 1659//92 1654//92 636//92
f 1660//92 1655//92 1654//92
f 1661//92 1656//92 1655//92
f 1662//92 1657//92 1656//92
f 1663//726 1658//726 1657//92
f 1642//719 1641//718 1658//726
f 1664//92 1659//92 641//92
f 1665//92 1660//92 1659//92
f 1666//92 1661//92 1660//92
f 1667//92 1662//92 1661//92
f 1668//726 1663//726 1662//92
f 1643//720 1642//719 1663//726
f 1669//228 1664//92 646//92
f 1669//228 651//228 626//219
f 1670//228 1665//92 1664//92
f 1670//228 1669//228 1644//219
f 1671//727 1666//92 1665//92
f 1671//727 1670//228 1645//219
f 1672//728 1667//92 1666//92
f 1647//722 1672//728 1671//727
f 1673//729 1668//726 1667//92
f 1648//723 1673//729 1672//728
f 1673//729 1648//723 1643//720
f 656//232 587//197 1605//197
f 1674//232 1605//197 1606//197
f 1675//232 1606//197 1607//703
f 1677//731 1676//730 1607//703
f 1678//732 1677//731 1608//704
f 661//236 656//232 1674//232
f 1679//236 1674//232 1675//232
f 1680//236 1675//232 1676//730
f 1682//734 1681//733 1676//730
f 1683//735 1682//734 1677//731
f 666//240 661//236 1679//236
f 1684//240 1679//236 1680//236
f 1685//240 1680//236 1681//733
f 1687//737 1686//736 1681//733
f 1688//738 1687//737 1682//734
f 671//244 666//240 1684//240
f 1689//244 1684//240 1685//240
f 1690//244 1685//240 1686//736
f 1692//740 1691//739 1686//736
f 1693//741 1692//740 1687//737
f 676//248 671//244 1689//244
f 1694//248 1689//244 1690//244
f 1695//248 1690//244 1691//739
f 1696//742 1691//739 1692//740
f 1697//743 1692//740 1693//741
f 681//252 676//248 1694//248
f 1699//252 1694//248 1695//248
f 1700//252 1695//248 1696//742
f 1701//745 1696//742 1697//743
f 1702//746 1697//743 1698//744
f 686//256 681//252 1699//252
f 1704//256 1699//252 1700//252
f 1705//256 1700//252 1701//745
f 1706//748 1701//745 1702//746
f 1707//749 1702//746 1703//747
f 691//260 686//256 1704//256
f 1709//260 1704//256 1705//256
f 1710//260 1705//256 1706//748
f 1711//751 1706//748 1707//749
f 1712//752 1707//749 1708//750
f 1587//6 569//6 696//6
f 1588//6 1587//6 1714//6
f 1589//697 1588//6 1715//6
f 1590//698 1589//697 1716//697
f 1591//699 1590//698 1717//698
f 1592//696 1591//699 1718//699
f 1593//589 1592//696 1719//696
f 1594//603 1593//589 1720//589
f 1722//77 704//77 577//77
f 1723//77 1722//77 1595//77
f 1724//604 1723//77 1596//77
f 1725//605 1724//604 1597//604
f 1726//606 1725//605 1598//605
f 1599//606 1594//603 1721//603
f 1714//6 696//6 709//6
f 1715//6 1714//6 1727//6
f 1716//697 1715//6 1728//6
f 1717//698 1716//697 1729//697
f 1718//699 1717//698 1730//698
f 1719//696 1718//699 1731//699
f 1720//589 1719//696 1732//696
f 1721//603 1720//589 1733//589
f 1735//77 717//77 704//77
f 1736//77 1735//77 1722//77
f 1737//604 1736//77 1723//77
f 1738//605 1737//604 1724//604
f 1739//606 1738//605 1725//605
f 1726//606 1721//603 1734//603
f 1727//6 709//6 722//264
f 1728//6 1727//6 1740//264
f 1729//697 1728//6 1741//264
f 1730//698 1729//697 1742//754
f 1731//699 1730//698 1743//755
f 1732//696 1731//699 1744//756
f 1733//589 1732//696 1745//757
f 1734//603 1733//589 1746//758
f 1748//271 730//271 717//77
f 1749//271 1748//271 1735//77
f 1750//760 1749//271 1736//77
f 1751//761 1750//760 1737//604
f 1752//762 1751//761 1738//605
f 1739//606 1734//603 1747//759
f 1740//264 722//264 735//275
f 1741//264 1740//264 1753//275
f 1742//754 1741//264 1754//275
f 1743//755 1742//754 1755//763
f 1744//756 1743//755 1756//764
f 1745//757 1744//756 1757//765
f 1746//758 1745//757 1758//766
f 1747//759 1746//758 1759//767
f 1761//282 743//282 730//271
f 1762//282 1761//282 1748//271
f 1763//769 1762//282 1749//271
f 1751//761 1764//770 1763//769
f 1765//771 1764//770 1751//761
f 1765//771 1752//762 1747//759
f 1753//275 735//275 748//286
f 1754//275 1753//275 1766//286
f 1755//763 1754//275 1767//286
f 1756//764 1755//763 1768//772
f 1757//765 1756//764 1769//773
f 1771//289 1766//286 748//286
f 1772//289 1767//286 1766//286
f 1773//289 1768//772 1767//286
f 1774//775 1769//773 1768//772
f 1774//775 1775//776 1770//774
f 1758//766 1757//765 1770//774
f 1776//92 1771//289 753//289
f 1777//92 1772//289 1771//289
f 1778//92 1773//289 1772//289
f 1779//777 1774//775 1773//289
f 1780//778 1775//776 1774//775
f 1759//767 1758//766 1775//776
f 1781//294 1776//92 758//92
f 1782//294 1777//92 1776//92
f 1783//294 1778//92 1777//92
f 1784//779 1779//777 1778//92
f 1785//780 1780//778 1779//777
f 1760//768 1759//767 1780//778
f 1786//298 1781//294 763//294
f 1786//298 768//298 743//282
f 1787//298 1782//294 1781//294
f 1787//298 1786//298 1761//282
f 1788//781 1783//294 1782//294
f 1788//781 1787//298 1762//282
f 1789//782 1784//779 1783//294
f 1764//770 1789//782 1788//781
f 1790//783 1785//780 1784//779
f 1790//783 1789//782 1764//770
f 1790//783 1765//771 1760//768
f 773//302 691//260 1709//260
f 1791//302 1709//260 1710//260
f 1792//302 1710//260 1711//751
f 1793//784 1711//751 1712//752
f 1795//786 1794//785 1712//752
f 783//310 778//306 1796//306
f 1801//310 1796//306 1797//306
f 1802//310 1797//306 1798//787
f 1804//791 1803//790 1798//787
f 1804//791 1799//788 1800//789
f 788//314 783//310 1801//310
f 1806//314 1801//310 1802//310
f 1807//314 1802//310 1803//790
f 1809//794 1808//793 1803//790
f 1810//795 1809//794 1804//791
f 793//318 788//314 1806//314
f 1600//193 582//193 793//318
f 1811//318 1806//314 1807//314
f 1601//193 1600//193 1811//318
f 1812//318 1807//314 1808//793
f 1602//700 1601//193 1812//318
f 1814//797 1813//796 1808//793
f 1603//701 1602//700 1813//796
f 1814//797 1809//794 1810//795
f 1815//798 1604//702 1603//701
f 1816//799 1609//705 1604//702
f 804//327 799//323 1817//323
f 1796//306 778//306 804//327
f 1822//327 1817//323 1818//323
f 1797//306 1796//306 1822//327
f 1823//327 1818//323 1819//800
f 1798//787 1797//306 1823//327
f 1825//804 1824//803 1819//800
f 1799//788 1798//787 1824//803
f 1825//804 1820//801 1821//802
f 1800//789 1799//788 1825//804
f 1827//806 1805//792 1800//789
f 1828//807 1810//795 1805//792
f 1829//808 1815//798 1810//795
f 1816//799 1815//798 1829//808
f 818//339 813//335 1831//335
f 1817//323 799//323 818//339
f 1836//339 1831//335 1832//335
f 1818//323 1817//323 1836//339
f 1837//339 1832//335 1833//810
f 1819//800 1818//323 1837//339
f 1839//814 1838//813 1833//810
f 1839//814 1820//801 1819//800
f 1839//814 1834//811 1835//812
f 1821//802 1820//801 1839//814
f 1841//816 1826//805 1821//802
f 1842//817 1827//806 1826//805
f 1828//807 1827//806 1842//817
f 1829//808 1828//807 1843//589
f 1830//809 1829//808 1844//589
f 833//349 828//345 1846//345
f 1831//335 813//335 833//349
f 1851//349 1846//345 1847//345
f 1832//335 1831//335 1851//349
f 1852//349 1847//345 1848//818
f 1833//810 1832//335 1852//349
f 1853//821 1848//818 1849//819
f 1854//822 1834//811 1833//810
f 1854//822 1849//819 1850//820
f 1835//812 1834//811 1854//822
f 1856//824 1840//815 1835//812
f 1841//816 1840//815 1856//824
f 1842//817 1841//816 1857//589
f 1843//589 1842//817 1858//589
f 1844//589 1843//589 1859//825
f 1845//589 1844//589 1860//826
f 1846//345 828//345 844//357
f 1847//345 1846//345 1862//357
f 1848//818 1847//345 1863//357
f 1865//829 1849//819 1848//818
f 1850//820 1849//819 1865//829
f 1867//831 1855//823 1850//820
f 1868//832 1856//824 1855//823
f 1857//589 1856//824 1868//832
f 1858//589 1857//589 1869//589
f 1859//825 1858//589 1870//833
f 1860//826 1859//825 1871//834
f 1877//371 1872//366 854//366
f 1878//839 1873//835 1872//366
f 1878//839 1879//840 1874//836
f 1879//840 1880//841 1875//837
f 1881//842 1876//838 1875//837
f 1881//842 1861//827 1860//826
f 864//375 35//14 76//14
f 1862//357 844//357 864//375
f 1882//375 76//14 77//14
f 1863//357 1862//357 1882//375
f 1883//375 77//14 78//29
f 1864//828 1863//357 1883//375
f 1884//843 78//29 79//30
f 1885//844 1865//829 1864//828
f 1885//844 79//30 80//31
f 1886//845 1866//830 1865//829
f 1887//846 1867//831 1866//830
f 1868//832 1867//831 1887//846
f 1869//589 1868//832 1888//589
f 1870//833 1869//589 1889//847
f 1895//387 1890//382 872//382
f 1896//852 1891//848 1890//382
f 1896//852 1897//853 1892//849
f 1897//853 1898//854 1893//850
f 1899//855 1894//851 1893//850
f 1899//855 1871//834 1870//833
f 1900//392 1895//387 877//387
f 1900//392 882//392 854//366
f 1901//856 1896//852 1895//387
f 1901//856 1900//392 1872//366
f 1901//856 1902//857 1897//853
f 1902//857 1901//856 1873//835
f 1902//857 1903//858 1898//854
f 1875//837 1903//858 1902//857
f 1904//859 1899//855 1898//854
f 1876//838 1904//859 1903//858
f 1904//859 1876//838 1871//834
f 1905//860 1886//845 80//31
f 1906//861 1887//846 1886//845
f 1888//589 1887//846 1906//861
f 1889//847 1888//589 1907//862
f 1913//405 1908//400 890//400
f 1913//405 895//405 872//382
f 1914//867 1909//863 1908//400
f 1914//867 1913//405 1890//382
f 1915//868 1910//864 1909//863
f 1915//868 1914//867 1891//848
f 1915//868 1916//869 1911//865
f 1916//869 1915//868 1892//849
f 1917//870 1912//866 1911//865
f 1917//870 1916//869 1893//850
f 1917//870 1894//851 1889//847
f 1918//871 1905//860 85//34
f 1906//861 1905//860 1918//871
f 1907//862 1906//861 1919//589
f 1921//412 903//412 890//400
f 1922//873 1921//412 1908//400
f 1923//874 1922//873 1909//863
f 1911//865 1924//875 1923//874
f 1925//876 1924//875 1911//865
f 1925//876 1912//866 1907//862
f 1926//877 1678//732 1609//705
f 1927//878 1683//735 1678//732
f 1928//879 1688//738 1683//735
f 1929//880 1693//741 1688//738
f 1698//744 1693//741 1929//880
f 1703//747 1698//744 1930//881
f 1708//750 1703//747 1931//882
f 1713//753 1708//750 1932//883
f 1926//877 1816//799 1830//809
f 1927//878 1926//877 1934//589
f 1928//879 1927//878 1935//589
f 1929//880 1928//879 1936//589
f 1930//881 1929//880 1937//589
f 1931//882 1930//881 1938//589
f 1932//883 1931//882 1939//589
f 1941//885 1933//884 1932//883
f 1934//589 1830//809 1845//589
f 1935//589 1934//589 1942//589
f 1936//589 1935//589 1943//589
f 1937//589 1936//589 1944//589
f 1938//589 1937//589 1945//589
f 1939//589 1938//589 1946//589
f 1940//589 1939//589 1947//589
f 1941//885 1940//589 1948//589
f 1942//589 1845//589 1861//827
f 1943//589 1942//589 1950//886
f 1944//589 1943//589 1951//887
f 1945//589 1944//589 1952//888
f 1946//589 1945//589 1953//888
f 1947//589 1946//589 1954//888
f 1948//589 1947//589 1955//889
f 1949//589 1948//589 1956//890
f 1958//432 1877//371 859//371
f 1959//892 1878//839 1877//371
f 1959//892 1960//893 1879//840
f 1960//893 1961//894 1880//841
f 1961//894 1962//895 1881//842
f 1962//895 1950//886 1861//827
f 1963//436 1958//432 940//432
f 1964//436 1959//892 1958//432
f 1964//436 1965//896 1960//893
f 1965//896 1966//897 1961//894
f 1966//897 1967//898 1962//895
f 1967//898 1951//887 1950//886
f 1968//440 1963//436 945//436
f 1969//440 1964//436 1963//436
f 1970//899 1965//896 1964//436
f 1970//899 1971//900 1966//897
f 1971//900 1972//901 1967//898
f 1972//901 1952//888 1951//887
f 1973//92 1968//440 950//440
f 1974//92 1969//440 1968//440
f 1975//902 1970//899 1969//440
f 1976//903 1971//900 1970//899
f 1977//904 1972//901 1971//900
f 1953//888 1952//888 1972//901
f 1978//447 1973//92 955//92
f 1979//447 1974//92 1973//92
f 1980//905 1975//902 1974//92
f 1981//906 1976//903 1975//902
f 1982//907 1977//904 1976//903
f 1954//888 1953//888 1977//904
f 1983//451 1978//447 960//447
f 1984//451 1979//447 1978//447
f 1985//908 1980//905 1979//447
f 1986//909 1981//906 1980//905
f 1987//910 1982//907 1981//906
f 1955//889 1954//888 1982//907
f 1988//456 1983//451 965//451
f 1989//911 1984//451 1983//451
f 1990//912 1985//908 1984//451
f 1991//913 1986//909 1985//908
f 1992//914 1987//910 1986//909
f 1956//890 1955//889 1987//910
f 1993//461 1988//456 970//456
f 1994//915 1989//911 1988//456
f 1995//916 1990//912 1989//911
f 1996//917 1991//913 1990//912
f 1997//918 1992//914 1991//913
f 1957//891 1956//890 1992//914
f 1998//465 980//465 773//302
f 1999//465 1998//465 1791//302
f 2000//919 1999//465 1792//302
f 1794//785 2001//920 2000//919
f 2002//921 2001//920 1794//785
f 1795//786 1713//753 1933//884
f 985//469 980//465 1998//465
f 2003//469 1998//465 1999//465
f 2004//469 1999//465 2000//919
f 2005//922 2000//919 2001//920
f 2007//924 2006//923 2001//920
f 990//473 985//469 2003//469
f 2008//473 2003//469 2004//469
f 2009//473 2004//469 2005//922
f 2010//925 2005//922 2006//923
f 2011//926 2006//923 2007//924
f 995//477 990//473 2008//473
f 2013//477 2008//473 2009//473
f 2014//477 2009//473 2010//925
f 2015//928 2010//925 2011//926
f 2017//930 2016//929 2011//926
f 2018//931 2002//921 1933//884
f 2007//924 2002//921 2018//931
f 2012//927 2007//924 2019//932
f 2021//484 1003//484 995//477
f 2022//484 2021//484 2013//477
f 2023//934 2022//484 2014//477
f 2016//929 2024//935 2023//934
f 2017//930 2025//936 2024//935
f 2017//930 2012//927 2020//933
f 1008//488 1003//484 2021//484
f 2026//488 2021//484 2022//484
f 2027//488 2022//484 2023//934
f 2028//937 2023//934 2024//935
f 2030//939 2029//938 2024//935
f 2018//931 1941//885 1949//589
f 2019//932 2018//931 2031//589
f 2033//940 2020//933 2019//932
f 2034//941 2025//936 2020//933
f 2035//494 1017//494 1008//488
f 2036//494 2035//494 2026//488
f 2037//942 2036//494 2027//488
f 2029//938 2038//943 2037//942
f 2030//939 2039//944 2038//943
f 2030//939 2025//936 2034//941
f 1022//498 1017//494 2035//494
f 2040//498 2035//494 2036//494
f 2041//498 2036//494 2037//942
f 2043//946 2042//945 2037//942
f 2044//947 2043//946 2038//943
f 2031//589 1949//589 1957//891
f 2032//589 2031//589 2045//948
f 2033//940 2032//589 2046//949
f 2034//941 2033//940 2047//589
f 2049//950 2039//944 2034//941
f 2050//505 1032//505 1022//498
f 2051//505 2050//505 2040//498
f 2052//951 2051//505 2041//498
f 2053//952 2052//951 2042//945
f 2044//947 2054//953 2053//952
f 2044//947 2039//944 2049//950
f 1037//509 1032//505 2050//505
f 2055//509 2050//505 2051//505
f 2056//509 2051//505 2052//951
f 2058//955 2057//954 2052//951
f 2059//956 2058//955 2053//952
f 2060//513 1993//461 975//461
f 2061//513 1994//915 1993//461
f 2062//957 1995//916 1994//915
f 2063//958 1996//917 1995//916
f 2063//958 2064//959 1997//918
f 2045//948 1957//891 1997//918
f 2065//960 2046//949 2045//948
f 2066//961 2047//589 2046//949
f 2048//589 2047//589 2066//961
f 2049//950 2048//589 2067//962
f 2069//963 2054//953 2049//950
f 2070//521 1052//521 1037//509
f 2071//521 2070//521 2055//509
f 2072//964 2071//521 2056//509
f 2073//965 2072//964 2057//954
f 2059//956 2074//966 2073//965
f 2059//956 2054//953 2069//963
f 1057//525 1052//521 2070//521
f 2075//525 2070//521 2071//521
f 2076//525 2071//521 2072//964
f 2078//968 2077//967 2072//964
f 2079//969 2078//968 2073//965
f 2060//513 1042//513 1062//530
f 2061//513 2060//513 2080//530
f 2082//971 2062//957 2061//513
f 2063//958 2062//957 2082//971
f 2084//973 2064//959 2063//958
f 2085//535 2080//530 1062//530
f 2086//974 2081//970 2080//530
f 2087//975 2082//971 2081//970
f 2088//976 2083//972 2082//971
f 2088//976 2089//977 2084//973
f 2065//960 2064//959 2084//973
f 2090//540 2085//535 1067//535
f 2091//978 2086//974 2085//535
f 2092//979 2087//975 2086//974
f 2093//980 2088//976 2087//975
f 2093//980 2094//981 2089//977
f 2066//961 2065//960 2089//977
f 2067//962 2066//961 2094//981
f 2068//589 2067//962 2095//982
f 2069//963 2068//589 2096//983
f 2074//966 2069//963 2097//984
f 2099//548 1081//548 1057//525
f 2100//548 2099//548 2075//525
f 2101//986 2100//548 2076//525
f 2102//987 2101//986 2077//967
f 2079//969 2103//988 2102//987
f 2079//969 2074//966 2098//985
f 2090//540 1072//540 1086//552
f 2091//978 2090//540 2104//552
f 2106//989 2092//979 2091//978
f 2107//990 2093//980 2092//979
f 2108//991 2094//981 2093//980
f 2109//557 2104//552 1086//552
f 2110//992 2105//552 2104//552
f 2110//992 2111//993 2106//989
f 2111//993 2112//994 2107//990
f 2112//994 2113//995 2108//991
f 2095//982 2094//981 2108//991
f 2096//983 2095//982 2113//995
f 2097//984 2096//983 2114//996
f 2116//997 2098//985 2097//984
f 2117//563 1099//563 1081//548
f 2118//563 2117//563 2099//548
f 2119//998 2118//563 2100//548
f 2120//999 2119//998 2101//986
f 2121//1000 2120//999 2102//987
f 2103//988 2098//985 2116//997
f 2109//557 1091//557 1104//568
f 2110//992 2109//557 2122//568
f 2111//993 2110//992 2123//1001
f 2112//994 2111//993 2124//1002
f 2126//1004 2113//995 2112//994
f 2114//996 2113//995 2126//1004
f 2115//589 2114//996 2127//1005
f 2116//997 2115//589 2128//589
f 2130//574 1112//574 1099//563
f 2131//574 2130//574 2117//563
f 2132//1007 2131//574 2118//563
f 2133//1008 2132//1007 2119//998
f 2134//1009 2133//1008 2120//999
f 2121//1000 2116//997 2129//1006
f 42//20 41//19 2135//1010
f 43//21 42//20 2136//1011
f 44//22 43//21 2137//1012
f 45//22 44//22 2138//1013
f 2141//1015 2136//1011 2135//1010
f 2142//1016 2137//1012 2136//1011
f 2138//1013 2137//1012 2142//1016
f 2139//1013 2138//1013 2143//1017
f 2146//1019 2141//1015 2140//1014
f 2147//1020 2142//1016 2141//1015
f 2143//1017 2142//1016 2147//1020
f 2144//1017 2143//1017 2148//1021
f 2146//1019 2145//1018 2150//1022
f 2152//1024 2147//1020 2146//1019
f 2148//1021 2147//1020 2152//1024
f 2149//1021 2148//1021 2153//1025
f 2161//1031 2156//1027 2155//1026
f 2157//1028 2156//1027 2161//1031
f 2158//1029 2157//1028 2162//1032
f 2159//1029 2158//1029 2163//1033
f 2161//1031 2160//1030 2165//1034
f 2162//1032 2161//1031 2166//1035
f 2163//1033 2162//1032 2167//1036
f 2164//1033 2163//1033 2168//1037
f 2171//1039 2166//1035 2165//1034
f 2172//1040 2167//1036 2166//1035
f 2168//1037 2167//1036 2172//1040
f 2169//1037 2168//1037 2173//1041
f 2171//1039 2170//1038 2175//1042
f 2177//1044 2172//1040 2171//1039
f 2173//1041 2172//1040 2177//1044
f 2174//1041 2173//1041 2178//1045
f 2186//6 2181//1047 2180//1046
f 2182//1048 2181//1047 2186//6
f 2183//1048 2182//1048 2187//6
f 2184//1048 2183//1048 2188//6
f 2186//6 2185//5 2190//5
f 2187//6 2186//6 2191//6
f 2188//6 2187//6 2192//6
f 2189//6 2188//6 2193//6
f 2191//6 2190//5 2195//1049
f 2192//6 2191//6 2196//6
f 2193//6 2192//6 2197//6
f 2194//6 2193//6 2198//6
f 2196//6 2195//1049 2200//1050
f 2197//6 2196//6 2201//6
f 2198//6 2197//6 2202//6
f 2199//6 2198//6 2203//6
f 2201//6 2200//1050 2205//1051
f 2202//6 2201//6 2206//1052
f 2203//6 2202//6 2207//1052
f 2204//6 2203//6 2208//1052
f 86//22 45//22 2139//1013
f 87//22 86//22 2210//1013
f 88//35 87//22 2211//1013
f 2213//1054 89//36 88//35
f 2214//1055 90//37 89//36
f 2210//1013 2139//1013 2144//1017
f 2211//1013 2210//1013 2215//1017
f 2212//1053 2211//1013 2216//1017
f 2213//1054 2212//1053 2217//1056
f 2214//1055 2213//1054 2218//1057
f 2215//1017 2144//1017 2149//1021
f 2216//1017 2215//1017 2220//1021
f 2217//1056 2216//1017 2221//1021
f 2218//1057 2217//1056 2222//1059
f 2219//1058 2218//1057 2223//1060
f 2220//1021 2149//1021 2154//1025
f 2221//1021 2220//1021 2225//1025
f 2222//1059 2221//1021 2226//1025
f 2223//1060 2222//1059 2227//1062
f 2229//1064 2224//1061 2223//1060
f 2230//1029 2159//1029 2164//1033
f 2231//1029 2230//1029 2235//1033
f 2232//1065 2231//1029 2236//1033
f 2238//1069 2233//1066 2232//1065
f 2234//1067 2233//1066 2238//1069
f 2235//1033 2164//1033 2169//1037
f 2236//1033 2235//1033 2240//1037
f 2237//1068 2236//1033 2241//1037
f 2243//1072 2238//1069 2237//1068
f 2244//1073 2239//1070 2238//1069
f 2240//1037 2169//1037 2174//1041
f 2241//1037 2240//1037 2245//1041
f 2242//1071 2241//1037 2246//1041
f 2243//1072 2242//1071 2247//1074
f 2244//1073 2243//1072 2248//1075
f 2245//1041 2174//1041 2179//1045
f 2246//1041 2245//1041 2250//1045
f 2247//1074 2246//1041 2251//1045
f 2248//1075 2247//1074 2252//1077
f 2254//1079 2249//1076 2248//1075
f 2255//1048 2184//1048 2189//6
f 2256//1048 2255//1048 2260//6
f 2257//1048 2256//1048 2261//6
f 2258//1080 2257//1048 2262//6
f 2259//1081 2258//1080 2263//6
f 2260//6 2189//6 2194//6
f 2261//6 2260//6 2265//6
f 2262//6 2261//6 2266//6
f 2263//6 2262//6 2267//6
f 2264//25 2263//6 2268//6
f 2265//6 2194//6 2199//6
f 2266//6 2265//6 2270//6
f 2267//6 2266//6 2271//6
f 2268//6 2267//6 2272//6
f 2269//25 2268//6 2273//6
f 2270//6 2199//6 2204//6
f 2271//6 2270//6 2275//6
f 2272//6 2271//6 2276//6
f 2273//6 2272//6 2277//6
f 2274//1082 2273//6 2278//6
f 2275//6 2204//6 2209//1052
f 2276//6 2275//6 2280//1052
f 2277//6 2276//6 2281//1052
f 2278//6 2277//6 2282//1052
f 2284//1084 2279//1083 2278//6
f 2285//1085 2135//1010 41//19
f 2286//55 2285//1085 896//406
f 2287//1086 2286//55 897//55
f 2288//1087 2287//1086 898//407
f 2289//1088 2288//1087 899//408
f 2290//1089 2289//1088 900//409
f 2291//1090 2290//1089 901//410
f 2292//1091 2291//1090 902//411
f 2285//1085 2293//1092 2140//1014
f 2294//55 2293//1092 2285//1085
f 2295//1093 2294//55 2286//55
f 2288//1087 2296//1094 2295//1093
f 2289//1088 2297//1095 2296//1094
f 2298//1096 2297//1095 2289//1088
f 2291//1090 2299//1097 2298//1096
f 2300//1098 2299//1097 2291//1090
f 2301//1099 2297//1095 2298//1096
f 2302//1100 2298//1096 2299//1097
f 2303//1101 2299//1097 2300//1098
f 2293//1092 2305//1103 2145//1018
f 2306//1104 2305//1103 2293//1092
f 2307//1105 2306//1104 2294//55
f 2296//1094 2308//1106 2307//1105
f 2309//1107 2308//1106 2296//1094
f 2310//1108 2308//1106 2309//1107
f 2301//1099 2311//1109 2309//1107
f 2312//1110 2311//1109 2301//1099
f 2303//1101 2313//1111 2312//1110
f 2314//1112 2313//1111 2303//1101
f 2305//1103 2315//1113 2150//1022
f 2316//1114 2151//1023 2150//1022
f 2317//1115 2152//1024 2151//1023
f 2318//1116 2153//1025 2152//1024
f 2319//1116 2154//1025 2153//1025
f 2320//1117 2315//1113 2305//1103
f 2321//55 2320//1117 2306//1104
f 2322//1118 2321//55 2307//1105
f 2310//1108 2323//1119 2322//1118
f 2324//1120 2323//1119 2310//1108
f 2312//1110 2325//1121 2324//1120
f 2313//1111 2326//1122 2325//1121
f 2327//1123 2326//1122 2313//1111
f 2328//1124 2323//1119 2324//1120
f 2330//1126 2329//1125 2324//1120
f 2331//1127 2330//1126 2325//1121
f 2331//1127 2326//1122 2327//1123
f 2334//1130 2333//1129 2328//1124
f 2335//1131 2334//1130 2329//1125
f 2336//1132 2335//1131 2330//1126
f 2336//1132 2331//1127 2332//1128
f 2338//1134 2333//1129 2334//1130
f 2340//1136 2339//1135 2334//1130
f 2341//1137 2340//1136 2335//1131
f 2341//1137 2336//1132 2337//1133
f 2344//1140 2316//1114 2315//1113
f 2345//1141 2317//1115 2316//1114
f 2318//1116 2317//1115 2345//1141
f 2319//1116 2318//1116 2346//1142
f 2320//1117 2348//1143 2343//1139
f 2349//1144 2348//1143 2320//1117
f 2350//55 2349//1144 2321//55
f 2351//1145 2350//55 2322//1118
f 2328//1124 2352//1146 2351//1145
f 2333//1129 2353//1147 2352//1146
f 2338//1134 2354//1148 2353//1147
f 2355//1149 2354//1148 2338//1134
f 2356//1150 2355//1149 2339//1135
f 2357//1150 2356//1150 2340//1136
f 2358//1150 2357//1150 2341//1137
f 2344//1140 2343//1139 2359//1151
f 2361//1153 2345//1141 2344//1140
f 2346//1142 2345//1141 2361//1153
f 2347//1142 2346//1142 2362//1154
f 2348//1143 2364//1155 2359//1151
f 2365//1156 2360//1152 2359//1151
f 2366//1157 2361//1153 2360//1152
f 2367//1158 2362//1154 2361//1153
f 2368//1158 2363//1154 2362//1154
f 2349//1144 2369//1159 2364//1155
f 2370//55 2369//1159 2349//1144
f 2371//55 2370//55 2350//55
f 2372//1160 2371//55 2351//1145
f 2353//1147 2373//1161 2372//1160
f 2378//1165 2373//1161 2353//1147
f 2379//1166 2374//1162 2373//1161
f 2355//1149 2379//1166 2378//1165
f 2379//1166 2380//1167 2375//1163
f 2380//1167 2379//1166 2355//1149
f 2381//1167 2376//1164 2375//1163
f 2381//1167 2380//1167 2356//1150
f 2382//1167 2377//1164 2376//1164
f 2382//1167 2381//1167 2357//1150
f 2365//1156 2364//1155 2383//1168
f 2385//1170 2366//1157 2365//1156
f 2367//1158 2366//1157 2385//1170
f 2368//1158 2367//1158 2386//1171
f 2369//1159 2388//1172 2383//1168
f 2389//1173 2384//1169 2383//1168
f 2389//1173 2390//1174 2385//1170
f 2391//1175 2386//1171 2385//1170
f 2392//1175 2387//1171 2386//1171
f 2393//1176 2388//1172 2369//1159
f 2394//1177 2393//1176 2370//55
f 2395//1178 2394//1177 2371//55
f 2396//1179 2395//1178 2372//1160
f 2374//1162 2397//1180 2396//1179
f 2398//1181 2397//1180 2374//1162
f 2399//1164 2398//1181 2375//1163
f 2400//1164 2399//1164 2376//1164
f 2389//1173 2388//1172 2401//1182
f 2390//1174 2389//1173 2402//1183
f 2391//1175 2390//1174 2403//1184
f 2392//1175 2391//1175 2404//1185
f 2393//1176 2406//1186 2401//1182
f 2406//1186 2407//1187 2402//1183
f 2407//1187 2408//1188 2403//1184
f 2409//1189 2404//1185 2403//1184
f 2410//1189 2405//1185 2404//1185
f 2394//1177 2411//1190 2406//1186
f 2412//1191 2407//1187 2406//1186
f 2412//1191 2413//1192 2408//1188
f 2414//1193 2409//1189 2408//1188
f 2415//1193 2410//1189 2409//1189
f 2416//1194 2411//1190 2394//1177
f 2417//1195 2416//1194 2395//1178
f 2418//1196 2417//1195 2396//1179
f 2419//1197 2418//1196 2397//1180
f 2420//1198 2419//1197 2398//1181
f 2421//1198 2420//1198 2399//1164
f 2423//1200 1101//565 1100//564
f 2424//1201 1102//566 1101//565
f 2425//1202 1103//567 1102//566
f 1104//568 1103//567 2425//1202
f 1105//569 2427//1204 2422//1199
f 2428//55 2427//1204 1105//569
f 2429//1205 2428//55 1106//55
f 1108//571 2430//1206 2429//1205
f 1109//572 2431//1207 2430//1206
f 1110//573 2432//1208 2431//1207
f 2433//1209 2432//1208 1110//573
f 2434//1209 2433//1209 1111//574
f 2423//1200 2422//1199 2435//1210
f 2424//1201 2423//1200 2436//1211
f 2425//1202 2424//1201 2437//1212
f 2426//1203 2425//1202 2438//1213
f 2440//1215 2435//1210 2422//1199
f 2441//55 2440//1215 2427//1204
f 2442//1216 2441//55 2428//55
f 2443//1217 2442//1216 2429//1205
f 2444//1218 2443//1217 2430//1206
f 2445//1219 2444//1218 2431//1207
f 2446//1220 2445//1219 2432//1208
f 2447//1220 2446//1220 2433//1209
f 2454//1227 2453//1226 2448//1221
f 2454//1227 2436//1211 2435//1210
f 2455//1228 2454//1227 2449//1222
f 2437//1212 2436//1211 2454//1227
f 2456//1229 2455//1228 2450//1223
f 2438//1213 2437//1212 2455//1228
f 2456//1229 2451//1224 2452//1225
f 2439//1214 2438//1213 2456//1229
f 2458//1231 2453//1226 2435//1210
f 2459//55 2458//1231 2440//1215
f 2460//1232 2459//55 2441//55
f 2461//1233 2460//1232 2442//1216
f 2462//1234 2461//1233 2443//1217
f 2463//1235 2462//1234 2444//1218
f 2464//1236 2463//1235 2445//1219
f 2465//1236 2464//1236 2446//1220
f 2472//1243 2471//1242 2466//1237
f 2472//1243 2467//1238 2468//1239
f 2473//1244 2468//1239 2469//1240
f 2474//1245 2469//1240 2470//1241
f 2477//1248 2476//1247 2471//1242
f 2477//1248 2449//1222 2448//1221
f 2477//1248 2472//1243 2473//1244
f 2478//1249 2450//1223 2449//1222
f 2478//1249 2473//1244 2474//1245
f 2479//1250 2451//1224 2450//1223
f 2479//1250 2474//1245 2475//1246
f 2452//1225 2451//1224 2479//1250
f 2481//1252 2476//1247 2448//1221
f 2482//359 2481//1252 2453//1226
f 2483//1253 2482//359 2458//1231
f 2460//1232 2484//1254 2483//1253
f 2485//1255 2484//1254 2460//1232
f 2486//1256 2485//1255 2461//1233
f 2487//1257 2486//1256 2462//1234
f 2488//1258 2487//1257 2463//1235
f 2489//1258 2488//1258 2464//1236
f 2467//1238 2466//1237 2490//1259
f 2468//1239 2467//1238 2491//1260
f 2469//1240 2468//1239 2492//1261
f 2470//1241 2469//1240 2493//1262
f 2495//1263 2490//1259 2466//1237
f 2496//1264 2495//1263 2471//1242
f 2497//1265 2496//1264 2476//1247
f 2498//55 2497//1265 2481//1252
f 2499//1266 2498//55 2482//359
f 2500//1267 2499//1266 2483//1253
f 2505//1271 2500//1267 2484//1254
f 2505//1271 2506//1272 2501//1268
f 2486//1256 2506//1272 2505//1271
f 2506//1272 2507//1273 2502//1269
f 2507//1273 2506//1272 2486//1256
f 2508//1274 2503//1270 2502//1269
f 2508//1274 2507//1273 2487//1257
f 2509//1274 2504//1270 2503//1270
f 2509//1274 2508//1274 2488//1258
f 2511//1276 2491//1260 2490//1259
f 2512//1277 2492//1261 2491//1260
f 2493//1262 2492//1261 2512//1277
f 2494//1262 2493//1262 2513//1278
f 2495//1263 2515//1279 2510//1275
f 2496//1264 2516//55 2515//1279
f 2517//55 2516//55 2496//1264
f 2518//1280 2517//55 2497//1265
f 2499//1266 2519//1281 2518//1280
f 2524//1285 2519//1281 2499//1266
f 2524//1285 2525//1286 2520//1282
f 2501//1268 2525//1286 2524//1285
f 2525//1286 2526//1287 2521//1283
f 2526//1287 2525//1286 2501//1268
f 2527//1288 2522//1284 2521//1283
f 2527//1288 2526//1287 2502//1269
f 2528//1288 2523//1284 2522//1284
f 2528//1288 2527//1288 2503//1270
f 2530//1290 2511//1276 2510//1275
f 2531//1291 2512//1277 2511//1276
f 2513//1278 2512//1277 2531//1291
f 2514//1278 2513//1278 2532//1292
f 2515//1279 2534//1293 2529//1289
f 2535//1294 2534//1293 2515//1279
f 2536//1295 2535//1294 2516//55
f 2518//1280 2537//1296 2536//1295
f 2542//1300 2537//1296 2518//1280
f 2542//1300 2543//1301 2538//1297
f 2520//1282 2543//1301 2542//1300
f 2544//1302 2539//1298 2538//1297
f 2544//1302 2543//1301 2520//1282
f 2545//1303 2540//1299 2539//1298
f 2545//1303 2544//1302 2521//1283
f 2546//1303 2541//1299 2540//1299
f 2546//1303 2545//1303 2522//1284
f 2548//1305 2530//1290 2529//1289
f 2549//1306 2531//1291 2530//1290
f 2532//1292 2531//1291 2549//1306
f 2533//1292 2532//1292 2550//1307
f 2534//1293 2552//1308 2547//1304
f 2535//1294 2553//1309 2552//1308
f 2554//1310 2553//1309 2535//1294
f 2559//1314 2554//1310 2536//1295
f 2559//1314 2560//1315 2555//1311
f 2538//1297 2560//1315 2559//1314
f 2561//1316 2556//1312 2555//1311
f 2539//1298 2561//1316 2560//1315
f 2562//1317 2557//1313 2556//1312
f 2562//1317 2561//1316 2539//1298
f 2563//1317 2558//1313 2557//1313
f 2563//1317 2562//1317 2540//1299
f 2565//1319 2412//1191 2411//1190
f 2413//1192 2412//1191 2565//1319
f 2414//1193 2413//1192 2566//1320
f 2415//1193 2414//1193 2567//1321
f 2416//1194 2569//1322 2564//1318
f 2570//1323 2565//1319 2564//1318
f 2570//1323 2571//1324 2566//1320
f 2572//1325 2567//1321 2566//1320
f 2573//1325 2568//1321 2567//1321
f 2574//1326 2569//1322 2416//1194
f 2574//1326 2575//1327 2570//1323
f 2418//1196 2575//1327 2574//1326
f 2575//1327 2576//1328 2571//1324
f 2576//1328 2575//1327 2418//1196
f 2577//1329 2572//1325 2571//1324
f 2577//1329 2576//1328 2419//1197
f 2578//1329 2573//1325 2572//1325
f 2578//1329 2577//1329 2420//1198
f 2585//1335 2584//1334 2579//1330
f 2585//1335 2580//1331 2581//1332
f 2586//1336 2581//1332 2582//1333
f 2587//1337 2582//1333 2583//1333
f 2589//1338 2584//1334 2585//1335
f 2590//1339 2585//1335 2586//1336
f 2591//1340 2586//1336 2587//1337
f 2592//1341 2587//1337 2588//1337
f 2600//1347 2599//1346 2594//1342
f 2600//1347 2595//1343 2596//1344
f 2601//1348 2596//1344 2597//1345
f 2602//1349 2597//1345 2598//1345
f 2604//1350 2599//1346 2600//1347
f 2605//1351 2600//1347 2601//1348
f 2606//1352 2601//1348 2602//1349
f 2607//1353 2602//1349 2603//1349
f 2610//1355 2609//1354 2604//1350
f 2580//1331 2579//1330 2609//1354
f 2610//1355 2605//1351 2606//1352
f 2611//1356 2581//1332 2580//1331
f 2611//1356 2606//1352 2607//1353
f 2582//1333 2581//1332 2611//1356
f 2612//1357 2607//1353 2608//1353
f 2583//1333 2582//1333 2612//1357
f 2614//1358 2609//1354 2579//1330
f 2615//1359 2614//1358 2584//1334
f 2622//1365 2621//1364 2616//1360
f 2622//1365 2595//1343 2594//1342
f 2622//1365 2617//1361 2618//1362
f 2623//1366 2596//1344 2595//1343
f 2623//1366 2618//1362 2619//1363
f 2597//1345 2596//1344 2623//1366
f 2624//1367 2619//1363 2620//1363
f 2598//1345 2597//1345 2624//1367
f 2626//1368 2621//1364 2594//1342
f 2627//1369 2626//1368 2599//1346
f 2628//1370 2627//1369 2604//1350
f 2614//1358 2629//55 2628//1370
f 2630//55 2629//55 2614//1358
f 2637//1376 2636//1375 2631//1371
f 2637//1376 2617//1361 2616//1360
f 2637//1376 2632//1372 2633//1373
f 2618//1362 2617//1361 2637//1376
f 2638//1377 2633//1373 2634//1374
f 2619//1363 2618//1362 2638//1377
f 2639//1378 2634//1374 2635//1374
f 2620//1363 2619//1363 2639//1378
f 2641//1379 2636//1375 2616//1360
f 2642//1380 2641//1379 2621//1364
f 2627//1369 2643//55 2642//1380
f 2644//55 2643//55 2627//1369
f 2645//55 2644//55 2628//1370
f 2646//55 2645//55 2629//55
f 2632//1372 2631//1371 2647//1381
f 2633//1373 2632//1372 2648//1382
f 2634//1374 2633//1373 2649//1383
f 2635//1374 2634//1374 2650//1384
f 2652//1385 2647//1381 2631//1371
f 2653//359 2652//1385 2636//1375
f 2654//55 2653//359 2641//1379
f 2655//55 2654//55 2642//1380
f 2656//1386 2655//55 2643//55
f 2657//1387 2656//1386 2644//55
f 2658//1388 2657//1387 2645//55
f 2659//1389 2589//1338 2590//1339
f 2660//1390 2590//1339 2591//1340
f 2661//1391 2591//1340 2592//1341
f 2662//1392 2592//1341 2593//1341
f 2664//1393 2659//1389 2660//1390
f 2665//1394 2660//1390 2661//1391
f 2666//1395 2661//1391 2662//1392
f 2667//1396 2662//1392 2663//1392
f 2669//1397 2664//1393 2665//1394
f 2670//1398 2665//1394 2666//1395
f 2671//1399 2666//1395 2667//1396
f 2672//1400 2667//1396 2668//1396
f 2674//1401 2669//1397 2670//1398
f 2675//1402 2670//1398 2671//1399
f 2676//1403 2671//1399 2672//1400
f 2677//1404 2672//1400 2673//1400
f 2680//1406 2679//1405 2674//1401
f 2681//1407 2680//1406 2675//1402
f 2681//1407 2676//1403 2677//1404
f 2682//1408 2677//1404 2678//1404
f 2685//1410 2684//1409 2679//1405
f 2686//1411 2685//1410 2680//1406
f 2686//1411 2681//1407 2682//1408
f 2687//1412 2682//1408 2683//1408
f 2690//1414 2689//1413 2684//1409
f 2691//1415 2690//1414 2685//1410
f 2691//1415 2686//1411 2687//1412
f 2692//1416 2687//1412 2688//1412
f 2695//1418 2694//1417 2689//1413
f 2696//1419 2695//1418 2690//1414
f 2696//1419 2691//1415 2692//1416
f 2697//1420 2692//1416 2693//1416
f 2699//1421 2615//1359 2589//1338
f 2700//1422 2699//1421 2659//1389
f 2701//1423 2700//1422 2664//1393
f 2702//1424 2701//1423 2669//1397
f 2679//1405 2703//1425 2702//1424
f 2684//1409 2704//1426 2703//1425
f 2689//1413 2705//1427 2704//1426
f 2694//1417 2706//1428 2705//1427
f 2707//55 2630//55 2615//1359
f 2708//55 2707//55 2699//1421
f 2709//55 2708//55 2700//1422
f 2710//55 2709//55 2701//1423
f 2711//55 2710//55 2702//1424
f 2712//55 2711//55 2703//1425
f 2713//55 2712//55 2704//1426
f 2714//55 2713//55 2705//1427
f 2715//55 2646//55 2630//55
f 2716//55 2715//55 2707//55
f 2717//55 2716//55 2708//55
f 2718//55 2717//55 2709//55
f 2719//55 2718//55 2710//55
f 2720//55 2719//55 2711//55
f 2721//55 2720//55 2712//55
f 2722//55 2721//55 2713//55
f 2723//1429 2658//1388 2646//55
f 2724//1430 2723//1429 2715//55
f 2725//1431 2724//1430 2716//55
f 2726//1431 2725//1431 2717//55
f 2727//1431 2726//1431 2718//55
f 2728//1432 2727//1431 2719//55
f 2729//1433 2728//1432 2720//55
f 2730//1434 2729//1433 2721//55
f 2548//1305 2547//1304 2731//1435
f 2733//1437 2549//1306 2548//1305
f 2550//1307 2549//1306 2733//1437
f 2551//1307 2550//1307 2734//1438
f 2552//1308 2736//1439 2731//1435
f 2737//1440 2732//1436 2731//1435
f 2737//1440 2738//1441 2733//1437
f 2739//1442 2734//1438 2733//1437
f 2740//1442 2735//1438 2734//1438
f 2741//1443 2736//1439 2552//1308
f 2742//1444 2737//1440 2736//1439
f 2743//1445 2738//1441 2737//1440
f 2744//1446 2739//1442 2738//1441
f 2745//1446 2740//1442 2739//1442
f 2746//1447 2741//1443 2553//1309
f 2746//1447 2747//1448 2742//1444
f 2555//1311 2747//1448 2746//1447
f 2748//1449 2743//1445 2742//1444
f 2556//1312 2748//1449 2747//1448
f 2749//1450 2744//1446 2743//1445
f 2749//1450 2748//1449 2556//1312
f 2750//1450 2745//1446 2744//1446
f 2750//1450 2749//1450 2557//1313
f 2752//1452 2751//1451 2694//1417
f 2753//1453 2752//1452 2695//1418
f 2753//1453 2696//1419 2697//1420
f 2754//1454 2697//1420 2698//1420
f 2756//1455 2751//1451 2752//1452
f 2758//1457 2757//1456 2752//1452
f 2758//1457 2753//1453 2754//1454
f 2759//1458 2754//1454 2755//1454
f 2751//1451 2761//1459 2706//1428
f 2756//1455 2762//1460 2761//1459
f 2757//1456 2763//1461 2762//1460
f 2764//1462 2763//1461 2757//1456
f 2765//1463 2764//1462 2758//1457
f 2766//1463 2765//1463 2759//1458
f 2767//1464 2762//1460 2763//1461
f 2769//1466 2768//1465 2763//1461
f 2769//1466 2764//1462 2765//1463
f 2770//1467 2765//1463 2766//1463
f 2772//1468 2767//1464 2768//1465
f 2774//1470 2773//1469 2768//1465
f 2774//1470 2769//1466 2770//1467
f 2775//1471 2770//1467 2771//1467
f 2777//1472 2714//55 2706//1428
f 2778//1473 2777//1472 2761//1459
f 2767//1464 2779//1474 2778//1473
f 2772//1468 2780//1475 2779//1474
f 2781//1476 2780//1475 2772//1468
f 2782//1477 2781//1476 2773//1469
f 2783//1478 2782//1477 2774//1470
f 2784//1478 2783//1478 2775//1471
f 2785//1479 2780//1475 2781//1476
f 2787//1481 2786//1480 2781//1476
f 2787//1481 2782//1477 2783//1478
f 2788//1482 2783//1478 2784//1478
f 2791//1484 2790//1483 2785//1479
f 2792//1485 2791//1484 2786//1480
f 2792//1485 2787//1481 2788//1482
f 2793//1486 2788//1482 2789//1482
f 2795//55 2722//55 2714//55
f 2796//55 2795//55 2777//1472
f 2797//55 2796//55 2778//1473
f 2798//1487 2797//55 2779//1474
f 2785//1479 2799//1488 2798//1487
f 2790//1483 2800//1489 2799//1488
f 2801//1490 2800//1489 2790//1483
f 2802//1491 2801//1490 2791//1484
f 2803//1491 2802//1491 2792//1485
f 2804//1491 2803//1491 2793//1486
f 2805//1492 2800//1489 2801//1490
f 2806//1493 2801//1490 2802//1491
f 2807//1494 2802//1491 2803//1491
f 2808//1495 2803//1491 2804//1491
f 2810//1496 2730//1434 2722//55
f 2811//1497 2810//1496 2795//55
f 2812//1498 2811//1497 2796//55
f 2813//55 2812//1498 2797//55
f 2814//1499 2813//55 2798//1487
f 2800//1489 2815//1500 2814//1499
f 2805//1492 2816//1501 2815//1500
f 2806//1493 2817//1502 2816//1501
f 2807//1494 2818//1503 2817//1502
f 2819//1504 2818//1503 2807//1494
f 2820//1504 2819//1504 2808//1495
f 2821//1505 2155//1026 2156//1027
f 2822//1506 2648//1382 2647//1381
f 2823//1507 2822//1506 2156//1027
f 2649//1383 2648//1382 2822//1506
f 2823//1507 2157//1028 2158//1029
f 2650//1384 2649//1383 2823//1507
f 2824//1508 2158//1029 2159//1029
f 2651//1384 2650//1384 2824//1508
f 2826//1509 2821//1505 2647//1381
f 2827//55 2826//1509 2652//1385
f 2828//1510 2827//55 2653//359
f 2829//1511 2828//1510 2654//55
f 2656//1386 2830//1512 2829//1511
f 2832//1514 2830//1512 2656//1386
f 2832//1514 2833//1515 2831//1513
f 2837//1519 2832//1514 2657//1387
f 2838//1520 2833//1515 2832//1514
f 2838//1520 2839//1521 2834//1516
f 2840//1522 2835//1517 2834//1516
f 2841//1523 2836//1518 2835//1517
f 2842//1524 2160//1030 2155//1026
f 2826//1509 2843//55 2842//1524
f 2844//55 2843//55 2826//1509
f 2845//1525 2844//55 2827//55
f 2846//1526 2845//1525 2828//1510
f 2851//1531 2846//1526 2829//1511
f 2851//1531 2852//1532 2847//1527
f 2831//1513 2852//1532 2851//1531
f 2853//1533 2848//1528 2847//1527
f 2854//1534 2849//1529 2848//1528
f 2855//1535 2850//1530 2849//1529
f 2856//1536 2852//1532 2831//1513
f 2856//1536 2857//1537 2853//1533
f 2834//1516 2857//1537 2856//1536
f 2858//1538 2854//1534 2853//1533
f 2835//1517 2858//1538 2857//1537
f 2859//1539 2855//1535 2854//1534
f 2859//1539 2858//1538 2835//1517
f 2860//1540 2165//1034 2160//1030
f 2861//55 2860//1540 2842//1524
f 2862//1541 2861//55 2843//55
f 2845//1525 2863//1542 2862//1541
f 2868//1547 2863//1542 2845//1525
f 2868//1547 2869//1548 2864//1543
f 2847//1527 2869//1548 2868//1547
f 2870//1549 2865//1544 2864//1543
f 2848//1528 2870//1549 2869//1548
f 2870//1549 2871//1550 2866//1545
f 2849//1529 2871//1550 2870//1549
f 2872//1551 2867//1546 2866//1545
f 2872//1551 2871//1550 2849//1529
f 2860//1540 2873//1552 2170//1038
f 2874//1553 2873//1552 2860//1540
f 2875//1554 2874//1553 2861//55
f 2876//1555 2875//1554 2862//1541
f 2864//1543 2877//1556 2876//1555
f 2878//1557 2877//1556 2864//1543
f 2879//1558 2878//1557 2865//1544
f 2880//1559 2879//1558 2866//1545
f 2873//1552 2881//1560 2175//1042
f 2882//1561 2176//1043 2175//1042
f 2883//1562 2177//1044 2176//1043
f 2884//1563 2178//1045 2177//1044
f 2885//1564 2179//1045 2178//1045
f 2874//1553 2886//1565 2881//1560
f 2887//1566 2886//1565 2874//1553
f 2888//1567 2887//1566 2875//1554
f 2889//1568 2888//1567 2876//1555
f 2890//1569 2889//1568 2877//1556
f 2891//1570 2890//1569 2878//1557
f 2892//1571 2891//1570 2879//1558
f 2882//1561 2881//1560 2893//1572
f 2895//1574 2883//1562 2882//1561
f 2896//1575 2884//1563 2883//1562
f 2885//1564 2884//1563 2896//1575
f 2886//1565 2898//1577 2893//1572
f 2899//1578 2894//1573 2893//1572
f 2900//1579 2898//1577 2886//1565
f 2888//1567 2901//1580 2900//1579
f 2889//1568 2902//1581 2901//1580
f 2903//1582 2902//1581 2889//1568
f 2891//1570 2904//1583 2903//1582
f 2905//1584 2904//1583 2891//1570
f 2906//1585 2902//1581 2903//1582
f 2907//1586 2903//1582 2904//1583
f 2908//1587 2904//1583 2905//1584
f 2895//1574 2894//1573 2910//1588
f 2912//1590 2896//1575 2895//1574
f 2897//1576 2896//1575 2912//1590
f 2899//1578 2898//1577 2914//1592
f 2899//1578 2915//1593 2910//1588
f 2900//1579 2916//1594 2914//1592
f 2917//1595 2915//1593 2914//1592
f 2901//1580 2918//1596 2916//1594
f 2919//1597 2918//1596 2901//1580
f 2920//1598 2918//1596 2919//1597
f 2906//1585 2921//1599 2919//1597
f 2922//1600 2921//1599 2906//1585
f 2908//1587 2923//1601 2922//1600
f 2924//1602 2923//1601 2908//1587
f 2925//1603 2180//1046 2181//1047
f 2927//1605 2926//1604 2181//1047
f 2927//1605 2911//1589 2910//1588
f 2927//1605 2182//1048 2183//1048
f 2912//1590 2911//1589 2927//1605
f 2928//1606 2183//1048 2184//1048
f 2913//1591 2912//1590 2928//1606
f 2930//1607 2925//1603 2926//1604
f 2931//1608 2926//1604 2910//1588
f 2933//1610 2932//1609 2930//1607
f 2933//1610 2917//1595 2916//1594
f 2917//1595 2933//1610 2931//1608
f 2934//1611 2932//1609 2916//1594
f 2920//1598 2935//1612 2934//1611
f 2936//1613 2935//1612 2920//1598
f 2922//1600 2937//1614 2936//1613
f 2923//1601 2938//1615 2937//1614
f 2939//1616 2938//1615 2923//1601
f 2940//1617 2935//1612 2936//1613
f 2942//1619 2941//1618 2936//1613
f 2943//1620 2942//1619 2937//1614
f 2943//1620 2938//1615 2939//1616
f 2946//1623 2945//1622 2940//1617
f 2947//1624 2946//1623 2941//1618
f 2948//1625 2947//1624 2942//1619
f 2948//1625 2943//1620 2944//1621
f 2951//1628 2950//1627 2945//1622
f 2951//1628 2946//1623 2947//1624
f 2952//1629 2947//1624 2948//1625
f 2953//1630 2948//1625 2949//1626
f 2955//1631 2837//1519 2658//1388
f 2956//1632 2838//1520 2837//1519
f 2957//1633 2839//1521 2838//1520
f 2958//1634 2840//1522 2839//1521
f 2959//1635 2841//1523 2840//1522
f 2960//1636 2955//1631 2723//1429
f 2961//1637 2956//1632 2955//1631
f 2962//1638 2957//1633 2956//1632
f 2963//1639 2958//1634 2957//1633
f 2964//1640 2959//1635 2958//1634
f 2965//1641 2960//1636 2724//1430
f 2966//1642 2961//1637 2960//1636
f 2967//1643 2962//1638 2961//1637
f 2968//1644 2963//1639 2962//1638
f 2969//1644 2964//1640 2963//1639
f 2970//1645 2965//1641 2725//1431
f 2971//1646 2966//1642 2965//1641
f 2972//1647 2967//1643 2966//1642
f 2973//92 2968//1644 2967//1643
f 2974//92 2969//1644 2968//1644
f 2975//1648 2970//1645 2726//1431
f 2976//1649 2971//1646 2970//1645
f 2977//1650 2972//1647 2971//1646
f 2978//1651 2973//92 2972//1647
f 2979//1651 2974//92 2973//92
f 2728//1432 2980//1652 2975//1648
f 2980//1652 2981//1653 2976//1649
f 2981//1653 2982//1654 2977//1650
f 2983//1655 2978//1651 2977//1650
f 2984//1655 2979//1651 2978//1651
f 2729//1433 2985//1656 2980//1652
f 2985//1656 2986//1657 2981//1653
f 2986//1657 2987//1658 2982//1654
f 2987//1658 2988//1659 2983//1655
f 2989//1660 2984//1655 2983//1655
f 2730//1434 2990//1661 2985//1656
f 2990//1661 2991//1662 2986//1657
f 2991//1662 2992//1663 2987//1658
f 2992//1663 2993//1664 2988//1659
f 2994//1665 2989//1660 2988//1659
f 3001//1671 3000//1670 2995//1666
f 3001//1671 2996//1667 2997//1668
f 3002//1672 2997//1668 2998//1669
f 3003//1673 2998//1669 2999//1669
f 3006//1675 3005//1674 3000//1670
f 3006//1675 3001//1671 3002//1672
f 3007//1676 3002//1672 3003//1673
f 3008//1677 3003//1673 3004//1673
f 3011//1679 3010//1678 3005//1674
f 3012//1680 3011//1679 3006//1675
f 3012//1680 3007//1676 3008//1677
f 3013//1681 3008//1677 3009//1677
f 3015//1682 3010//1678 3011//1679
f 3016//1683 3011//1679 3012//1680
f 3017//1684 3012//1680 3013//1681
f 3018//1685 3013//1681 3014//1681
f 3021//1687 2996//1667 2995//1666
f 3022//1688 2997//1668 2996//1667
f 2998//1669 2997//1668 3022//1688
f 2999//1669 2998//1669 3023//1688
f 3025//1689 3020//1686 2995//1666
f 3026//1690 3025//1689 3000//1670
f 3010//1678 3027//1691 3026//1690
f 3015//1682 3028//1692 3027//1691
f 3029//1693 3028//1692 3015//1682
f 3017//1684 3030//1694 3029//1693
f 3031//1695 3030//1694 3017//1684
f 3032//1695 3031//1695 3018//1685
f 3021//1687 3020//1686 3033//1696
f 3035//1698 3022//1688 3021//1687
f 3023//1688 3022//1688 3035//1698
f 3024//1688 3023//1688 3036//1699
f 3025//1689 3038//1701 3033//1696
f 3039//1702 3034//1697 3033//1696
f 3040//1703 3038//1701 3025//1689
f 3041//1704 3040//1703 3026//1690
f 3042//1705 3041//1704 3027//1691
f 3029//1693 3043//1706 3042//1705
f 3030//1694 3044//1707 3043//1706
f 3045//1708 3044//1707 3030//1694
f 3046//1708 3045//1708 3031//1695
f 3035//1698 3034//1697 3047//1709
f 3036//1699 3035//1698 3048//1710
f 3037//1700 3036//1699 3049//1711
f 3039//1702 3038//1701 3051//1713
f 3039//1702 3052//1714 3047//1709
f 3040//1703 3053//1715 3051//1713
f 3054//1704 3053//1715 3040//1703
f 3055//1716 3054//1704 3041//1704
f 3056//1717 3055//1716 3042//1705
f 3057//1718 3056//1717 3043//1706
f 3058//77 3057//1718 3044//1707
f 3059//77 3058//77 3045//1708
f 3060//1719 2950//1627 2951//1628
f 3062//1721 3061//1720 2951//1628
f 3062//1721 3048//1710 3047//1709
f 3063//1722 3062//1721 2952//1629
f 3049//1711 3048//1710 3062//1721
f 3063//1722 2953//1630 2954//1337
f 3050//1712 3049//1711 3063//1722
f 3066//1725 3065//1724 3060//1719
f 3066//1725 3052//1714 3051//1713
f 3066//1725 3061//1720 3047//1709
f 3067//1726 3065//1724 3051//1713
f 3068//1704 3067//1726 3053//1715
f 3069//1716 3068//1704 3054//1704
f 3070//1717 3069//1716 3055//1716
f 3071//1718 3070//1717 3056//1717
f 3072//77 3071//1718 3057//1718
f 3073//77 3072//77 3058//77
f 2810//1496 3079//1731 2990//1661
f 3079//1731 3080//1732 2991//1662
f 3080//1732 3081//1733 2992//1663
f 3081//1733 3082//1734 2993//1664
f 3083//1735 2994//1665 2993//1664
f 2811//1497 3084//1736 3079//1731
f 3085//1737 3080//1732 3079//1731
f 3085//1737 3086//1738 3081//1733
f 3086//1738 3087//1739 3082//1734
f 3088//1740 3083//1735 3082//1734
f 3089//1741 3084//1736 2811//1497
f 3090//1742 3089//1741 2812//1498
f 3091//55 3090//1742 2813//55
f 3092//1743 3091//55 2814//1499
f 2816//1501 3093//1744 3092//1743
f 3094//1745 3093//1744 2816//1501
f 2818//1503 3095//1746 3094//1745
f 3096//1747 3095//1746 2818//1503
f 3097//1747 3096//1747 2819//1504
f 3098//1748 3093//1744 3094//1745
f 3099//1749 3094//1745 3095//1746
f 3100//1750 3095//1746 3096//1747
f 3101//1751 3096//1747 3097//1747
f 3085//1737 3084//1736 3103//1752
f 3105//1754 3086//1738 3085//1737
f 3087//1739 3086//1738 3105//1754
f 3088//1740 3087//1739 3106//1755
f 3089//1741 3108//1756 3103//1752
f 3109//1757 3104//1753 3103//1752
f 3110//1758 3105//1754 3104//1753
f 3111//1759 3106//1755 3105//1754
f 3112//1759 3107//1755 3106//1755
f 3090//1742 3113//1760 3108//1756
f 3114//1761 3113//1760 3090//1742
f 3115//1762 3114//1761 3091//55
f 3116//1763 3115//1762 3092//1743
f 3098//1748 3117//1764 3116//1763
f 3118//1765 3117//1764 3098//1748
f 3100//1750 3119//1766 3118//1765
f 3120//1767 3119//1766 3100//1750
f 3121//1767 3120//1767 3101//1751
f 3109//1757 3108//1756 3122//1768
f 3124//1770 3110//1758 3109//1757
f 3111//1759 3110//1758 3124//1770
f 3112//1759 3111//1759 3125//1771
f 3113//1760 3127//1772 3122//1768
f 3128//1773 3123//1769 3122//1768
f 3128//1773 3129//1774 3124//1770
f 3130//1775 3125//1771 3124//1770
f 3131//1776 3126//1771 3125//1771
f 3114//1761 3132//1777 3127//1772
f 3133//55 3132//1777 3114//1761
f 3134//1778 3133//55 3115//1762
f 3117//1764 3135//1779 3134//1778
f 3118//1765 3136//1780 3135//1779
f 3119//1766 3137//1781 3136//1780
f 3138//1782 3137//1781 3119//1766
f 3139//1782 3138//1782 3120//1767
f 3141//1784 3128//1773 3127//1772
f 3129//1774 3128//1773 3141//1784
f 3143//1786 3130//1775 3129//1774
f 3131//1776 3130//1775 3143//1786
f 3132//1777 3145//1788 3140//1783
f 3146//55 3145//1788 3132//1777
f 3147//1789 3146//55 3133//55
f 3135//1779 3148//1790 3147//1789
f 3136//1780 3149//1791 3148//1790
f 3137//1781 3150//1792 3149//1791
f 3151//1793 3150//1792 3137//1781
f 3152//1793 3151//1793 3138//1782
f 3141//1784 3140//1783 3153//1794
f 3142//1785 3141//1784 3154//1795
f 3143//1786 3142//1785 3155//1796
f 3144//1787 3143//1786 3156//1797
f 3158//1799 3153//1794 3140//1783
f 3159//55 3158//1799 3145//1788
f 3160//1800 3159//55 3146//55
f 3148//1790 3161//1801 3160//1800
f 3149//1791 3162//1802 3161//1801
f 3150//1792 3163//1803 3162//1802
f 3164//1804 3163//1803 3150//1792
f 3165//1804 3164//1804 3151//1793
f 3172//1810 3171//1809 3166//1805
f 3172//1810 3154//1795 3153//1794
f 3172//1810 3167//1806 3168//1807
f 3155//1796 3154//1795 3172//1810
f 3174//1812 3173//1811 3168//1807
f 3156//1797 3155//1796 3173//1811
f 3174//1812 3169//1808 3170//1808
f 3157//1798 3156//1797 3174//1812
f 3176//1814 3171//1809 3153//1794
f 3177//55 3176//1814 3158//1799
f 3178//1815 3177//55 3159//55
f 3179//1816 3178//1815 3160//1800
f 3180//1817 3179//1816 3161//1801
f 3181//1818 3180//1817 3162//1802
f 3182//1819 3181//1818 3163//1803
f 3183//1819 3182//1819 3164//1804
f 3190//1825 3189//1824 3184//1820
f 3190//1825 3167//1806 3166//1805
f 3191//1826 3190//1825 3185//1821
f 3168//1807 3167//1806 3190//1825
f 3191//1826 3186//1822 3187//1823
f 3192//1827 3169//1808 3168//1807
f 3192//1827 3187//1823 3188//1823
f 3170//1808 3169//1808 3192//1827
f 3194//1828 3189//1824 3166//1805
f 3195//1829 3194//1828 3171//1809
f 3196//1830 3195//1829 3176//1814
f 3178//1815 3197//1831 3196//1830
f 3198//1832 3197//1831 3178//1815
f 3199//1833 3198//1832 3179//1816
f 3200//1834 3199//1833 3180//1817
f 3201//1835 3200//1834 3181//1818
f 3202//1835 3201//1835 3182//1819
f 3203//1836 3074//1727 3075//1728
f 3204//1837 3075//1728 3076//1729
f 3205//1838 3076//1729 3077//1730
f 3206//1839 3077//1730 3078//1730
f 3209//1841 3208//1840 3203//1836
f 3209//1841 3185//1821 3184//1820
f 3209//1841 3204//1837 3205//1838
f 3210//1842 3186//1822 3185//1821
f 3211//1843 3210//1842 3205//1838
f 3187//1823 3186//1822 3210//1842
f 3211//1843 3206//1839 3207//1839
f 3188//1823 3187//1823 3211//1843
f 3213//1844 3208//1840 3184//1820
f 3214//1845 3213//1844 3189//1824
f 3195//1829 3215//55 3214//1845
f 3216//1846 3215//55 3195//1829
f 3197//1831 3217//1847 3216//1846
f 3222//1851 3217//1847 3197//1831
f 3222//1851 3223//1852 3218//1848
f 3199//1833 3223//1852 3222//1851
f 3223//1852 3224//1853 3219//1849
f 3224//1853 3223//1852 3199//1833
f 3225//1854 3220//1850 3219//1849
f 3225//1854 3224//1853 3200//1834
f 3226//1854 3221//1850 3220//1850
f 3226//1854 3225//1854 3201//1835
f 3227//1855 2185//5 2180//1046
f 3228//1856 3227//1855 2925//1603
f 3229//1857 3228//1856 2930//1607
f 2934//1611 3230//1858 3229//1857
f 3231//1859 3230//1858 2934//1611
f 2940//1617 3232//1860 3231//1859
f 2945//1622 3233//1861 3232//1860
f 2950//1627 3234//1862 3233//1861
f 3235//53 2190//5 2185//5
f 3236//54 3235//53 3227//1855
f 3237//55 3236//54 3228//1856
f 3238//55 3237//55 3229//1857
f 3239//55 3238//55 3230//1858
f 3240//55 3239//55 3231//1859
f 3241//55 3240//55 3232//1860
f 3242//55 3241//55 3233//1861
f 3243//1863 2195//1049 2190//5
f 3244//1864 3243//1863 3235//53
f 3245//1865 3244//1864 3236//54
f 3246//1865 3245//1865 3237//55
f 3247//1865 3246//1865 3238//55
f 3248//1865 3247//1865 3239//55
f 3249//1865 3248//1865 3240//55
f 3250//1865 3249//1865 3241//55
f 3251//1866 2200//1050 2195//1049
f 3252//1867 3251//1866 3243//1863
f 3253//1868 3252//1867 3244//1864
f 3254//1868 3253//1868 3245//1865
f 3255//1868 3254//1868 3246//1865
f 3256//1868 3255//1868 3247//1865
f 3257//1868 3256//1868 3248//1865
f 3258//1868 3257//1868 3249//1865
f 3251//1866 3259//1869 2205//1051
f 3260//1870 2206//1052 2205//1051
f 3261//1871 2207//1052 2206//1052
f 3262//1871 2208//1052 2207//1052
f 3263//1871 2209//1052 2208//1052
f 3252//1867 3264//1872 3259//1869
f 3265//1873 3260//1870 3259//1869
f 3266//1874 3261//1871 3260//1870
f 3267//1874 3262//1871 3261//1871
f 3268//1874 3263//1871 3262//1871
f 3269//1875 3264//1872 3252//1867
f 3270//1876 3265//1873 3264//1872
f 3271//92 3266//1874 3265//1873
f 3272//92 3267//1874 3266//1874
f 3273//92 3268//1874 3267//1874
f 3274//1875 3269//1875 3253//1868
f 3275//1876 3270//1876 3269//1875
f 3276//92 3271//92 3270//1876
f 3277//92 3272//92 3271//92
f 3278//92 3273//92 3272//92
f 3279//1875 3274//1875 3254//1868
f 3280//1876 3275//1876 3274//1875
f 3281//92 3276//92 3275//1876
f 3282//92 3277//92 3276//92
f 3283//92 3278//92 3277//92
f 3284//1875 3279//1875 3255//1868
f 3285//1876 3280//1876 3279//1875
f 3286//92 3281//92 3280//1876
f 3287//92 3282//92 3281//92
f 3288//92 3283//92 3282//92
f 3289//1875 3284//1875 3256//1868
f 3290//1876 3285//1876 3284//1875
f 3291//92 3286//92 3285//1876
f 3292//92 3287//92 3286//92
f 3293//92 3288//92 3287//92
f 3294//1875 3289//1875 3257//1868
f 3295//1876 3290//1876 3289//1875
f 3296//92 3291//92 3290//1876
f 3297//92 3292//92 3291//92
f 3298//92 3293//92 3292//92
f 3299//1877 3234//1862 2950//1627
f 3300//1878 3299//1877 3060//1719
f 3067//1726 3301//55 3300//1878
f 3302//1704 3301//55 3067//1726
f 3303//1716 3302//1704 3068//1704
f 3304//1717 3303//1716 3069//1716
f 3305//1718 3304//1717 3070//1717
f 3306//77 3305//1718 3071//1718
f 3307//77 3306//77 3072//77
f 3075//1728 3074//1727 3308//1879
f 3076//1729 3075//1728 3309//1880
f 3077//1730 3076//1729 3310//1881
f 3078//1730 3077//1730 3311//1881
f 3313//55 3242//55 3234//1862
f 3314//55 3313//55 3299//1877
f 3315//55 3314//55 3300//1878
f 3316//1704 3315//55 3301//55
f 3317//1716 3316//1704 3302//1704
f 3318//1717 3317//1716 3303//1716
f 3319//1718 3318//1717 3304//1717
f 3320//77 3319//1718 3305//1718
f 3321//77 3320//77 3306//77
f 3322//1865 3250//1865 3242//55
f 3323//1865 3322//1865 3313//55
f 3324//1865 3323//1865 3314//55
f 3325//1882 3324//1865 3315//55
f 3326//1883 3325//1882 3316//1704
f 3327//1884 3326//1883 3317//1716
f 3328//1885 3327//1884 3318//1717
f 3329//1886 3328//1885 3319//1718
f 3330//1886 3329//1886 3320//77
f 3331//1868 3258//1868 3250//1865
f 3332//1868 3331//1868 3322//1865
f 3333//1868 3332//1868 3323//1865
f 3334//1887 3333//1868 3324//1865
f 3335//1888 3334//1887 3325//1882
f 3336//1889 3335//1888 3326//1883
f 3337//1890 3336//1889 3327//1884
f 3338//1891 3337//1890 3328//1885
f 3339//1891 3338//1891 3329//1886
f 3340//1875 3294//1875 3258//1868
f 3341//1876 3295//1876 3294//1875
f 3342//92 3296//92 3295//1876
f 3343//92 3297//92 3296//92
f 3344//92 3298//92 3297//92
f 3345//1875 3340//1875 3331//1868
f 3346//1876 3341//1876 3340//1875
f 3347//92 3342//92 3341//1876
f 3348//92 3343//92 3342//92
f 3349//92 3344//92 3343//92
f 3350//1875 3345//1875 3332//1868
f 3351//1876 3346//1876 3345//1875
f 3352//92 3347//92 3346//1876
f 3353//92 3348//92 3347//92
f 3354//92 3349//92 3348//92
f 3355//1892 3350//1875 3333//1868
f 3356//1893 3351//1876 3350//1875
f 3357//1894 3352//92 3351//1876
f 3358//1894 3353//92 3352//92
f 3359//1894 3354//92 3353//92
f 3360//1895 3355//1892 3334//1887
f 3360//1895 3361//1896 3356//1893
f 3336//1889 3361//1896 3360//1895
f 3362//1897 3357//1894 3356//1893
f 3362//1897 3361//1896 3336//1889
f 3363//1898 3358//1894 3357//1894
f 3363//1898 3362//1897 3337//1890
f 3364//1898 3359//1894 3358//1894
f 3364//1898 3363//1898 3338//1891
f 3203//1836 3365//1899 3308//1879
f 3366//1900 3309//1880 3308//1879
f 3367//1901 3310//1881 3309//1880
f 3368//1292 3311//1881 3310//1881
f 3369//1292 3312//1881 3311//1881
f 3370//1902 3365//1899 3203//1836
f 3213//1844 3371//55 3370//1902
f 3372//55 3371//55 3213//1844
f 3373//1903 3372//55 3214//1845
f 3216//1846 3374//1904 3373//1903
f 3375//1905 3374//1904 3216//1846
f 3218//1848 3376//1906 3375//1905
f 3377//1907 3376//1906 3218//1848
f 3378//1908 3377//1907 3219//1849
f 3379//1908 3378//1908 3220//1850
f 3381//1910 3366//1900 3365//1899
f 3382//1911 3367//1901 3366//1900
f 3368//1292 3367//1901 3382//1911
f 3369//1292 3368//1292 3383//1292
f 3370//1902 3385//1912 3380//1909
f 3386//55 3385//1912 3370//1902
f 3387//1913 3386//55 3371//55
f 3388//1914 3387//1913 3372//55
f 3389//1915 3388//1914 3373//1903
f 3394//1918 3389//1915 3374//1904
f 3394//1918 3395//1919 3390//1916
f 3395//1919 3394//1918 3375//1905
f 3396//1920 3391//1917 3390//1916
f 3396//1920 3395//1919 3376//1906
f 3397//1921 3392//1917 3391//1917
f 3397//1921 3396//1920 3377//1907
f 3398//1921 3393//1917 3392//1917
f 3398//1921 3397//1921 3378//1908
f 3400//1923 3381//1910 3380//1909
f 3401//1924 3382//1911 3381//1910
f 3383//1292 3382//1911 3401//1924
f 3384//1292 3383//1292 3402//1292
f 3385//1912 3404//1925 3399//1922
f 3405//1926 3404//1925 3385//1912
f 3387//1913 3406//1927 3405//1926
f 3411//1931 3406//1927 3387//1913
f 3411//1931 3412//1932 3407//1928
f 3413//1933 3408//1929 3407//1928
f 3414//1934 3409//1930 3408//1929
f 3415//1934 3410//1930 3409//1930
f 3416//1935 3411//1931 3388//1914
f 3417//1936 3412//1932 3411//1931
f 3390//1916 3417//1936 3416//1935
f 3418//1937 3413//1933 3412//1932
f 3418//1937 3417//1936 3390//1916
f 3419//1938 3414//1934 3413//1933
f 3419//1938 3418//1937 3391//1917
f 3420//1938 3415//1934 3414//1934
f 3420//1938 3419//1938 3392//1917
f 3422//1940 3400//1923 3399//1922
f 3423//1941 3401//1924 3400//1923
f 3402//1292 3401//1924 3423//1941
f 3403//1292 3402//1292 3424//1942
f 3404//1925 3426//1943 3421//1939
f 3431//1947 3426//1943 3404//1925
f 3432//1948 3427//1944 3426//1943
f 3433//1949 3428//1945 3427//1944
f 3434//1950 3429//1946 3428//1945
f 3435//1950 3430//1946 3429//1946
f 3436//1951 3431//1947 3405//1926
f 3436//1951 3437//1952 3432//1948
f 3437//1952 3436//1951 3406//1927
f 3438//1953 3433//1949 3432//1948
f 3408//1929 3438//1953 3437//1952
f 3439//1954 3434//1950 3433//1949
f 3439//1954 3438//1953 3408//1929
f 3440//1954 3435//1950 3434//1950
f 3440//1954 3439//1954 3409//1930
f 3422//1940 3421//1939 3441//1955
f 3443//1957 3423//1941 3422//1940
f 3424//1942 3423//1941 3443//1957
f 3425//1942 3424//1942 3444//1958
f 3446//1959 3441//1955 3421//1939
f 3446//1959 3447//1960 3442//1956
f 3427//1944 3447//1960 3446//1959
f 3448//1961 3443//1957 3442//1956
f 3428//1945 3448//1961 3447//1960
f 3449//1961 3444//1958 3443//1957
f 3449//1961 3448//1961 3428//1945
f 3450//1961 3445//1958 3444//1958
f 3450//1961 3449//1961 3429//1946
f 3451//1962 1918//871 90//37
f 1919//589 1918//871 3451//1962
f 1920//872 1919//589 3452//589
f 3454//1091 2292//1091 903//412
f 3455//1964 3454//1091 1921//412
f 1923//874 3456//1965 3455//1964
f 1924//875 3457//1966 3456//1965
f 1925//876 3458//1967 3457//1966
f 3458//1967 1925//876 1920//872
f 3451//1962 2214//1055 2219//1058
f 3452//589 3451//1962 3459//1968
f 3453//1963 3452//589 3460//589
f 3462//1098 2300//1098 2292//1091
f 3463//1970 3462//1098 3454//1091
f 3464//1971 3463//1970 3455//1964
f 3457//1966 3465//1972 3464//1971
f 3466//1973 3465//1972 3457//1966
f 3458//1967 3453//1963 3461//1969
f 2304//1102 2300//1098 3462//1098
f 3467//1102 3462//1098 3463//1970
f 3469//1975 3468//1974 3463//1970
f 3470//1976 3469//1975 3464//1971
f 3459//1968 2219//1058 2224//1061
f 3472//1978 3460//589 3459//1968
f 3461//1969 3460//589 3472//1978
f 3466//1973 3475//1981 3474//1980
f 3466//1973 3461//1969 3473//1979
f 3476//1112 2314//1112 2304//1102
f 3477//1982 3476//1112 3467//1102
f 3478//1983 3477//1982 3468//1974
f 3470//1976 3479//1984 3478//1983
f 3470//1976 3465//1972 3474//1980
f 3480//1985 3479//1984 3474//1980
f 3481//1116 2225//1025 2154//1025
f 3482//1116 2226//1025 2225//1025
f 3483//1986 2227//1062 2226//1025
f 3483//1986 3484//1987 2228//1063
f 3484//1987 3485//1988 2229//1064
f 3471//1977 2224//1061 2229//1064
f 3486//1989 3472//1978 3471//1977
f 3473//1979 3472//1978 3486//1989
f 3488//1990 3475//1981 3473//1979
f 3489//1123 2327//1123 2314//1112
f 3490//1991 3489//1123 3476//1112
f 3491//1992 3490//1991 3477//1982
f 3492//1993 3491//1992 3478//1983
f 3480//1985 3493//1994 3492//1993
f 3480//1985 3475//1981 3488//1990
f 2332//1128 2327//1123 3489//1123
f 3494//1128 3489//1123 3490//1991
f 3495//1995 3490//1991 3491//1992
f 3496//1996 3491//1992 3492//1993
f 3498//1998 3497//1997 3492//1993
f 2337//1133 2332//1128 3494//1128
f 3499//1133 3494//1128 3495//1995
f 3500//1999 3495//1995 3496//1996
f 3501//2000 3496//1996 3497//1997
f 3502//2001 3497//1997 3498//1998
f 2342//1138 2337//1133 3499//1133
f 3504//1138 3499//1133 3500//1999
f 3505//1137 3500//1999 3501//2000
f 3506//2003 3501//2000 3502//2001
f 3508//2005 3507//2004 3502//2001
f 3481//1116 2319//1116 2347//1142
f 3482//1116 3481//1116 3509//1142
f 3483//1986 3482//1116 3510//1142
f 3484//1987 3483//1986 3511//2006
f 3485//1988 3484//1987 3512//2007
f 3486//1989 3485//1988 3513//2008
f 3487//589 3486//1989 3514//2009
f 3488//1990 3487//589 3515//2010
f 3517//2011 3493//1994 3488//1990
f 3498//1998 3493//1994 3517//2011
f 3503//2002 3498//1998 3518//2012
f 3520//1150 2358//1150 2342//1138
f 3521//1150 3520//1150 3504//1138
f 3522//1150 3521//1150 3505//1137
f 3523//2014 3522//1150 3506//2003
f 3508//2005 3524//2015 3523//2014
f 3508//2005 3503//2002 3519//2013
f 3509//1142 2347//1142 2363//1154
f 3510//1142 3509//1142 3525//1154
f 3511//2006 3510//1142 3526//1154
f 3512//2007 3511//2006 3527//2016
f 3529//2018 3513//2008 3512//2007
f 3530//1158 3525//1154 2363//1154
f 3531//1158 3526//1154 3525//1154
f 3532//2019 3527//2016 3526//1154
f 3532//2019 3533//2020 3528//2017
f 3533//2020 3534//2021 3529//2018
f 3514//2009 3513//2008 3529//2018
f 3515//2010 3514//2009 3534//2021
f 3516//589 3515//2010 3535//2022
f 3517//2011 3516//589 3536//589
f 3518//2012 3517//2011 3537//589
f 3519//2013 3518//2012 3538//2023
f 3544//1167 3539//1164 2377//1164
f 3544//1167 2382//1167 2358//1150
f 3545//1167 3540//1164 3539//1164
f 3545//1167 3544//1167 3520//1150
f 3546//1167 3541//2024 3540//1164
f 3546//1167 3545//1167 3521//1150
f 3547//2027 3542//2025 3541//2024
f 3547//2027 3546//1167 3522//1150
f 3547//2027 3548//2028 3543//2026
f 3548//2028 3547//2027 3523//2014
f 3548//2028 3524//2015 3519//2013
f 3530//1158 2368//1158 2387//1171
f 3531//1158 3530//1158 3549//1171
f 3532//2019 3531//1158 3550//1171
f 3533//2020 3532//2019 3551//2029
f 3553//2031 3534//2021 3533//2020
f 3554//1175 3549//1171 2387//1171
f 3555//1175 3550//1171 3549//1171
f 3556//2032 3551//2029 3550//1171
f 3557//2033 3552//2030 3551//2029
f 3557//2033 3558//2034 3553//2031
f 3535//2022 3534//2021 3553//2031
f 3559//2035 3536//589 3535//2022
f 3537//589 3536//589 3559//2035
f 3538//2023 3537//589 3560//2036
f 3562//1164 2400//1164 2377//1164
f 3563//1164 3562//1164 3539//1164
f 3564//2038 3563//1164 3540//1164
f 3542//2025 3565//2039 3564//2038
f 3566//2040 3565//2039 3542//2025
f 3566//2040 3543//2026 3538//2023
f 3554//1175 2392//1175 2405//1185
f 3555//1175 3554//1175 3567//1185
f 3556//2032 3555//1175 3568//1185
f 3570//2042 3557//2033 3556//2032
f 3571//2043 3558//2034 3557//2033
f 3572//1189 3567//1185 2405//1185
f 3573//1189 3568//1185 3567//1185
f 3574//2044 3569//2041 3568//1185
f 3575//2045 3570//2042 3569//2041
f 3576//2046 3571//2043 3570//2042
f 3559//2035 3558//2034 3571//2043
f 3577//1193 3572//1189 2410//1189
f 3578//1193 3573//1189 3572//1189
f 3579//2047 3574//2044 3573//1189
f 3580//2048 3575//2045 3574//2044
f 3580//2048 3581//2049 3576//2046
f 3560//2036 3559//2035 3576//2046
f 3582//2050 3561//2037 3560//2036
f 3583//1198 2421//1198 2400//1164
f 3584//1198 3583//1198 3562//1164
f 3585//2051 3584//1198 3563//1164
f 3565//2039 3586//2052 3585//2051
f 3566//2040 3587//2053 3586//2052
f 3587//2053 3566//2040 3561//2037
f 2122//568 1104//568 2426//1203
f 2123//1001 2122//568 3588//1203
f 2124//1002 2123//1001 3589//2054
f 2125//1003 2124//1002 3590//2055
f 2126//1004 2125//1003 3591//2056
f 2127//1005 2126//1004 3592//2057
f 2128//589 2127//1005 3593//2058
f 2129//1006 2128//589 3594//589
f 3596//1209 2434//1209 1112//574
f 3597//1209 3596//1209 2130//574
f 3598//2060 3597//1209 2131//574
f 3599//2061 3598//2060 2132//1007
f 3600//2062 3599//2061 2133//1008
f 2134//1009 2129//1006 3595//2059
f 3588//1203 2426//1203 2439//1214
f 3589//2054 3588//1203 3601//1214
f 3603//2064 3590//2055 3589//2054
f 3604//2065 3591//2056 3590//2055
f 3605//2066 3592//2057 3591//2056
f 3606//2067 3593//2058 3592//2057
f 3594//589 3593//2058 3606//2067
f 3595//2059 3594//589 3607//589
f 3609//1220 2447//1220 2434//1209
f 3610//1220 3609//1220 3596//1209
f 3611//2069 3610//1220 3597//1209
f 3599//2061 3612//2070 3611//2069
f 3600//2062 3613//2071 3612//2070
f 3613//2071 3600//2062 3595//2059
f 2457//1230 2452//1225 3614//1225
f 3601//1214 2439//1214 2457//1230
f 3619//1230 3614//1225 3615//2072
f 3602//2063 3601//1214 3619//1230
f 3620//2076 3615//2072 3616//2073
f 3621//2077 3603//2064 3602//2063
f 3621//2077 3616//2073 3617//2074
f 3622//2078 3604//2065 3603//2064
f 3622//2078 3617//2074 3618//2075
f 3605//2066 3604//2065 3622//2078
f 3624//2080 3606//2067 3605//2066
f 3607//589 3606//2067 3624//2080
f 3608//2068 3607//589 3625//589
f 3627//1236 2465//1236 2447//1220
f 3628//1236 3627//1236 3609//1220
f 3629//2082 3628//1236 3610//1220
f 3612//2070 3630//2083 3629//2082
f 3613//2071 3631//2084 3630//2083
f 3631//2084 3613//2071 3608//2068
f 2475//1246 2470//1241 3632//1241
f 3637//1246 3632//1241 3633//2085
f 3639//2090 3638//2089 3633//2085
f 3640//2091 3639//2090 3634//2086
f 3640//2091 3635//2087 3636//2088
f 2480//1251 2475//1246 3637//1246
f 3614//1225 2452//1225 2480//1251
f 3642//1251 3637//1246 3638//2089
f 3615//2072 3614//1225 3642//1251
f 3644//2094 3643//2093 3638//2089
f 3616//2073 3615//2072 3643//2093
f 3645//2095 3644//2094 3639//2090
f 3617//2074 3616//2073 3644//2094
f 3645//2095 3640//2091 3641//2092
f 3618//2075 3617//2074 3645//2095
f 3647//2097 3623//2079 3618//2075
f 3648//832 3624//2080 3623//2079
f 3625//589 3624//2080 3648//832
f 3626//2081 3625//589 3649//2098
f 3651//1258 2489//1258 2465//1236
f 3652//1258 3651//1258 3627//1236
f 3653//2100 3652//1258 3628//1236
f 3630//2083 3654//2101 3653//2100
f 3631//2084 3655//2102 3654//2101
f 3655//2102 3631//2084 3626//2081
f 3632//1241 2470//1241 2494//1262
f 3633//2085 3632//1241 3656//1262
f 3634//2086 3633//2085 3657//1262
f 3659//2104 3635//2087 3634//2086
f 3660//2105 3636//2088 3635//2087
f 3661//2106 3641//2092 3636//2088
f 3662//2107 3646//2096 3641//2092
f 3663//2108 3647//2097 3646//2096
f 3648//832 3647//2097 3663//2108
f 3649//2098 3648//832 3664//589
f 3670//2112 3650//2099 3649//2098
f 3671//1274 3666//1270 2504//1270
f 3671//1274 2509//1274 2489//1258
f 3672//1274 3667//1270 3666//1270
f 3672//1274 3671//1274 3651//1258
f 3673//2113 3668//2110 3667//1270
f 3673//2113 3672//1274 3652//1258
f 3674//2114 3669//2111 3668//2110
f 3654//2101 3674//2114 3673//2113
f 3675//2115 3670//2112 3669//2111
f 3675//2115 3674//2114 3654//2101
f 3675//2115 3655//2102 3650//2099
f 3656//1262 2494//1262 2514//1278
f 3657//1262 3656//1262 3676//1278
f 3658//2103 3657//1262 3677//1278
f 3659//2104 3658//2103 3678//2116
f 3660//2105 3659//2104 3679//2117
f 3661//2106 3660//2105 3680//2118
f 3662//2107 3661//2106 3681//2119
f 3663//2108 3662//2107 3682//589
f 3664//589 3663//2108 3683//589
f 3665//2109 3664//589 3684//2120
f 3690//1288 3685//1284 2523//1284
f 3690//1288 2528//1288 2504//1270
f 3691//1288 3686//1284 3685//1284
f 3691//1288 3690//1288 3666//1270
f 3692//2124 3687//2121 3686//1284
f 3692//2124 3691//1288 3667//1270
f 3693//2125 3688//2122 3687//2121
f 3669//2111 3693//2125 3692//2124
f 3694//2126 3689//2123 3688//2122
f 3694//2126 3693//2125 3669//2111
f 3694//2126 3670//2112 3665//2109
f 3676//1278 2514//1278 2533//1292
f 3677//1278 3676//1278 3695//1292
f 3678//2116 3677//1278 3696//1292
f 3679//2117 3678//2116 3697//2127
f 3680//2118 3679//2117 3698//2128
f 3681//2119 3680//2118 3699//2129
f 3682//589 3681//2119 3700//2130
f 3683//589 3682//589 3701//2131
f 3684//2120 3683//589 3702//2132
f 3708//1303 3703//1299 2541//1299
f 3708//1303 2546//1303 2523//1284
f 3709//1303 3704//1299 3703//1299
f 3709//1303 3708//1303 3685//1284
f 3710//2136 3705//2133 3704//1299
f 3710//2136 3709//1303 3686//1284
f 3710//2136 3711//2137 3706//2134
f 3688//2122 3711//2137 3710//2136
f 3712//2138 3707//2135 3706//2134
f 3712//2138 3711//2137 3688//2122
f 3712//2138 3689//2123 3684//2120
f 3695//1292 2533//1292 2551//1307
f 3696//1292 3695//1292 3713//1307
f 3697//2127 3696//1292 3714//1307
f 3698//2128 3697//2127 3715//2139
f 3699//2129 3698//2128 3716//2140
f 3700//2130 3699//2129 3717//2141
f 3701//2131 3700//2130 3718//2142
f 3724//2146 3702//2132 3701//2131
f 3725//1317 3720//1313 2558//1313
f 3725//1317 2563//1317 2541//1299
f 3726//1317 3721//1313 3720//1313
f 3726//1317 3725//1317 3703//1299
f 3727//2147 3722//2144 3721//1313
f 3727//2147 3726//1317 3704//1299
f 3727//2147 3728//2148 3723//2145
f 3728//2148 3727//2147 3705//2133
f 3729//2149 3724//2146 3723//2145
f 3729//2149 3728//2148 3706//2134
f 3729//2149 3707//2135 3702//2132
f 3577//1193 2415//1193 2568//1321
f 3578//1193 3577//1193 3730//1321
f 3579//2047 3578//1193 3731//1321
f 3733//2151 3580//2048 3579//2047
f 3581//2049 3580//2048 3733//2151
f 3735//1325 3730//1321 2568//1321
f 3736//1325 3731//1321 3730//1321
f 3737//2153 3732//2150 3731//1321
f 3738//2154 3733//2151 3732//2150
f 3738//2154 3739//2155 3734//2152
f 3582//2050 3581//2049 3734//2152
f 3740//1329 3735//1325 2573//1325
f 3740//1329 2578//1329 2421//1198
f 3741//1329 3736//1325 3735//1325
f 3741//1329 3740//1329 3583//1198
f 3742//2156 3737//2153 3736//1325
f 3742//2156 3741//1329 3584//1198
f 3743//2157 3738//2154 3737//2153
f 3586//2052 3743//2157 3742//2156
f 3744//2158 3739//2155 3738//2154
f 3744//2158 3743//2157 3586//2052
f 3744//2158 3587//2053 3582//2050
f 2588//1337 2583//1333 3745//1333
f 3750//1337 3745//1333 3746//1333
f 3751//1337 3746//1333 3747//2159
f 3753//2163 3752//2162 3747//2159
f 3753//2163 3748//2160 3749//2161
f 2593//1341 2588//1337 3750//1337
f 3755//1341 3750//1337 3751//1337
f 3756//1341 3751//1337 3752//2162
f 3758//2166 3757//2165 3752//2162
f 3759//2167 3758//2166 3753//2163
f 2603//1349 2598//1345 3760//1345
f 3765//1349 3760//1345 3761//1345
f 3766//1349 3761//1345 3762//2168
f 3768//2172 3767//2171 3762//2168
f 3768//2172 3763//2169 3764//2170
f 2608//1353 2603//1349 3765//1349
f 3770//1353 3765//1349 3766//1349
f 3771//1353 3766//1349 3767//2171
f 3773//2175 3772//2174 3767//2171
f 3774//2176 3773//2175 3768//2172
f 2613//1357 2608//1353 3770//1353
f 3745//1333 2583//1333 2613//1357
f 3775//1357 3770//1353 3771//1353
f 3746//1333 3745//1333 3775//1357
f 3776//1357 3771//1353 3772//2174
f 3747//2159 3746//1333 3776//1357
f 3778//2178 3777//2177 3772//2174
f 3748//2160 3747//2159 3777//2177
f 3778//2178 3773//2175 3774//2176
f 3779//2179 3749//2161 3748//2160
f 3780//2180 3754//2164 3749//2161
f 3781//2181 3759//2167 3754//2164
f 2625//1367 2620//1363 3782//1363
f 3760//1345 2598//1345 2625//1367
f 3787//1367 3782//1363 3783//1363
f 3761//1345 3760//1345 3787//1367
f 3788//1367 3783//1363 3784//2182
f 3762//2168 3761//1345 3788//1367
f 3790//2186 3789//2185 3784//2182
f 3763//2169 3762//2168 3789//2185
f 3790//2186 3785//2183 3786//2184
f 3764//2170 3763//2169 3790//2186
f 3792//2188 3769//2173 3764//2170
f 3793//2189 3774//2176 3769//2173
f 3794//2190 3779//2179 3774//2176
f 3780//2180 3779//2179 3794//2190
f 3781//2181 3780//2180 3795//589
f 2640//1378 2635//1374 3797//1374
f 3782//1363 2620//1363 2640//1378
f 3802//1378 3797//1374 3798//1374
f 3783//1363 3782//1363 3802//1378
f 3803//1378 3798//1374 3799//2191
f 3784//2182 3783//1363 3803//1378
f 3805//2195 3804//2194 3799//2191
f 3805//2195 3785//2183 3784//2182
f 3805//2195 3800//2192 3801//2193
f 3786//2184 3785//2183 3805//2195
f 3807//2197 3791//2187 3786//2184
f 3808//2198 3792//2188 3791//2187
f 3793//2189 3792//2188 3808//2198
f 3794//2190 3793//2189 3809//589
f 3795//589 3794//2190 3810//589
f 3796//589 3795//589 3811//589
f 3797//1374 2635//1374 2651//1384
f 3798//1374 3797//1374 3813//1384
f 3799//2191 3798//1374 3814//1384
f 3816//2200 3800//2192 3799//2191
f 3817//2201 3801//2193 3800//2192
f 3818//2202 3806//2196 3801//2193
f 3819//832 3807//2197 3806//2196
f 3808//2198 3807//2197 3819//832
f 3809//589 3808//2198 3820//589
f 3810//589 3809//589 3821//589
f 3811//589 3810//589 3822//2203
f 3812//589 3811//589 3823//2204
f 2663//1392 2593//1341 3755//1341
f 3825//1392 3755//1341 3756//1341
f 3826//1392 3756//1341 3757//2165
f 3828//2207 3827//2206 3757//2165
f 3829//2208 3828//2207 3758//2166
f 2668//1396 2663//1392 3825//1392
f 3830//1396 3825//1392 3826//1392
f 3831//1396 3826//1392 3827//2206
f 3833//2210 3832//2209 3827//2206
f 3834//2211 3833//2210 3828//2207
f 2673//1400 2668//1396 3830//1396
f 3835//1400 3830//1396 3831//1396
f 3836//1400 3831//1396 3832//2209
f 3838//2213 3837//2212 3832//2209
f 3839//2214 3838//2213 3833//2210
f 2678//1404 2673//1400 3835//1400
f 3840//1404 3835//1400 3836//1400
f 3841//1404 3836//1400 3837//2212
f 3843//2216 3842//2215 3837//2212
f 3844//2217 3843//2216 3838//2213
f 2683//1408 2678//1404 3840//1404
f 3845//1408 3840//1404 3841//1404
f 3846//1408 3841//1404 3842//2215
f 3847//2218 3842//2215 3843//2216
f 3848//2219 3843//2216 3844//2217
f 2688//1412 2683//1408 3845//1408
f 3850//1412 3845//1408 3846//1408
f 3851//1412 3846//1408 3847//2218
f 3852//2221 3847//2218 3848//2219
f 3853//2222 3848//2219 3849//2220
f 2693//1416 2688//1412 3850//1412
f 3855//1416 3850//1412 3851//1412
f 3856//1416 3851//1412 3852//2221
f 3857//2224 3852//2221 3853//2222
f 3858//2225 3853//2222 3854//2223
f 2698//1420 2693//1416 3855//1416
f 3860//1420 3855//1416 3856//1416
f 3861//1420 3856//1416 3857//2224
f 3862//2227 3857//2224 3858//2225
f 3863//2228 3858//2225 3859//2226
f 3865//2230 3829//2208 3759//2167
f 3866//2231 3834//2211 3829//2208
f 3867//2232 3839//2214 3834//2211
f 3868//2233 3844//2217 3839//2214
f 3849//2220 3844//2217 3868//2233
f 3854//2223 3849//2220 3869//2234
f 3859//2226 3854//2223 3870//2235
f 3864//2229 3859//2226 3871//2236
f 3865//2230 3781//2181 3796//589
f 3866//2231 3865//2230 3873//589
f 3867//2232 3866//2231 3874//589
f 3868//2233 3867//2232 3875//589
f 3869//2234 3868//2233 3876//589
f 3870//2235 3869//2234 3877//589
f 3871//2236 3870//2235 3878//589
f 3872//2237 3871//2236 3879//589
f 3873//589 3796//589 3812//589
f 3874//589 3873//589 3881//589
f 3875//589 3874//589 3882//589
f 3876//589 3875//589 3883//589
f 3877//589 3876//589 3884//589
f 3878//589 3877//589 3885//589
f 3879//589 3878//589 3886//589
f 3880//589 3879//589 3887//589
f 3881//589 3812//589 3824//2205
f 3882//589 3881//589 3889//2238
f 3883//589 3882//589 3890//2239
f 3884//589 3883//589 3891//2240
f 3885//589 3884//589 3892//2240
f 3886//589 3885//589 3893//2240
f 3887//589 3886//589 3894//2241
f 3888//589 3887//589 3895//2242
f 3713//1307 2551//1307 2735//1438
f 3714//1307 3713//1307 3897//1438
f 3715//2139 3714//1307 3898//1438
f 3716//2140 3715//2139 3899//2244
f 3901//2246 3717//2141 3716//2140
f 3902//1442 3897//1438 2735//1438
f 3903//1442 3898//1438 3897//1438
f 3904//2247 3899//2244 3898//1438
f 3905//2248 3900//2245 3899//2244
f 3905//2248 3906//2249 3901//2246
f 3718//2142 3717//2141 3901//2246
f 3907//1446 3902//1442 2740//1442
f 3908//1446 3903//1442 3902//1442
f 3909//2250 3904//2247 3903//1442
f 3909//2250 3910//2251 3905//2248
f 3910//2251 3911//2252 3906//2249
f 3911//2252 3719//2143 3718//2142
f 3912//1450 3907//1446 2745//1446
f 3912//1450 2750//1450 2558//1313
f 3913//1450 3908//1446 3907//1446
f 3913//1450 3912//1450 3720//1313
f 3914//2253 3909//2250 3908//1446
f 3914//2253 3913//1450 3721//1313
f 3914//2253 3915//2254 3910//2251
f 3915//2254 3914//2253 3722//2144
f 3916//2255 3911//2252 3910//2251
f 3916//2255 3915//2254 3723//2145
f 3916//2255 3724//2146 3719//2143
f 2755//1454 2698//1420 3860//1420
f 3917//1454 3860//1420 3861//1420
f 3918//1454 3861//1420 3862//2227
f 3919//2256 3862//2227 3863//2228
f 3920//2257 3863//2228 3864//2229
f 2760//1458 2755//1454 3917//1454
f 3922//1458 3917//1454 3918//1454
f 3923//1458 3918//1454 3919//2256
f 3924//2259 3919//2256 3920//2257
f 3926//2261 3925//2260 3920//2257
f 3921//2258 3864//2229 3872//2237
f 3928//1463 2766//1463 2760//1458
f 3929//1463 3928//1463 3922//1458
f 3930//2263 3929//1463 3923//1458
f 3925//2260 3931//2264 3930//2263
f 3932//2265 3931//2264 3925//2260
f 3926//2261 3921//2258 3927//2262
f 2771//1467 2766//1463 3928//1463
f 3933//1467 3928//1463 3929//1463
f 3934//1467 3929//1463 3930//2263
f 3935//2266 3930//2263 3931//2264
f 3937//2268 3936//2267 3931//2264
f 2776//1471 2771//1467 3933//1467
f 3938//1471 3933//1467 3934//1467
f 3939//1471 3934//1467 3935//2266
f 3940//2269 3935//2266 3936//2267
f 3942//2271 3941//2270 3936//2267
f 3943//2272 3927//2262 3872//2237
f 3944//2273 3932//2265 3927//2262
f 3937//2268 3932//2265 3944//2273
f 3946//1478 2784//1478 2776//1471
f 3947//1478 3946//1478 3938//1471
f 3948//2275 3947//1478 3939//1471
f 3941//2270 3949//2276 3948//2275
f 3942//2271 3950//2277 3949//2276
f 3942//2271 3937//2268 3945//2274
f 2789//1482 2784//1478 3946//1478
f 3951//1482 3946//1478 3947//1478
f 3952//1482 3947//1478 3948//2275
f 3953//2278 3948//2275 3949//2276
f 3955//2280 3954//2279 3949//2276
f 2794//1486 2789//1482 3951//1482
f 3956//1486 3951//1482 3952//1482
f 3957//1486 3952//1482 3953//2278
f 3958//2281 3953//2278 3954//2279
f 3959//2282 3954//2279 3955//2280
f 3943//2272 3880//589 3888//589
f 3944//2273 3943//2272 3961//589
f 3945//2274 3944//2273 3962//589
f 3964//2284 3950//2277 3945//2274
f 3955//2280 3950//2277 3964//2284
f 3966//1491 2804//1491 2794//1486
f 3967//1491 3966//1491 3956//1486
f 3968//1491 3967//1491 3957//1486
f 3969//2286 3968//1491 3958//2281
f 3960//2283 3970//2287 3969//2286
f 3960//2283 3955//2280 3965//2285
f 2809//1495 2804//1491 3966//1491
f 3971//1495 3966//1491 3967//1491
f 3972//1495 3967//1491 3968//1491
f 3973//2288 3968//1491 3969//2286
f 3975//2290 3974//2289 3969//2286
f 3961//589 3888//589 3896//2243
f 3962//589 3961//589 3976//2291
f 3963//589 3962//589 3977//2292
f 3964//2284 3963//589 3978//2293
f 3980//2294 3965//2285 3964//2284
f 3970//2287 3965//2285 3980//2294
f 3982//1504 2820//1504 2809//1495
f 3983//1504 3982//1504 3971//1495
f 3984//2296 3983//1504 3972//1495
f 3985//2297 3984//2296 3973//2288
f 3986//2298 3985//2297 3974//2289
f 3975//2290 3970//2287 3981//2295
f 2825//1508 2159//1029 2230//1029
f 3813//1384 2651//1384 2825//1508
f 3987//1508 2230//1029 2231//1029
f 3814//1384 3813//1384 3987//1508
f 3988//1508 2231//1029 2232//1065
f 3815//2199 3814//1384 3988//1508
f 3989//2299 2232//1065 2233//1066
f 3990//2300 3816//2200 3815//2199
f 3991//2301 3990//2300 2233//1066
f 3817//2201 3816//2200 3990//2300
f 3992//2302 3818//2202 3817//2201
f 3819//832 3818//2202 3992//2302
f 3820//589 3819//832 3993//589
f 3821//589 3820//589 3994//2303
f 3822//2203 3821//589 3995//2304
f 4002//2310 3997//2306 3996//2305
f 4002//2310 3823//2204 3822//2203
f 4003//1523 3998//1518 2836//1518
f 4004//2311 3999//2307 3998//1518
f 4004//2311 4005//2312 4000//2308
f 4006//2313 4001//2309 4000//2308
f 4006//2313 4007//2314 4002//2310
f 4007//2314 3824//2205 3823//2204
f 4008//2315 3991//2301 2234//1067
f 3992//2302 3991//2301 4008//2315
f 3993//589 3992//2302 4009//589
f 3994//2303 3993//589 4010//589
f 4016//2320 3995//2304 3994//2303
f 4017//1535 4012//1530 2850//1530
f 4018//2321 4013//2317 4012//1530
f 4018//2321 4019//2322 4014//2318
f 4019//2322 4020//2323 4015//2319
f 4021//2324 4016//2320 4015//2319
f 4021//2324 4020//2323 3996//2305
f 4021//2324 3997//2306 3995//2304
f 4022//1539 4017//1535 2855//1535
f 4022//1539 2859//1539 2836//1518
f 4023//2325 4018//2321 4017//1535
f 4023//2325 4022//1539 3998//1518
f 4023//2325 4024//2326 4019//2322
f 4024//2326 4023//2325 3999//2307
f 4025//2327 4020//2323 4019//2322
f 4025//2327 4024//2326 4000//2308
f 4025//2327 4001//2309 3996//2305
f 4026//2328 4008//2315 2239//1070
f 4009//589 4008//2315 4026//2328
f 4010//589 4009//589 4027//589
f 4011//2316 4010//589 4028//2329
f 4034//1551 4029//1546 2867//1546
f 4034//1551 2872//1551 2850//1530
f 4035//2334 4030//2330 4029//1546
f 4035//2334 4034//1551 4012//1530
f 4036//2335 4031//2331 4030//2330
f 4036//2335 4035//2334 4013//2317
f 4036//2335 4037//2336 4032//2332
f 4037//2336 4036//2335 4014//2318
f 4038//2337 4033//2333 4032//2332
f 4038//2337 4037//2336 4015//2319
f 4038//2337 4016//2320 4011//2316
f 4026//2328 2244//1073 2249//1076
f 4040//2339 4027//589 4026//2328
f 4028//2329 4027//589 4040//2339
f 4042//1559 2880//1559 2867//1546
f 4043//2341 4042//1559 4029//1546
f 4031//2331 4044//2342 4043//2341
f 4032//2332 4045//2343 4044//2342
f 4046//2344 4045//2343 4032//2332
f 4046//2344 4033//2333 4028//2329
f 4047//1564 2250//1045 2179//1045
f 4048//2345 2251//1045 2250//1045
f 4048//2345 4049//2346 2252//1077
f 4049//2346 4050//2347 2253//1078
f 4050//2347 4051//2348 2254//1079
f 4039//2338 2249//1076 2254//1079
f 4040//2339 4039//2338 4051//2348
f 4041//2340 4040//2339 4052//2349
f 4054//1571 2892//1571 2880//1559
f 4055//2351 4054//1571 4042//1559
f 4044//2342 4056//2352 4055//2351
f 4045//2343 4057//2353 4056//2352
f 4046//2344 4058//2354 4057//2353
f 4058//2354 4046//2344 4041//2340
f 4047//1564 2885//1564 2897//1576
f 4048//2345 4047//1564 4059//1576
f 4049//2346 4048//2345 4060//2355
f 4050//2347 4049//2346 4061//2356
f 4063//2358 4051//2348 4050//2347
f 4064//2359 4065//2360 4063//2358
f 4052//2349 4051//2348 4063//2358
f 4066//2361 4053//2350 4052//2349
f 4067//1584 2905//1584 2892//1571
f 4068//2362 4067//1584 4054//1571
f 4069//2363 4068//2362 4055//2351
f 4057//2353 4070//2364 4069//2363
f 4071//2365 4070//2364 4057//2353
f 4058//2354 4053//2350 4066//2361
f 2909//1587 2905//1584 4067//1584
f 4072//1587 4067//1584 4068//2362
f 4074//2366 4073//1587 4068//2362
f 4075//2367 4074//2366 4069//2363
f 4059//1576 2897//1576 2913//1591
f 4060//2355 4059//1576 4076//1591
f 4061//2356 4060//2355 4077//2368
f 4079//2370 4062//2357 4061//2356
f 4064//2359 4062//2357 4079//2370
f 4081//2372 4065//2360 4064//2359
f 4082//2373 4083//2374 4081//2372
f 4066//2361 4065//2360 4081//2372
f 4071//2365 4085//2376 4084//2375
f 4071//2365 4066//2361 4083//2374
f 4086//1602 2924//1602 2909//1587
f 4087//2377 4086//1602 4072//1587
f 4088//2378 4087//2377 4073//1587
f 4075//2367 4089//2379 4088//2378
f 4075//2367 4070//2364 4084//2375
f 4090//2380 4089//2379 4084//2375
f 2929//1606 2184//1048 2255//1048
f 4076//1591 2913//1591 2929//1606
f 4091//1606 2255//1048 2256//1048
f 4077//2368 4076//1591 4091//1606
f 4092//1606 2256//1048 2257//1048
f 4093//2381 4078//2369 4077//2368
f 4093//2381 2257//1048 2258//1080
f 4079//2370 4078//2369 4093//2381
f 4095//2383 4094//2382 2258//1080
f 4096//2384 4080//2371 4079//2370
f 4097//2385 4096//2384 4094//2382
f 4082//2373 4080//2371 4096//2384
f 4098//2386 4096//2384 4097//2385
f 4083//2374 4082//2373 4098//2386
f 4100//2388 4085//2376 4083//2374
f 4101//1616 2939//1616 2924//1602
f 4102//2389 4101//1616 4086//1602
f 4103//2390 4102//2389 4087//2377
f 4104//2391 4103//2390 4088//2378
f 4090//2380 4105//2392 4104//2391
f 4090//2380 4085//2376 4100//2388
f 2944//1621 2939//1616 4101//1616
f 4106//1621 4101//1616 4102//2389
f 4107//2393 4102//2389 4103//2390
f 4108//2394 4103//2390 4104//2391
f 4110//2396 4109//2395 4104//2391
f 2949//1626 2944//1621 4106//1621
f 4111//1626 4106//1621 4107//2393
f 4112//2397 4107//2393 4108//2394
f 4113//2398 4108//2394 4109//2395
f 4114//2399 4109//2395 4110//2396
f 2954//1337 2949//1626 4111//1626
f 4116//1337 4111//1626 4112//2397
f 4118//2402 4117//2401 4112//2397
f 4119//2403 4118//2402 4113//2398
f 4119//2403 4114//2399 4115//2400
f 4121//1635 4003//1523 2841//1523
f 4122//2405 4004//2311 4003//1523
f 4122//2405 4123//2406 4005//2312
f 4123//2406 4124//2407 4006//2313
f 4124//2407 4125//2408 4007//2314
f 4125//2408 3889//2238 3824//2205
f 4126//1640 4121//1635 2959//1635
f 4127//2409 4122//2405 4121//1635
f 4127//2409 4128//2410 4123//2406
f 4128//2410 4129//2411 4124//2407
f 4129//2411 4130//2412 4125//2408
f 4130//2412 3890//2239 3889//2238
f 4131//1644 4126//1640 2964//1640
f 4132//1644 4127//2409 4126//1640
f 4133//2413 4128//2410 4127//2409
f 4133//2413 4134//2414 4129//2411
f 4134//2414 4135//2415 4130//2412
f 4135//2415 3891//2240 3890//2239
f 4136//92 4131//1644 2969//1644
f 4137//92 4132//1644 4131//1644
f 4138//2416 4133//2413 4132//1644
f 4139//2417 4134//2414 4133//2413
f 4140//2418 4135//2415 4134//2414
f 3892//2240 3891//2240 4135//2415
f 4141//1651 4136//92 2974//92
f 4142//1651 4137//92 4136//92
f 4143//2419 4138//2416 4137//92
f 4144//2420 4139//2417 4138//2416
f 4145//2421 4140//2418 4139//2417
f 3893//2240 3892//2240 4140//2418
f 4146//1655 4141//1651 2979//1651
f 4147//1655 4142//1651 4141//1651
f 4148//2422 4143//2419 4142//1651
f 4149//2423 4144//2420 4143//2419
f 4150//2424 4145//2421 4144//2420
f 3894//2241 3893//2240 4145//2421
f 4151//1660 4146//1655 2984//1655
f 4152//2425 4147//1655 4146//1655
f 4153//2426 4148//2422 4147//1655
f 4154//2427 4149//2423 4148//2422
f 4155//2428 4150//2424 4149//2423
f 3895//2242 3894//2241 4150//2424
f 4156//1665 4151//1660 2989//1660
f 4157//2429 4152//2425 4151//1660
f 4158//2430 4153//2426 4152//2425
f 4159//2431 4154//2427 4153//2426
f 4160//2432 4155//2428 4154//2427
f 3896//2243 3895//2242 4155//2428
f 3004//1673 2999//1669 4161//1669
f 4166//1673 4161//1669 4162//1669
f 4167//1673 4162//1669 4163//2433
f 4169//2437 4168//2436 4163//2433
f 4169//2437 4164//2434 4165//2435
f 3009//1677 3004//1673 4166//1673
f 4171//1677 4166//1673 4167//1673
f 4172//1677 4167//1673 4168//2436
f 4174//2440 4173//2439 4168//2436
f 4174//2440 4169//2437 4170//2438
f 3014//1681 3009//1677 4171//1677
f 4176//1681 4171//1677 4172//1677
f 4177//1681 4172//1677 4173//2439
f 4178//2442 4173//2439 4174//2440
f 4179//2443 4174//2440 4175//2441
f 3019//1685 3014//1681 4176//1681
f 4181//1685 4176//1681 4177//1681
f 4182//1685 4177//1681 4178//2442
f 4184//2446 4183//2445 4178//2442
f 4185//2447 4184//2446 4179//2443
f 4161//1669 2999//1669 3024//1688
f 4162//1669 4161//1669 4186//1688
f 4163//2433 4162//1669 4187//1688
f 4164//2434 4163//2433 4188//1688
f 4165//2435 4164//2434 4189//2448
f 4191//2450 4170//2438 4165//2435
f 4192//2451 4175//2441 4170//2438
f 4180//2444 4175//2441 4192//2451
f 4194//1695 3032//1695 3019//1685
f 4195//1695 4194//1695 4181//1685
f 4196//2453 4195//1695 4182//1685
f 4197//2454 4196//2453 4183//2445
f 4185//2447 4198//2455 4197//2454
f 4185//2447 4180//2444 4193//2452
f 4186//1688 3024//1688 3037//1700
f 4187//1688 4186//1688 4199//1700
f 4188//1688 4187//1688 4200//2456
f 4189//2448 4188//1688 4201//2457
f 4203//2459 4190//2449 4189//2448
f 4204//2460 4205//2461 4203//2459
f 4191//2450 4190//2449 4203//2459
f 4206//2462 4192//2451 4191//2450
f 4193//2452 4192//2451 4206//2462
f 4208//1708 3046//1708 3032//1695
f 4209//1708 4208//1708 4194//1695
f 4210//2464 4209//1708 4195//1695
f 4211//2465 4210//2464 4196//2453
f 4212//2466 4211//2465 4197//2454
f 4198//2455 4193//2452 4207//2463
f 4199//1700 3037//1700 3050//1712
f 4200//2456 4199//1700 4213//1712
f 4215//2468 4201//2457 4200//2456
f 4216//2469 4202//2458 4201//2457
f 4204//2460 4202//2458 4216//2469
f 4218//2471 4205//2461 4204//2460
f 4206//2462 4205//2461 4218//2471
f 4207//2463 4206//2462 4219//2472
f 4221//77 3059//77 3046//1708
f 4222//77 4221//77 4208//1708
f 4223//2473 4222//77 4209//1708
f 4224//2474 4223//2473 4210//2464
f 4225//2475 4224//2474 4211//2465
f 4212//2466 4207//2463 4220//2463
f 3064//1723 2954//1337 4116//1337
f 4213//1712 3050//1712 3064//1723
f 4226//1723 4116//1337 4117//2401
f 4214//2467 4213//1712 4226//1723
f 4227//2476 4117//2401 4118//2402
f 4228//2477 4215//2468 4214//2467
f 4228//2477 4118//2402 4119//2403
f 4216//2469 4215//2468 4228//2477
f 4230//2479 4229//2478 4119//2403
f 4231//2480 4217//2470 4216//2469
f 4231//2480 4229//2478 4230//2479
f 4218//2471 4217//2470 4231//2480
f 4233//2482 4219//2472 4218//2471
f 4220//2463 4219//2472 4233//2482
f 4235//77 3073//77 3059//77
f 4236//77 4235//77 4221//77
f 4237//2473 4236//77 4222//77
f 4238//2474 4237//2473 4223//2473
f 4239//2475 4238//2474 4224//2474
f 4225//2475 4220//2463 4234//2463
f 4245//1735 4156//1665 2994//1665
f 4246//2486 4157//2429 4156//1665
f 4247//2487 4158//2430 4157//2429
f 4248//2488 4159//2431 4158//2430
f 4249//2489 4160//2432 4159//2431
f 3976//2291 3896//2243 4160//2432
f 4250//1740 4245//1735 3083//1735
f 4251//2490 4246//2486 4245//1735
f 4252//2491 4247//2487 4246//2486
f 4253//2492 4248//2488 4247//2487
f 4253//2492 4254//2493 4249//2489
f 3977//2292 3976//2291 4249//2489
f 4255//2494 3978//2293 3977//2292
f 4256//2495 3979//589 3978//2293
f 3980//2294 3979//589 4256//2495
f 4258//2496 3981//2295 3980//2294
f 4259//1747 3097//1747 2820//1504
f 4260//1747 4259//1747 3982//1504
f 4261//2497 4260//1747 3983//1504
f 4262//2498 4261//2497 3984//2296
f 3986//2298 4263//2499 4262//2498
f 3986//2298 3981//2295 4258//2496
f 3102//1751 3097//1747 4259//1747
f 4264//1751 4259//1747 4260//1747
f 4265//1751 4260//1747 4261//2497
f 4267//2501 4266//2500 4261//2497
f 4268//2502 4267//2501 4262//2498
f 4250//1740 3088//1740 3107//1755
f 4251//2490 4250//1740 4269//1755
f 4271//2503 4252//2491 4251//2490
f 4253//2492 4252//2491 4271//2503
f 4273//2505 4254//2493 4253//2492
f 4274//1759 4269//1755 3107//1755
f 4275//1759 4270//1755 4269//1755
f 4276//2506 4271//2503 4270//1755
f 4276//2506 4277//2507 4272//2504
f 4277//2507 4278//2508 4273//2505
f 4255//2494 4254//2493 4273//2505
f 4256//2495 4255//2494 4278//2508
f 4280//2510 4257//589 4256//2495
f 4258//2496 4257//589 4280//2510
f 4282//2512 4263//2499 4258//2496
f 4283//1767 3121//1767 3102//1751
f 4284//1767 4283//1767 4264//1751
f 4285//2513 4284//1767 4265//1751
f 4286//2514 4285//2513 4266//2500
f 4268//2502 4287//2515 4286//2514
f 4268//2502 4263//2499 4282//2512
f 4274//1759 3112//1759 3126//1771
f 4275//1759 4274//1759 4288//1771
f 4276//2506 4275//1759 4289//1771
f 4277//2507 4276//2506 4290//2516
f 4292//2518 4278//2508 4277//2507
f 4293//1776 4288//1771 3126//1771
f 4294//2519 4289//1771 4288//1771
f 4294//2519 4295//2520 4290//2516
f 4296//2521 4291//2517 4290//2516
f 4296//2521 4297//2522 4292//2518
f 4279//2509 4278//2508 4292//2518
f 4280//2510 4279//2509 4297//2522
f 4281//2511 4280//2510 4298//2523
f 4300//2524 4282//2512 4281//2511
f 4301//1782 3139//1782 3121//1767
f 4302//1782 4301//1782 4283//1767
f 4303//2525 4302//1782 4284//1767
f 4304//2526 4303//2525 4285//2513
f 4305//2527 4304//2526 4286//2514
f 4287//2515 4282//2512 4300//2524
f 4293//1776 3131//1776 3144//1787
f 4294//2519 4293//1776 4306//1787
f 4295//2520 4294//2519 4307//2528
f 4309//2530 4296//2521 4295//2520
f 4297//2522 4296//2521 4309//2530
f 4298//2523 4297//2522 4310//2531
f 4299//589 4298//2523 4311//2532
f 4300//2524 4299//589 4312//589
f 4314//1793 3152//1793 3139//1782
f 4315//1793 4314//1793 4301//1782
f 4316//2534 4315//1793 4302//1782
f 4317//2535 4316//2534 4303//2525
f 4318//2536 4317//2535 4304//2526
f 4305//2527 4300//2524 4313//2533
f 4306//1787 3144//1787 3157//1798
f 4307//2528 4306//1787 4319//1798
f 4321//2538 4308//2529 4307//2528
f 4322//2539 4309//2530 4308//2529
f 4323//2540 4310//2531 4309//2530
f 4324//2541 4311//2532 4310//2531
f 4312//589 4311//2532 4324//2541
f 4313//2533 4312//589 4325//589
f 4327//1804 3165//1804 3152//1793
f 4328//1804 4327//1804 4314//1793
f 4329//2543 4328//1804 4315//1793
f 4330//2544 4329//2543 4316//2534
f 4331//2545 4330//2544 4317//2535
f 4318//2536 4313//2533 4326//2542
f 3175//1813 3170//1808 4332//1808
f 4319//1798 3157//1798 3175//1813
f 4337//1813 4332//1808 4333//1808
f 4320//2537 4319//1798 4337//1813
f 4338//2549 4333//1808 4334//2546
f 4339//2550 4321//2538 4320//2537
f 4340//2551 4339//2550 4334//2546
f 4340//2551 4322//2539 4321//2538
f 4340//2551 4335//2547 4336//2548
f 4323//2540 4322//2539 4340//2551
f 4342//2553 4324//2541 4323//2540
f 4325//589 4324//2541 4342//2553
f 4326//2542 4325//589 4343//589
f 4345//1819 3183//1819 3165//1804
f 4346//1819 4345//1819 4327//1804
f 4347//2555 4346//1819 4328//1804
f 4330//2544 4348//2556 4347//2555
f 4331//2545 4349//2557 4348//2556
f 4349//2557 4331//2545 4326//2542
f 3193//1827 3188//1823 4350//1823
f 4332//1808 3170//1808 3193//1827
f 4355//1827 4350//1823 4351//1823
f 4333//1808 4332//1808 4355//1827
f 4357//2561 4356//1827 4351//1823
f 4334//2546 4333//1808 4356//1827
f 4357//2561 4352//2558 4353//2559
f 4358//2562 4335//2547 4334//2546
f 4358//2562 4353//2559 4354//2560
f 4336//2548 4335//2547 4358//2562
f 4360//2564 4341//2552 4336//2548
f 4361//2565 4342//2553 4341//2552
f 4343//589 4342//2553 4361//2565
f 4344//2554 4343//589 4362//2566
f 4364//1835 3202//1835 3183//1819
f 4365//1835 4364//1835 4345//1819
f 4366//2568 4365//1835 4346//1819
f 4348//2556 4367//2569 4366//2568
f 4349//2557 4368//2570 4367//2569
f 4368//2570 4349//2557 4344//2554
f 3207//1839 3078//1730 4240//1730
f 4369//1839 4240//1730 4241//1730
f 4370//1839 4241//1730 4242//2483
f 4372//2572 4371//2571 4242//2483
f 4373//2573 4372//2572 4243//2484
f 3212//1843 3207//1839 4369//1839
f 4350//1823 3188//1823 3212//1843
f 4374//1843 4369//1839 4370//1839
f 4351//1823 4350//1823 4374//1843
f 4375//1843 4370//1839 4371//2571
f 4376//2574 4352//2558 4351//1823
f 4377//2575 4376//2574 4371//2571
f 4353//2559 4352//2558 4376//2574
f 4377//2575 4372//2572 4373//2573
f 4354//2560 4353//2559 4377//2575
f 4379//2577 4359//2563 4354//2560
f 4380//2578 4360//2564 4359//2563
f 4361//2565 4360//2564 4380//2578
f 4362//2566 4361//2565 4381//589
f 4363//2567 4362//2566 4382//2579
f 4388//1854 4383//1850 3221//1850
f 4388//1854 3226//1854 3202//1835
f 4389//1854 4384//1850 4383//1850
f 4389//1854 4388//1854 4364//1835
f 4390//2583 4385//2580 4384//1850
f 4390//2583 4389//1854 4365//1835
f 4391//2584 4386//2581 4385//2580
f 4367//2569 4391//2584 4390//2583
f 4392//2585 4387//2582 4386//2581
f 4392//2585 4391//2584 4367//2569
f 4392//2585 4368//2570 4363//2567
f 4393//2586 4095//2383 2259//1081
f 4394//2587 4097//2385 4095//2383
f 4395//2588 4099//2387 4097//2385
f 4100//2388 4099//2387 4395//2588
f 4397//2590 4105//2392 4100//2388
f 4110//2396 4105//2392 4397//2590
f 4115//2400 4110//2396 4398//2591
f 4120//2404 4115//2400 4399//2592
f 4393//2586 2264//25 2269//25
f 4394//2587 4393//2586 4401//587
f 4395//2588 4394//2587 4402//588
f 4396//2589 4395//2588 4403//589
f 4397//2590 4396//2589 4404//589
f 4398//2591 4397//2590 4405//589
f 4399//2592 4398//2591 4406//589
f 4400//2593 4399//2592 4407//589
f 4401//587 2269//25 2274//1082
f 4402//588 4401//587 4409//2594
f 4403//589 4402//588 4410//2595
f 4404//589 4403//589 4411//2596
f 4405//589 4404//589 4412//2596
f 4406//589 4405//589 4413//2596
f 4407//589 4406//589 4414//2596
f 4408//589 4407//589 4415//2596
f 4417//2597 4409//2594 2274//1082
f 4418//2598 4410//2595 4409//2594
f 4411//2596 4410//2595 4418//2598
f 4412//2596 4411//2596 4419//2599
f 4413//2596 4412//2596 4420//2599
f 4414//2596 4413//2596 4421//2599
f 4415//2596 4414//2596 4422//2599
f 4416//2596 4415//2596 4423//2599
f 4425//1871 2280//1052 2209//1052
f 4426//1871 2281//1052 2280//1052
f 4427//1871 2282//1052 2281//1052
f 4428//2600 2283//1052 2282//1052
f 4428//2600 4429//2601 2284//1084
f 4417//2597 2279//1083 2284//1084
f 4430//1874 4425//1871 3263//1871
f 4431//1874 4426//1871 4425//1871
f 4432//1874 4427//1871 4426//1871
f 4433//2602 4428//2600 4427//1871
f 4433//2602 4434//2603 4429//2601
f 4418//2598 4417//2597 4429//2601
f 4435//92 4430//1874 3268//1874
f 4436//92 4431//1874 4430//1874
f 4437//92 4432//1874 4431//1874
f 4438//2604 4433//2602 4432//1874
f 4439//2605 4434//2603 4433//2602
f 4419//2599 4418//2598 4434//2603
f 4440//92 4435//92 3273//92
f 4441//92 4436//92 4435//92
f 4442//92 4437//92 4436//92
f 4443//2604 4438//2604 4437//92
f 4444//2605 4439//2605 4438//2604
f 4420//2599 4419//2599 4439//2605
f 4445//92 4440//92 3278//92
f 4446//92 4441//92 4440//92
f 4447//92 4442//92 4441//92
f 4448//2604 4443//2604 4442//92
f 4449//2605 4444//2605 4443//2604
f 4421//2599 4420//2599 4444//2605
f 4450//92 4445//92 3283//92
f 4451//92 4446//92 4445//92
f 4452//92 4447//92 4446//92
f 4453//2604 4448//2604 4447//92
f 4454//2605 4449//2605 4448//2604
f 4422//2599 4421//2599 4449//2605
f 4455//92 4450//92 3288//92
f 4456//92 4451//92 4450//92
f 4457//92 4452//92 4451//92
f 4458//2604 4453//2604 4452//92
f 4459//2605 4454//2605 4453//2604
f 4423//2599 4422//2599 4454//2605
f 4460//92 4455//92 3293//92
f 4461//92 4456//92 4455//92
f 4462//92 4457//92 4456//92
f 4463//2604 4458//2604 4457//92
f 4464//2605 4459//2605 4458//2604
f 4424//2599 4423//2599 4459//2605
f 4465//2606 4230//2479 4120//2404
f 4466//2607 4232//2481 4230//2479
f 4233//2482 4232//2481 4466//2607
f 4234//2463 4233//2482 4467//589
f 4469//77 3307//77 3073//77
f 4470//77 4469//77 4235//77
f 4471//2473 4470//77 4236//77
f 4472//2474 4471//2473 4237//2473
f 4473//2475 4472//2474 4238//2474
f 4239//2475 4234//2463 4468//2463
f 4240//1730 3078//1730 3312//1881
f 4241//1730 4240//1730 4474//1881
f 4242//2483 4241//1730 4475//1881
f 4243//2484 4242//2483 4476//1881
f 4478//2609 4244//2485 4243//2484
f 4465//2606 4400//2593 4408//589
f 4466//2607 4465//2606 4479//589
f 4467//589 4466//2607 4480//589
f 4468//2463 4467//589 4481//589
f 4483//77 3321//77 3307//77
f 4484//77 4483//77 4469//77
f 4485//2473 4484//77 4470//77
f 4486//2474 4485//2473 4471//2473
f 4487//2475 4486//2474 4472//2474
f 4473//2475 4468//2463 4482//2463
f 4479//589 4408//589 4416//2596
f 4480//589 4479//589 4488//2596
f 4481//589 4480//589 4489//2596
f 4482//2463 4481//589 4490//2596
f 4492//1886 3330//1886 3321//77
f 4493//1886 4492//1886 4483//77
f 4494//2611 4493//1886 4484//77
f 4495//2612 4494//2611 4485//2473
f 4496//2613 4495//2612 4486//2474
f 4487//2475 4482//2463 4491//2610
f 4488//2596 4416//2596 4424//2599
f 4489//2596 4488//2596 4497//2599
f 4490//2596 4489//2596 4498//2599
f 4491//2610 4490//2596 4499//2599
f 4501//1891 3339//1891 3330//1886
f 4502//1891 4501//1891 4492//1886
f 4503//2615 4502//1891 4493//1886
f 4495//2612 4504//2616 4503//2615
f 4496//2613 4505//2617 4504//2616
f 4505//2617 4496//2613 4491//2610
f 4506//92 4460//92 3298//92
f 4507//92 4461//92 4460//92
f 4508//92 4462//92 4461//92
f 4509//2604 4463//2604 4462//92
f 4510//2605 4464//2605 4463//2604
f 4497//2599 4424//2599 4464//2605
f 4511//92 4506//92 3344//92
f 4512//92 4507//92 4506//92
f 4513//92 4508//92 4507//92
f 4514//2604 4509//2604 4508//92
f 4515//2605 4510//2605 4509//2604
f 4498//2599 4497//2599 4510//2605
f 4516//92 4511//92 3349//92
f 4517//92 4512//92 4511//92
f 4518//92 4513//92 4512//92
f 4519//2604 4514//2604 4513//92
f 4520//2605 4515//2605 4514//2604
f 4499//2599 4498//2599 4515//2605
f 4521//1894 4516//92 3354//92
f 4522//1894 4517//92 4516//92
f 4523//1894 4518//92 4517//92
f 4524//2618 4519//2604 4518//92
f 4525//2619 4520//2605 4519//2604
f 4500//2614 4499//2599 4520//2605
f 4526//1898 4521//1894 3359//1894
f 4526//1898 3364//1898 3339//1891
f 4527//1898 4522//1894 4521//1894
f 4527//1898 4526//1898 4501//1891
f 4528//2620 4523//1894 4522//1894
f 4528//2620 4527//1898 4502//1891
f 4529//2621 4524//2618 4523//1894
f 4504//2616 4529//2621 4528//2620
f 4530//2622 4525//2619 4524//2618
f 4530//2622 4529//2621 4504//2616
f 4530//2622 4505//2617 4500//2614
f 4531//1292 4474//1881 3312//1881
f 4532//1292 4475//1881 4474//1881
f 4533//2623 4476//1881 4475//1881
f 4533//2623 4534//2624 4477//2608
f 4534//2624 4535//2625 4478//2609
f 4373//2573 4244//2485 4478//2609
f 4536//2626 4378//2576 4373//2573
f 4379//2577 4378//2576 4536//2626
f 4380//2578 4379//2577 4537//589
f 4381//589 4380//2578 4538//589
f 4382//2579 4381//589 4539//2627
f 4541//1908 3379//1908 3221//1850
f 4542//1908 4541//1908 4383//1850
f 4543//2629 4542//1908 4384//1850
f 4386//2581 4544//2630 4543//2629
f 4545//2631 4544//2630 4386//2581
f 4545//2631 4387//2582 4382//2579
f 4531//1292 3369//1292 3384//1292
f 4532//1292 4531//1292 4546//1292
f 4533//2623 4532//1292 4547//1292
f 4534//2624 4533//2623 4548//2632
f 4535//2625 4534//2624 4549//2633
f 4536//2626 4535//2625 4550//2634
f 4537//589 4536//2626 4551//2635
f 4538//589 4537//589 4552//589
f 4539//2627 4538//589 4553//2636
f 4559//2639 4540//2628 4539//2627
f 4560//1921 4555//1917 3393//1917
f 4560//1921 3398//1921 3379//1908
f 4561//1921 4556//1917 4555//1917
f 4561//1921 4560//1921 4541//1908
f 4562//2640 4557//1917 4556//1917
f 4562//2640 4561//1921 4542//1908
f 4563//2641 4558//2638 4557//1917
f 4544//2630 4563//2641 4562//2640
f 4564//2642 4559//2639 4558//2638
f 4545//2631 4564//2642 4563//2641
f 4564//2642 4545//2631 4540//2628
f 4546//1292 3384//1292 3403//1292
f 4547//1292 4546//1292 4565//1292
f 4548//2632 4547//1292 4566//1292
f 4549//2633 4548//2632 4567//2643
f 4550//2634 4549//2633 4568//2644
f 4551//2635 4550//2634 4569//2645
f 4552//589 4551//2635 4570//2646
f 4553//2636 4552//589 4571//2647
f 4577//1934 4572//1930 3410//1930
f 4578//1934 4573//1930 4572//1930
f 4579//2651 4574//2648 4573//1930
f 4579//2651 4580//2652 4575//2649
f 4581//2653 4576//2650 4575//2649
f 4581//2653 4554//2637 4553//2636
f 4582//1938 4577//1934 3415//1934
f 4582//1938 3420//1938 3393//1917
f 4583//1938 4578//1934 4577//1934
f 4583//1938 4582//1938 4555//1917
f 4584//2654 4579//2651 4578//1934
f 4584//2654 4583//1938 4556//1917
f 4584//2654 4585//2655 4580//2652
f 4585//2655 4584//2654 4557//1917
f 4585//2655 4586//2656 4581//2653
f 4586//2656 4585//2655 4558//2638
f 4586//2656 4559//2639 4554//2637
f 4565//1292 3403//1292 3425//1942
f 4566//1292 4565//1292 4587//1942
f 4567//2643 4566//1292 4588//1942
f 4568//2644 4567//2643 4589//2657
f 4569//2645 4568//2644 4590//2658
f 4570//2646 4569//2645 4591//2659
f 4597//1950 4592//1946 3430//1946
f 4598//1950 4593//1946 4592//1946
f 4599//2663 4594//2660 4593//1946
f 4599//2663 4600//2664 4595//2661
f 4600//2664 4601//2665 4596//2662
f 4601//2665 4571//2647 4570//2646
f 4602//1954 4597//1950 3435//1950
f 4602//1954 3440//1954 3410//1930
f 4603//1954 4598//1950 4597//1950
f 4603//1954 4602//1954 4572//1930
f 4604//2666 4599//2663 4598//1950
f 4604//2666 4603//1954 4573//1930
f 4604//2666 4605//2667 4600//2664
f 4605//2667 4604//2666 4574//2648
f 4606//2668 4601//2665 4600//2664
f 4576//2650 4606//2668 4605//2667
f 4606//2668 4576//2650 4571//2647
f 4587//1942 3425//1942 3445//1958
f 4588//1942 4587//1942 4607//1958
f 4589//2657 4588//1942 4608//1958
f 4590//2658 4589//2657 4609//2669
f 4611//2671 4591//2659 4590//2658
f 4612//1961 4607//1958 3445//1958
f 4612//1961 3450//1961 3430//1946
f 4613//1961 4608//1958 4607//1958
f 4613//1961 4612//1961 4592//1946
f 4614//1961 4609//2669 4608//1958
f 4614//1961 4613//1961 4593//1946
f 4615//2672 4610//2670 4609//2669
f 4615//2672 4614//1961 4594//2660
f 4616//2673 4611//2671 4610//2670
f 4616//2673 4615//2672 4595//2661
f 4616//2673 4596//2662 4591//2659
